connectionTime;disconnectTime;doneChargingTime;kWhDelivered;sessionID;siteID;stationID;spaceID;userID,,,,
Tue, 01 Jan 2019 03:45:49 GMT;Tue, 01 Jan 2019 17:57:23 GMT;Tue, 01 Jan 2019 10:40:45 GMT;43,114;2_39_138_29_2019-01-01 03:45:49.452098;2;2-39-138-29;CA-304;489
Tue, 01 Jan 2019 05:28:34 GMT;Tue, 01 Jan 2019 06:03:12 GMT;Tue, 01 Jan 2019 06:03:06 GMT;3,25;2_39_130_31_2019-01-01 05:28:33.527740;2;2-39-130-31;CA-306;1616
Tue, 01 Jan 2019 17:41:45 GMT;Tue, 01 Jan 2019 18:39:21 GMT;Tue, 01 Jan 2019 18:40:21 GMT;0,9;2_39_138_566_2019-01-01 17:41:44.784919;2;2-39-138-566;CA-512;
Tue, 01 Jan 2019 18:09:17 GMT;Wed, 02 Jan 2019 02:39:32 GMT;Tue, 01 Jan 2019 20:16:10 GMT;12,534;2_39_79_379_2019-01-01 18:09:16.991864;2;2-39-79-379;CA-327;558
Tue, 01 Jan 2019 18:39:25 GMT;Tue, 01 Jan 2019 19:18:49 GMT;Tue, 01 Jan 2019 19:19:47 GMT;0,883;2_39_138_566_2019-01-01 18:39:24.566872;2;2-39-138-566;CA-512;
Tue, 01 Jan 2019 19:18:53 GMT;Tue, 01 Jan 2019 20:14:07 GMT;Tue, 01 Jan 2019 19:59:08 GMT;0,879;2_39_138_566_2019-01-01 19:18:52.843645;2;2-39-138-566;CA-512;
Tue, 01 Jan 2019 21:05:57 GMT;Wed, 02 Jan 2019 02:03:02 GMT;Wed, 02 Jan 2019 01:59:27 GMT;16,136;2_39_79_378_2019-01-01 21:05:56.972890;2;2-39-79-378;CA-326;1135
Tue, 01 Jan 2019 21:08:49 GMT;Tue, 01 Jan 2019 22:52:39 GMT;Tue, 01 Jan 2019 22:17:15 GMT;2,917;2_39_139_28_2019-01-01 21:08:49.264929;2;2-39-139-28;CA-303;838
Tue, 01 Jan 2019 21:10:03 GMT;Wed, 02 Jan 2019 02:03:53 GMT;Wed, 02 Jan 2019 01:18:33 GMT;1,28;2_39_79_377_2019-01-01 21:10:02.892601;2;2-39-79-377;CA-325;
Tue, 01 Jan 2019 22:23:40 GMT;Wed, 02 Jan 2019 00:54:51 GMT;Wed, 02 Jan 2019 00:30:48 GMT;13,273;2_39_125_21_2019-01-01 22:23:40.471724;2;2-39-125-21;CA-311;754
Wed, 02 Jan 2019 13:53:10 GMT;Wed, 02 Jan 2019 22:38:52 GMT;Wed, 02 Jan 2019 19:50:11 GMT;36,608;2_39_127_19_2019-01-02 13:53:10.182304;2;2-39-127-19;CA-309;556
Wed, 02 Jan 2019 15:53:25 GMT;Thu, 03 Jan 2019 00:38:37 GMT;Wed, 02 Jan 2019 19:05:25 GMT;8,855;2_39_79_382_2019-01-02 15:53:25.247434;2;2-39-79-382;CA-491;1001
Wed, 02 Jan 2019 16:12:39 GMT;Thu, 03 Jan 2019 01:06:11 GMT;Wed, 02 Jan 2019 19:10:32 GMT;10,402;2_39_78_361_2019-01-02 16:12:38.806280;2;2-39-78-361;CA-493;1110
Wed, 02 Jan 2019 16:18:36 GMT;Wed, 02 Jan 2019 23:53:56 GMT;Wed, 02 Jan 2019 23:53:52 GMT;46,058;2_39_91_441_2019-01-02 16:18:35.672653;2;2-39-91-441;CA-499;234
Wed, 02 Jan 2019 16:18:56 GMT;Thu, 03 Jan 2019 02:17:39 GMT;Thu, 03 Jan 2019 02:17:34 GMT;39,007;2_39_79_379_2019-01-02 16:18:55.665332;2;2-39-79-379;CA-327;232
Wed, 02 Jan 2019 16:23:56 GMT;Thu, 03 Jan 2019 01:31:57 GMT;Wed, 02 Jan 2019 18:52:14 GMT;13,679;2_39_78_366_2019-01-02 16:23:56.085986;2;2-39-78-366;CA-323;945
Wed, 02 Jan 2019 16:27:57 GMT;Wed, 02 Jan 2019 22:49:17 GMT;Wed, 02 Jan 2019 22:49:13 GMT;39,664;2_39_123_23_2019-01-02 16:27:57.366037;2;2-39-123-23;CA-313;579
Wed, 02 Jan 2019 16:33:50 GMT;Thu, 03 Jan 2019 04:44:42 GMT;Thu, 03 Jan 2019 00:54:53 GMT;16,007;2_39_79_378_2019-01-02 16:33:49.779632;2;2-39-79-378;CA-326;676
Wed, 02 Jan 2019 16:34:34 GMT;Thu, 03 Jan 2019 00:35:04 GMT;Thu, 03 Jan 2019 00:34:56 GMT;28,468;2_39_79_376_2019-01-02 16:34:33.982225;2;2-39-79-376;CA-324;569
Wed, 02 Jan 2019 16:36:32 GMT;Thu, 03 Jan 2019 01:26:45 GMT;Thu, 03 Jan 2019 01:26:33 GMT;30,459;2_39_139_567_2019-01-02 16:36:32.018641;2;2-39-139-567;CA-513;1243
Wed, 02 Jan 2019 16:37:53 GMT;Thu, 03 Jan 2019 01:04:29 GMT;Thu, 03 Jan 2019 00:13:01 GMT;8,201;2_39_131_30_2019-01-02 16:37:52.964126;2;2-39-131-30;CA-305;712
Wed, 02 Jan 2019 16:39:00 GMT;Thu, 03 Jan 2019 01:45:03 GMT;Wed, 02 Jan 2019 17:57:10 GMT;3,399;2_39_139_28_2019-01-02 16:38:59.827073;2;2-39-139-28;CA-303;1481
Wed, 02 Jan 2019 16:57:20 GMT;Wed, 02 Jan 2019 17:44:02 GMT;Wed, 02 Jan 2019 17:45:00 GMT;0,861;2_39_91_437_2019-01-02 16:57:19.876402;2;2-39-91-437;CA-317;
Wed, 02 Jan 2019 17:00:19 GMT;Thu, 03 Jan 2019 01:09:57 GMT;Wed, 02 Jan 2019 19:27:45 GMT;5,787;2_39_130_564_2019-01-02 17:00:19.033308;2;2-39-130-564;CA-510;620
Wed, 02 Jan 2019 17:07:43 GMT;Thu, 03 Jan 2019 02:49:49 GMT;Wed, 02 Jan 2019 18:22:05 GMT;3,897;2_39_89_25_2019-01-02 17:07:42.946454;2;2-39-89-25;CA-315;567
Wed, 02 Jan 2019 17:44:09 GMT;Thu, 03 Jan 2019 01:44:48 GMT;Wed, 02 Jan 2019 19:07:10 GMT;3,952;2_39_91_437_2019-01-02 17:44:09.322050;2;2-39-91-437;CA-317;858
Wed, 02 Jan 2019 17:50:37 GMT;Wed, 02 Jan 2019 20:07:33 GMT;Wed, 02 Jan 2019 20:07:25 GMT;6,123;2_39_79_377_2019-01-02 17:50:37.389194;2;2-39-79-377;CA-325;1272
Wed, 02 Jan 2019 18:05:16 GMT;Wed, 02 Jan 2019 19:27:40 GMT;Wed, 02 Jan 2019 19:27:28 GMT;3,616;2_39_78_365_2019-01-02 18:05:15.648844;2;2-39-78-365;CA-321;1083
Wed, 02 Jan 2019 18:22:02 GMT;Thu, 03 Jan 2019 00:26:08 GMT;Wed, 02 Jan 2019 23:47:58 GMT;6,391;2_39_79_381_2019-01-02 18:22:02.062348;2;2-39-79-381;CA-490;1154
Wed, 02 Jan 2019 18:35:54 GMT;Thu, 03 Jan 2019 00:12:20 GMT;Thu, 03 Jan 2019 00:12:13 GMT;34,835;2_39_95_444_2019-01-02 18:35:53.872924;2;2-39-95-444;CA-497;818
Wed, 02 Jan 2019 18:52:56 GMT;Thu, 03 Jan 2019 01:02:31 GMT;Thu, 03 Jan 2019 01:02:24 GMT;25,631;2_39_79_380_2019-01-02 18:52:56.330038;2;2-39-79-380;CA-489;832
Wed, 02 Jan 2019 19:04:51 GMT;Thu, 03 Jan 2019 01:32:41 GMT;Wed, 02 Jan 2019 20:31:24 GMT;4,003;2_39_95_27_2019-01-02 19:04:51.295367;2;2-39-95-27;CA-319;891
Wed, 02 Jan 2019 19:20:18 GMT;Thu, 03 Jan 2019 10:53:31 GMT;Thu, 03 Jan 2019 01:16:07 GMT;1,985;2_39_79_383_2019-01-02 19:20:17.588317;2;2-39-79-383;CA-492;
Wed, 02 Jan 2019 19:55:12 GMT;Thu, 03 Jan 2019 03:14:11 GMT;Thu, 03 Jan 2019 02:30:57 GMT;16,062;2_39_78_367_2019-01-02 19:55:11.852732;2;2-39-78-367;CA-494;632
Wed, 02 Jan 2019 20:01:24 GMT;Thu, 03 Jan 2019 04:02:06 GMT;Wed, 02 Jan 2019 22:02:22 GMT;5,132;2_39_88_438_2019-01-02 20:01:24.000119;2;2-39-88-438;CA-502;1094
Wed, 02 Jan 2019 20:22:06 GMT;Thu, 03 Jan 2019 03:25:16 GMT;Thu, 03 Jan 2019 00:01:12 GMT;21,416;2_39_90_440_2019-01-02 20:22:05.703810;2;2-39-90-440;CA-500;1104
Wed, 02 Jan 2019 21:26:10 GMT;Thu, 03 Jan 2019 03:09:09 GMT;Wed, 02 Jan 2019 23:22:45 GMT;4,687;2_39_78_365_2019-01-02 21:26:09.923720;2;2-39-78-365;CA-321;1083
Wed, 02 Jan 2019 21:52:58 GMT;Thu, 03 Jan 2019 03:15:32 GMT;Thu, 03 Jan 2019 01:44:50 GMT;10,272;2_39_78_364_2019-01-02 21:52:57.631245;2;2-39-78-364;CA-495;777
Wed, 02 Jan 2019 21:53:56 GMT;Thu, 03 Jan 2019 03:59:10 GMT;Thu, 03 Jan 2019 01:44:39 GMT;12,433;2_39_92_442_2019-01-02 21:53:56.467640;2;2-39-92-442;CA-498;1272
Thu, 03 Jan 2019 00:22:31 GMT;Thu, 03 Jan 2019 00:47:17 GMT;Thu, 03 Jan 2019 00:47:03 GMT;0,685;2_39_138_29_2019-01-03 00:22:30.703412;2;2-39-138-29;CA-304;
Thu, 03 Jan 2019 00:23:47 GMT;Thu, 03 Jan 2019 02:03:39 GMT;Thu, 03 Jan 2019 02:03:36 GMT;9,084;2_39_129_17_2019-01-03 00:23:47.453354;2;2-39-129-17;CA-307;609
Thu, 03 Jan 2019 00:37:01 GMT;Thu, 03 Jan 2019 14:14:12 GMT;Thu, 03 Jan 2019 05:19:02 GMT;15,416;2_39_130_31_2019-01-03 00:37:01.399881;2;2-39-130-31;CA-306;838
Thu, 03 Jan 2019 01:48:12 GMT;Thu, 03 Jan 2019 02:51:27 GMT;Thu, 03 Jan 2019 02:51:22 GMT;3,328;2_39_139_28_2019-01-03 01:48:11.787225;2;2-39-139-28;CA-303;675
Thu, 03 Jan 2019 02:49:07 GMT;Thu, 03 Jan 2019 04:51:44 GMT;Thu, 03 Jan 2019 04:51:40 GMT;11,042;2_39_131_30_2019-01-03 02:49:06.860687;2;2-39-131-30;CA-305;754
Thu, 03 Jan 2019 15:49:45 GMT;Fri, 04 Jan 2019 02:05:21 GMT;Fri, 04 Jan 2019 01:10:49 GMT;6,413;2_39_79_379_2019-01-03 15:49:45.030170;2;2-39-79-379;CA-327;1083
Thu, 03 Jan 2019 15:59:29 GMT;Fri, 04 Jan 2019 00:13:23 GMT;Thu, 03 Jan 2019 22:48:47 GMT;1,15;2_39_79_382_2019-01-03 15:59:29.262880;2;2-39-79-382;CA-491;
Thu, 03 Jan 2019 16:03:16 GMT;Fri, 04 Jan 2019 04:53:10 GMT;Fri, 04 Jan 2019 00:09:40 GMT;1,215;2_39_79_377_2019-01-03 16:03:16.450314;2;2-39-79-377;CA-325;
Thu, 03 Jan 2019 16:10:45 GMT;Fri, 04 Jan 2019 01:10:06 GMT;Thu, 03 Jan 2019 17:35:06 GMT;4,128;2_39_123_23_2019-01-03 16:10:45.035789;2;2-39-123-23;CA-313;858
Thu, 03 Jan 2019 16:20:00 GMT;Fri, 04 Jan 2019 02:33:38 GMT;Thu, 03 Jan 2019 20:59:00 GMT;28,208;2_39_79_380_2019-01-03 16:20:00.197405;2;2-39-79-380;CA-489;232
Thu, 03 Jan 2019 16:20:05 GMT;Fri, 04 Jan 2019 01:01:24 GMT;Fri, 04 Jan 2019 01:01:20 GMT;10,707;2_39_138_29_2019-01-03 16:20:04.905452;2;2-39-138-29;CA-304;1153
Thu, 03 Jan 2019 16:26:30 GMT;Fri, 04 Jan 2019 00:41:55 GMT;Thu, 03 Jan 2019 18:50:44 GMT;13,526;2_39_78_366_2019-01-03 16:26:30.246459;2;2-39-78-366;CA-323;945
Thu, 03 Jan 2019 16:38:58 GMT;Fri, 04 Jan 2019 01:32:36 GMT;Thu, 03 Jan 2019 19:24:25 GMT;9,185;2_39_131_30_2019-01-03 16:38:57.642255;2;2-39-131-30;CA-305;559
Thu, 03 Jan 2019 16:42:04 GMT;Fri, 04 Jan 2019 01:21:58 GMT;Thu, 03 Jan 2019 19:56:59 GMT;19,835;2_39_95_27_2019-01-03 16:42:03.746450;2;2-39-95-27;CA-319;1104
Thu, 03 Jan 2019 16:42:27 GMT;Thu, 03 Jan 2019 21:20:05 GMT;Thu, 03 Jan 2019 19:39:55 GMT;1,071;2_39_88_438_2019-01-03 16:42:27.147686;2;2-39-88-438;CA-502;
Thu, 03 Jan 2019 16:46:35 GMT;Fri, 04 Jan 2019 00:18:11 GMT;Thu, 03 Jan 2019 22:50:41 GMT;37,404;2_39_91_441_2019-01-03 16:46:35.434678;2;2-39-91-441;CA-499;234
Thu, 03 Jan 2019 16:48:36 GMT;Fri, 04 Jan 2019 03:10:38 GMT;Thu, 03 Jan 2019 18:13:27 GMT;6,566;2_39_79_381_2019-01-03 16:48:35.529456;2;2-39-79-381;CA-490;558
Thu, 03 Jan 2019 16:56:36 GMT;Thu, 03 Jan 2019 23:54:46 GMT;Thu, 03 Jan 2019 20:43:58 GMT;21,712;2_39_95_444_2019-01-03 16:56:35.653277;2;2-39-95-444;CA-497;818
Thu, 03 Jan 2019 17:08:09 GMT;Thu, 03 Jan 2019 21:32:06 GMT;Thu, 03 Jan 2019 18:06:08 GMT;2,398;2_39_129_17_2019-01-03 17:08:08.638289;2;2-39-129-17;CA-307;891
Thu, 03 Jan 2019 17:09:41 GMT;Fri, 04 Jan 2019 02:42:39 GMT;Fri, 04 Jan 2019 02:42:27 GMT;6,64;2_39_89_25_2019-01-03 17:09:40.548528;2;2-39-89-25;CA-315;567
Thu, 03 Jan 2019 17:18:36 GMT;Thu, 03 Jan 2019 22:02:19 GMT;Thu, 03 Jan 2019 19:16:52 GMT;4,06;2_39_138_566_2019-01-03 17:18:36.077712;2;2-39-138-566;CA-512;620
Thu, 03 Jan 2019 18:02:53 GMT;Fri, 04 Jan 2019 00:46:29 GMT;Thu, 03 Jan 2019 20:28:51 GMT;7,461;2_39_79_383_2019-01-03 18:02:52.880710;2;2-39-79-383;CA-492;1154
Thu, 03 Jan 2019 18:46:45 GMT;Thu, 03 Jan 2019 21:17:13 GMT;Thu, 03 Jan 2019 21:17:09 GMT;8,504;2_39_79_378_2019-01-03 18:46:44.843174;2;2-39-79-378;CA-326;1135
Thu, 03 Jan 2019 18:52:46 GMT;Fri, 04 Jan 2019 01:08:42 GMT;Thu, 03 Jan 2019 20:30:17 GMT;4,756;2_39_89_439_2019-01-03 18:52:46.457926;2;2-39-89-439;CA-501;743
Thu, 03 Jan 2019 20:38:02 GMT;Fri, 04 Jan 2019 01:06:22 GMT;Thu, 03 Jan 2019 22:24:14 GMT;6,077;2_39_78_365_2019-01-03 20:38:02.489248;2;2-39-78-365;CA-321;1091
Thu, 03 Jan 2019 20:46:40 GMT;Thu, 03 Jan 2019 23:29:48 GMT;Thu, 03 Jan 2019 23:28:02 GMT;16,888;2_39_92_436_2019-01-03 20:46:39.695133;2;2-39-92-436;CA-318;1208
Thu, 03 Jan 2019 20:52:15 GMT;Fri, 04 Jan 2019 02:05:45 GMT;Thu, 03 Jan 2019 21:57:42 GMT;5,892;2_39_78_364_2019-01-03 20:52:15.328486;2;2-39-78-364;CA-495;431
Thu, 03 Jan 2019 21:19:29 GMT;Thu, 03 Jan 2019 21:53:26 GMT;Thu, 03 Jan 2019 21:54:25 GMT;0,879;2_39_128_18_2019-01-03 21:19:29.211622;2;2-39-128-18;CA-308;
Thu, 03 Jan 2019 21:30:16 GMT;Fri, 04 Jan 2019 03:12:03 GMT;Thu, 03 Jan 2019 23:39:19 GMT;6,829;2_39_90_26_2019-01-03 21:30:15.887776;2;2-39-90-26;CA-316;1124
Thu, 03 Jan 2019 21:41:19 GMT;Fri, 04 Jan 2019 01:09:12 GMT;Thu, 03 Jan 2019 23:10:46 GMT;9,192;2_39_79_378_2019-01-03 21:41:19.357309;2;2-39-79-378;CA-326;714
Thu, 03 Jan 2019 21:53:50 GMT;Thu, 03 Jan 2019 23:38:35 GMT;Thu, 03 Jan 2019 22:20:04 GMT;0,786;2_39_128_18_2019-01-03 21:53:49.659556;2;2-39-128-18;CA-308;
Thu, 03 Jan 2019 22:06:20 GMT;Thu, 03 Jan 2019 22:32:24 GMT;Thu, 03 Jan 2019 22:32:20 GMT;2,755;2_39_129_17_2019-01-03 22:06:19.718617;2;2-39-129-17;CA-307;1133
Thu, 03 Jan 2019 23:09:36 GMT;Fri, 04 Jan 2019 12:23:46 GMT;Fri, 04 Jan 2019 00:17:08 GMT;2,319;2_39_78_367_2019-01-03 23:09:35.862444;2;2-39-78-367;CA-494;1082
Thu, 03 Jan 2019 23:25:14 GMT;Fri, 04 Jan 2019 17:59:03 GMT;Fri, 04 Jan 2019 14:00:16 GMT;39,328;2_39_129_17_2019-01-03 23:25:13.852731;2;2-39-129-17;CA-307;1133
Fri, 04 Jan 2019 00:16:32 GMT;Fri, 04 Jan 2019 14:36:17 GMT;Fri, 04 Jan 2019 04:58:14 GMT;15,57;2_39_127_19_2019-01-04 00:16:32.425740;2;2-39-127-19;CA-309;838
Fri, 04 Jan 2019 01:20:34 GMT;Fri, 04 Jan 2019 16:21:06 GMT;Fri, 04 Jan 2019 05:41:30 GMT;14,399;2_39_130_31_2019-01-04 01:20:34.462567;2;2-39-130-31;CA-306;1152
Fri, 04 Jan 2019 03:40:21 GMT;Fri, 04 Jan 2019 15:05:15 GMT;Fri, 04 Jan 2019 05:58:00 GMT;13,391;2_39_125_21_2019-01-04 03:40:21.315553;2;2-39-125-21;CA-311;754
Fri, 04 Jan 2019 13:57:31 GMT;Fri, 04 Jan 2019 19:24:17 GMT;Fri, 04 Jan 2019 19:23:59 GMT;34,258;2_39_123_23_2019-01-04 13:57:31.140098;2;2-39-123-23;CA-313;556
Fri, 04 Jan 2019 15:49:59 GMT;Sat, 05 Jan 2019 08:58:41 GMT;Fri, 04 Jan 2019 17:21:45 GMT;4,741;2_39_79_381_2019-01-04 15:49:59.018592;2;2-39-79-381;CA-490;632
Fri, 04 Jan 2019 15:52:26 GMT;Sat, 05 Jan 2019 01:27:13 GMT;Sat, 05 Jan 2019 00:32:17 GMT;34,078;2_39_78_366_2019-01-04 15:52:26.135240;2;2-39-78-366;CA-323;569
Fri, 04 Jan 2019 16:11:09 GMT;Sat, 05 Jan 2019 02:31:01 GMT;Fri, 04 Jan 2019 22:06:11 GMT;15,942;2_39_79_379_2019-01-04 16:11:08.677111;2;2-39-79-379;CA-327;676
Fri, 04 Jan 2019 16:14:48 GMT;Sat, 05 Jan 2019 01:22:54 GMT;Fri, 04 Jan 2019 18:24:07 GMT;11,369;2_39_138_29_2019-01-04 16:14:47.577728;2;2-39-138-29;CA-304;1153
Fri, 04 Jan 2019 16:15:17 GMT;Sat, 05 Jan 2019 00:32:30 GMT;Fri, 04 Jan 2019 17:45:07 GMT;8,574;2_39_95_444_2019-01-04 16:15:17.272653;2;2-39-95-444;CA-497;234
Fri, 04 Jan 2019 16:35:02 GMT;Sat, 05 Jan 2019 01:33:43 GMT;Sat, 05 Jan 2019 00:55:45 GMT;1,13;2_39_79_380_2019-01-04 16:35:02.002770;2;2-39-79-380;CA-489;
Fri, 04 Jan 2019 16:36:48 GMT;Sat, 05 Jan 2019 00:44:12 GMT;Fri, 04 Jan 2019 21:16:03 GMT;15,655;2_39_127_19_2019-01-04 16:36:48.444659;2;2-39-127-19;CA-309;712
Fri, 04 Jan 2019 16:37:04 GMT;Fri, 04 Jan 2019 21:03:59 GMT;Fri, 04 Jan 2019 17:07:24 GMT;0,845;2_39_88_438_2019-01-04 16:37:03.676575;2;2-39-88-438;CA-502;
Fri, 04 Jan 2019 16:47:03 GMT;Fri, 04 Jan 2019 19:51:05 GMT;Fri, 04 Jan 2019 19:50:49 GMT;18,535;2_39_95_27_2019-01-04 16:47:03.244127;2;2-39-95-27;CA-319;273
Fri, 04 Jan 2019 17:06:48 GMT;Sat, 05 Jan 2019 01:19:59 GMT;Fri, 04 Jan 2019 19:14:56 GMT;6,371;2_39_131_30_2019-01-04 17:06:48.135023;2;2-39-131-30;CA-305;559
Fri, 04 Jan 2019 17:35:00 GMT;Sat, 05 Jan 2019 01:56:56 GMT;Sat, 05 Jan 2019 01:37:00 GMT;1,456;2_39_90_26_2019-01-04 17:35:00.117359;2;2-39-90-26;CA-316;
Fri, 04 Jan 2019 17:35:44 GMT;Sat, 05 Jan 2019 00:36:43 GMT;Fri, 04 Jan 2019 22:45:19 GMT;14,257;2_39_79_377_2019-01-04 17:35:43.612240;2;2-39-79-377;CA-325;832
Fri, 04 Jan 2019 17:40:43 GMT;Sat, 05 Jan 2019 01:22:18 GMT;Fri, 04 Jan 2019 19:40:50 GMT;5,864;2_39_125_21_2019-01-04 17:40:42.635292;2;2-39-125-21;CA-311;858
Fri, 04 Jan 2019 17:45:36 GMT;Sat, 05 Jan 2019 01:17:09 GMT;Fri, 04 Jan 2019 19:30:09 GMT;4,957;2_39_89_25_2019-01-04 17:45:35.513948;2;2-39-89-25;CA-315;743
Fri, 04 Jan 2019 17:54:09 GMT;Sat, 05 Jan 2019 01:44:56 GMT;Sat, 05 Jan 2019 01:09:27 GMT;1,175;2_39_79_382_2019-01-04 17:54:08.537764;2;2-39-79-382;CA-491;
Fri, 04 Jan 2019 17:57:37 GMT;Fri, 04 Jan 2019 21:43:56 GMT;Fri, 04 Jan 2019 21:43:52 GMT;12,578;2_39_79_378_2019-01-04 17:57:36.702580;2;2-39-79-378;CA-326;1135
Fri, 04 Jan 2019 18:02:37 GMT;Sat, 05 Jan 2019 01:56:09 GMT;Fri, 04 Jan 2019 18:56:47 GMT;3,229;2_39_91_437_2019-01-04 18:02:36.648940;2;2-39-91-437;CA-317;1126
Fri, 04 Jan 2019 18:14:32 GMT;Sat, 05 Jan 2019 03:14:03 GMT;Fri, 04 Jan 2019 22:09:06 GMT;13,332;2_39_79_376_2019-01-04 18:14:31.721163;2;2-39-79-376;CA-324;558
Fri, 04 Jan 2019 18:46:16 GMT;Sat, 05 Jan 2019 01:13:14 GMT;Fri, 04 Jan 2019 20:53:28 GMT;7,814;2_39_79_383_2019-01-04 18:46:15.864324;2;2-39-79-383;CA-492;714
Fri, 04 Jan 2019 18:46:18 GMT;Sat, 05 Jan 2019 03:46:39 GMT;Fri, 04 Jan 2019 20:24:03 GMT;5,459;2_39_78_365_2019-01-04 18:46:17.526364;2;2-39-78-365;CA-321;1091
Fri, 04 Jan 2019 19:15:42 GMT;Sat, 05 Jan 2019 03:03:25 GMT;Sat, 05 Jan 2019 02:56:42 GMT;6,811;2_39_78_367_2019-01-04 19:15:41.822385;2;2-39-78-367;CA-494;567
Fri, 04 Jan 2019 19:40:44 GMT;Fri, 04 Jan 2019 20:54:38 GMT;Fri, 04 Jan 2019 20:54:33 GMT;8,31;2_39_124_22_2019-01-04 19:40:44.190316;2;2-39-124-22;CA-312;313
Fri, 04 Jan 2019 21:01:37 GMT;Fri, 04 Jan 2019 21:48:31 GMT;Fri, 04 Jan 2019 21:44:14 GMT;0,864;2_39_139_28_2019-01-04 21:01:36.812785;2;2-39-139-28;CA-303;
Fri, 04 Jan 2019 21:16:50 GMT;Sat, 05 Jan 2019 01:05:11 GMT;Fri, 04 Jan 2019 23:58:00 GMT;6,248;2_39_78_363_2019-01-04 21:16:49.838192;2;2-39-78-363;CA-320;1083
Fri, 04 Jan 2019 21:33:43 GMT;Sat, 05 Jan 2019 00:58:45 GMT;Sat, 05 Jan 2019 00:58:32 GMT;22,567;2_39_78_364_2019-01-04 21:33:42.635831;2;2-39-78-364;CA-495;273
Fri, 04 Jan 2019 21:39:51 GMT;Sat, 05 Jan 2019 02:14:51 GMT;Fri, 04 Jan 2019 23:43:46 GMT;6,692;2_39_95_27_2019-01-04 21:39:50.663929;2;2-39-95-27;CA-319;1124
Fri, 04 Jan 2019 22:01:39 GMT;Sat, 05 Jan 2019 00:10:10 GMT;Sat, 05 Jan 2019 00:08:59 GMT;6,045;2_39_130_31_2019-01-04 22:01:38.589683;2;2-39-130-31;CA-306;609
Sat, 05 Jan 2019 06:38:53 GMT;Sat, 05 Jan 2019 20:31:06 GMT;Sat, 05 Jan 2019 13:03:02 GMT;39,76;2_39_89_25_2019-01-05 06:38:52.714347;2;2-39-89-25;CA-315;292
Sat, 05 Jan 2019 08:05:17 GMT;Sat, 05 Jan 2019 08:45:37 GMT;Sat, 05 Jan 2019 08:43:42 GMT;3,146;2_39_139_28_2019-01-05 08:05:17.464457;2;2-39-139-28;CA-303;67
Sat, 05 Jan 2019 15:51:36 GMT;Sat, 05 Jan 2019 17:34:35 GMT;Sat, 05 Jan 2019 17:34:32 GMT;7,808;2_39_139_28_2019-01-05 15:51:36.017459;2;2-39-139-28;CA-303;675
Sat, 05 Jan 2019 16:00:45 GMT;Sat, 05 Jan 2019 23:11:16 GMT;Sat, 05 Jan 2019 23:11:11 GMT;5,121;2_39_79_379_2019-01-05 16:00:44.984489;2;2-39-79-379;CA-327;1083
Sat, 05 Jan 2019 17:26:48 GMT;Sat, 05 Jan 2019 19:16:48 GMT;Sat, 05 Jan 2019 18:24:19 GMT;0,845;2_39_125_21_2019-01-05 17:26:48.040576;2;2-39-125-21;CA-311;
Sat, 05 Jan 2019 18:13:42 GMT;Sat, 05 Jan 2019 20:10:21 GMT;Sat, 05 Jan 2019 19:52:09 GMT;4,504;2_39_91_437_2019-01-05 18:13:42.492305;2;2-39-91-437;CA-317;743
Sat, 05 Jan 2019 18:20:28 GMT;Sat, 05 Jan 2019 20:12:15 GMT;Sat, 05 Jan 2019 19:32:17 GMT;2,981;2_39_138_29_2019-01-05 18:20:28.266831;2;2-39-138-29;CA-304;891
Sat, 05 Jan 2019 18:36:04 GMT;Sat, 05 Jan 2019 19:23:29 GMT;Sat, 05 Jan 2019 19:23:22 GMT;2,308;2_39_131_30_2019-01-05 18:36:03.526833;2;2-39-131-30;CA-305;365
Sat, 05 Jan 2019 18:54:43 GMT;Sat, 05 Jan 2019 20:29:33 GMT;Sat, 05 Jan 2019 20:08:12 GMT;5,451;2_39_139_28_2019-01-05 18:54:42.549920;2;2-39-139-28;CA-303;1133
Sat, 05 Jan 2019 19:25:45 GMT;Sat, 05 Jan 2019 22:23:11 GMT;Sat, 05 Jan 2019 22:23:07 GMT;9,245;2_39_83_386_2019-01-05 19:25:44.927488;2;2-39-83-386;CA-212;777
Sat, 05 Jan 2019 19:37:49 GMT;Sun, 06 Jan 2019 00:20:09 GMT;Sun, 06 Jan 2019 00:16:44 GMT;15,672;2_39_131_30_2019-01-05 19:37:49.307057;2;2-39-131-30;CA-305;838
Sat, 05 Jan 2019 20:35:47 GMT;Sat, 05 Jan 2019 22:14:44 GMT;Sat, 05 Jan 2019 21:28:17 GMT;5,29;2_39_139_28_2019-01-05 20:35:47.242130;2;2-39-139-28;CA-303;609
Sat, 05 Jan 2019 20:43:26 GMT;Sat, 05 Jan 2019 22:07:45 GMT;Sat, 05 Jan 2019 22:07:41 GMT;4,233;2_39_138_29_2019-01-05 20:43:25.597843;2;2-39-138-29;CA-304;1161
Sun, 06 Jan 2019 00:48:57 GMT;Sun, 06 Jan 2019 02:49:28 GMT;Sun, 06 Jan 2019 01:51:32 GMT;2,485;2_39_129_17_2019-01-06 00:48:56.829773;2;2-39-129-17;CA-307;1366
Sun, 06 Jan 2019 01:17:45 GMT;Sun, 06 Jan 2019 01:49:28 GMT;Sun, 06 Jan 2019 01:49:24 GMT;2,831;2_39_139_28_2019-01-06 01:17:44.814975;2;2-39-139-28;CA-303;1309
Sun, 06 Jan 2019 02:21:12 GMT;Sun, 06 Jan 2019 18:09:10 GMT;Sun, 06 Jan 2019 07:16:49 GMT;16,19;2_39_79_378_2019-01-06 02:21:12.017672;2;2-39-79-378;CA-326;1135
Sun, 06 Jan 2019 02:26:38 GMT;Sun, 06 Jan 2019 04:11:12 GMT;Sun, 06 Jan 2019 04:11:07 GMT;5,88;2_39_139_28_2019-01-06 02:26:38.381315;2;2-39-139-28;CA-303;781
Sun, 06 Jan 2019 16:58:35 GMT;Sun, 06 Jan 2019 19:59:05 GMT;Sun, 06 Jan 2019 19:36:59 GMT;2,902;2_39_79_379_2019-01-06 16:58:35.361454;2;2-39-79-379;CA-327;
Sun, 06 Jan 2019 17:56:46 GMT;Sun, 06 Jan 2019 20:02:44 GMT;Sun, 06 Jan 2019 20:01:21 GMT;12,372;2_39_139_28_2019-01-06 17:56:46.089550;2;2-39-139-28;CA-303;248
Sun, 06 Jan 2019 18:11:42 GMT;Sun, 06 Jan 2019 19:25:32 GMT;Sun, 06 Jan 2019 19:25:27 GMT;3,985;2_39_89_25_2019-01-06 18:11:42.318549;2;2-39-89-25;CA-315;743
Sun, 06 Jan 2019 20:06:29 GMT;Mon, 07 Jan 2019 01:45:11 GMT;Mon, 07 Jan 2019 01:17:55 GMT;12,244;2_39_79_380_2019-01-06 20:06:29.177954;2;2-39-79-380;CA-489;1142
Sun, 06 Jan 2019 20:11:28 GMT;Sun, 06 Jan 2019 20:36:20 GMT;Sun, 06 Jan 2019 20:36:14 GMT;2,59;2_39_139_28_2019-01-06 20:11:28.392115;2;2-39-139-28;CA-303;1133
Sun, 06 Jan 2019 20:41:26 GMT;Sun, 06 Jan 2019 21:59:55 GMT;Sun, 06 Jan 2019 21:59:50 GMT;4,027;2_39_139_28_2019-01-06 20:41:25.648191;2;2-39-139-28;CA-303;1161
Sun, 06 Jan 2019 20:42:33 GMT;Sun, 06 Jan 2019 23:03:32 GMT;Sun, 06 Jan 2019 23:03:27 GMT;15,11;2_39_79_382_2019-01-06 20:42:32.560960;2;2-39-79-382;CA-491;1039
Sun, 06 Jan 2019 20:46:47 GMT;Sun, 06 Jan 2019 22:32:12 GMT;Sun, 06 Jan 2019 21:30:00 GMT;4,54;2_39_130_31_2019-01-06 20:46:46.864177;2;2-39-130-31;CA-306;609
Sun, 06 Jan 2019 21:05:56 GMT;Mon, 07 Jan 2019 01:50:51 GMT;Sun, 06 Jan 2019 22:13:03 GMT;3,271;2_39_79_379_2019-01-06 21:05:56.013305;2;2-39-79-379;CA-327;1083
Sun, 06 Jan 2019 22:04:03 GMT;Sun, 06 Jan 2019 22:54:14 GMT;Sun, 06 Jan 2019 22:54:09 GMT;3,753;2_39_139_28_2019-01-06 22:04:02.916180;2;2-39-139-28;CA-303;1309
Sun, 06 Jan 2019 23:04:59 GMT;Mon, 07 Jan 2019 04:35:55 GMT;Mon, 07 Jan 2019 01:18:26 GMT;13,348;2_39_125_21_2019-01-06 23:04:59.148776;2;2-39-125-21;CA-311;754
Sun, 06 Jan 2019 23:18:28 GMT;Mon, 07 Jan 2019 00:55:52 GMT;Mon, 07 Jan 2019 00:55:48 GMT;9,501;2_39_131_30_2019-01-06 23:18:28.240043;2;2-39-131-30;CA-305;637
Mon, 07 Jan 2019 00:40:14 GMT;Mon, 07 Jan 2019 16:08:24 GMT;Mon, 07 Jan 2019 09:35:18 GMT;56,728;2_39_139_28_2019-01-07 00:40:13.710715;2;2-39-139-28;CA-303;160
Mon, 07 Jan 2019 03:44:35 GMT;Mon, 07 Jan 2019 16:29:23 GMT;Mon, 07 Jan 2019 09:33:08 GMT;36,285;2_39_79_380_2019-01-07 03:44:35.495065;2;2-39-79-380;CA-489;1286
Mon, 07 Jan 2019 13:51:00 GMT;Mon, 07 Jan 2019 22:41:37 GMT;Mon, 07 Jan 2019 22:41:32 GMT;49,663;2_39_127_19_2019-01-07 13:50:59.641869;2;2-39-127-19;CA-309;556
Mon, 07 Jan 2019 14:05:12 GMT;Mon, 07 Jan 2019 15:32:49 GMT;Mon, 07 Jan 2019 15:32:48 GMT;4,86;2_39_89_25_2019-01-07 14:05:12.217769;2;2-39-89-25;CA-315;743
Mon, 07 Jan 2019 15:15:40 GMT;Tue, 08 Jan 2019 00:28:53 GMT;Tue, 08 Jan 2019 00:28:46 GMT;39,14;2_39_78_365_2019-01-07 15:15:40.248727;2;2-39-78-365;CA-321;569
Mon, 07 Jan 2019 15:54:24 GMT;Mon, 07 Jan 2019 22:35:55 GMT;Mon, 07 Jan 2019 17:19:54 GMT;3,9;2_39_123_23_2019-01-07 15:54:23.598488;2;2-39-123-23;CA-313;858
Mon, 07 Jan 2019 16:00:13 GMT;Tue, 08 Jan 2019 00:39:34 GMT;Mon, 07 Jan 2019 21:53:43 GMT;24,094;2_39_95_444_2019-01-07 16:00:12.659040;2;2-39-95-444;CA-497;234
Mon, 07 Jan 2019 16:06:24 GMT;Tue, 08 Jan 2019 00:37:34 GMT;Mon, 07 Jan 2019 21:05:53 GMT;25,689;2_39_88_438_2019-01-07 16:06:23.670058;2;2-39-88-438;CA-502;1122
Mon, 07 Jan 2019 16:14:30 GMT;Tue, 08 Jan 2019 01:13:52 GMT;Tue, 08 Jan 2019 01:13:49 GMT;6,658;2_39_139_28_2019-01-07 16:14:29.925446;2;2-39-139-28;CA-303;1153
Mon, 07 Jan 2019 16:18:00 GMT;Tue, 08 Jan 2019 00:13:54 GMT;Mon, 07 Jan 2019 22:33:33 GMT;13,601;2_39_79_377_2019-01-07 16:17:59.681519;2;2-39-79-377;CA-325;1120
Mon, 07 Jan 2019 16:25:56 GMT;Tue, 08 Jan 2019 02:20:49 GMT;Mon, 07 Jan 2019 18:59:10 GMT;13,508;2_39_95_27_2019-01-07 16:25:56.121567;2;2-39-95-27;CA-319;945
Mon, 07 Jan 2019 16:27:31 GMT;Tue, 08 Jan 2019 00:35:35 GMT;Tue, 08 Jan 2019 00:35:34 GMT;41;2_39_92_442_2019-01-07 16:27:30.838965;2;2-39-92-442;CA-498;818,
Mon, 07 Jan 2019 16:28:25 GMT;Mon, 07 Jan 2019 23:24:07 GMT;Mon, 07 Jan 2019 23:22:51 GMT;14,307;2_39_79_379_2019-01-07 16:28:24.626512;2;2-39-79-379;CA-327;1470
Mon, 07 Jan 2019 16:30:47 GMT;Tue, 08 Jan 2019 01:31:37 GMT;Mon, 07 Jan 2019 19:24:52 GMT;10,661;2_39_138_29_2019-01-07 16:30:47.221398;2;2-39-138-29;CA-304;559
Mon, 07 Jan 2019 16:31:18 GMT;Tue, 08 Jan 2019 00:44:38 GMT;Tue, 08 Jan 2019 00:44:32 GMT;41,736;2_39_129_17_2019-01-07 16:31:18.133044;2;2-39-129-17;CA-307;734
Mon, 07 Jan 2019 16:34:25 GMT;Mon, 07 Jan 2019 22:00:17 GMT;Mon, 07 Jan 2019 22:00:09 GMT;21,616;2_39_79_380_2019-01-07 16:34:24.552497;2;2-39-79-380;CA-489;1154
Mon, 07 Jan 2019 16:37:58 GMT;Mon, 07 Jan 2019 21:12:03 GMT;Mon, 07 Jan 2019 21:10:04 GMT;13,968;2_39_131_30_2019-01-07 16:37:58.016519;2;2-39-131-30;CA-305;712
Mon, 07 Jan 2019 16:42:45 GMT;Mon, 07 Jan 2019 17:55:59 GMT;Mon, 07 Jan 2019 17:56:58 GMT;1,007;2_39_79_378_2019-01-07 16:42:45.356586;2;2-39-79-378;CA-326;
Mon, 07 Jan 2019 16:57:29 GMT;Tue, 08 Jan 2019 03:03:30 GMT;Tue, 08 Jan 2019 03:03:21 GMT;43,204;2_39_79_383_2019-01-07 16:57:28.977434;2;2-39-79-383;CA-492;1208
Mon, 07 Jan 2019 17:00:25 GMT;Mon, 07 Jan 2019 21:37:19 GMT;Mon, 07 Jan 2019 21:35:50 GMT;2,61;2_39_90_440_2019-01-07 17:00:25.450944;2;2-39-90-440;CA-500;
Mon, 07 Jan 2019 17:15:17 GMT;Tue, 08 Jan 2019 01:35:49 GMT;Mon, 07 Jan 2019 19:51:38 GMT;5,36;2_39_89_25_2019-01-07 17:15:16.680788;2;2-39-89-25;CA-315;743
Mon, 07 Jan 2019 17:21:19 GMT;Tue, 08 Jan 2019 01:33:00 GMT;Mon, 07 Jan 2019 22:58:46 GMT;25,614;2_39_92_436_2019-01-07 17:21:19.465064;2;2-39-92-436;CA-318;579
Mon, 07 Jan 2019 17:47:45 GMT;Tue, 08 Jan 2019 03:25:05 GMT;Tue, 08 Jan 2019 03:09:00 GMT;16,153;2_39_78_367_2019-01-07 17:47:45.387773;2;2-39-78-367;CA-494;632
Mon, 07 Jan 2019 18:10:24 GMT;Tue, 08 Jan 2019 00:27:35 GMT;Mon, 07 Jan 2019 19:56:59 GMT;8,204;2_39_125_21_2019-01-07 18:10:23.686280;2;2-39-125-21;CA-311;1095
Mon, 07 Jan 2019 18:19:59 GMT;Tue, 08 Jan 2019 01:37:31 GMT;Mon, 07 Jan 2019 21:44:14 GMT;15,153;2_39_128_562_2019-01-07 18:19:58.889585;2;2-39-128-562;CA-508;69
Mon, 07 Jan 2019 18:28:28 GMT;Tue, 08 Jan 2019 01:51:07 GMT;Mon, 07 Jan 2019 21:06:55 GMT;4,404;2_39_78_366_2019-01-07 18:28:27.913006;2;2-39-78-366;CA-323;891
Mon, 07 Jan 2019 18:55:41 GMT;Tue, 08 Jan 2019 03:42:06 GMT;Tue, 08 Jan 2019 03:42:03 GMT;10,325;2_39_79_378_2019-01-07 18:55:41.347675;2;2-39-79-378;CA-326;1649
Mon, 07 Jan 2019 19:33:23 GMT;Tue, 08 Jan 2019 02:17:14 GMT;Tue, 08 Jan 2019 02:17:10 GMT;8,419;2_39_78_361_2019-01-07 19:33:22.760713;2;2-39-78-361;CA-493;714
Mon, 07 Jan 2019 19:52:52 GMT;Tue, 08 Jan 2019 01:41:44 GMT;Tue, 08 Jan 2019 00:09:25 GMT;20,935;2_39_91_441_2019-01-07 19:52:52.102209;2;2-39-91-441;CA-499;1104
Mon, 07 Jan 2019 20:03:18 GMT;Tue, 08 Jan 2019 02:06:45 GMT;Mon, 07 Jan 2019 22:29:37 GMT;6,53;2_39_90_26_2019-01-07 20:03:18.208621;2;2-39-90-26;CA-316;1124
Mon, 07 Jan 2019 21:34:58 GMT;Tue, 08 Jan 2019 01:19:32 GMT;Mon, 07 Jan 2019 22:53:03 GMT;2,459;2_39_79_376_2019-01-07 21:34:57.961055;2;2-39-79-376;CA-324;1007
Mon, 07 Jan 2019 21:46:29 GMT;Tue, 08 Jan 2019 00:11:50 GMT;Mon, 07 Jan 2019 22:43:06 GMT;4,484;2_39_128_18_2019-01-07 21:46:28.850134;2;2-39-128-18;CA-308;609
Mon, 07 Jan 2019 21:52:04 GMT;Tue, 08 Jan 2019 03:08:56 GMT;Tue, 08 Jan 2019 02:01:56 GMT;10,677;2_39_131_30_2019-01-07 21:52:04.229188;2;2-39-131-30;CA-305;777
Mon, 07 Jan 2019 22:26:49 GMT;Tue, 08 Jan 2019 01:31:22 GMT;Tue, 08 Jan 2019 01:31:13 GMT;5,742;2_39_78_360_2019-01-07 22:26:48.771620;2;2-39-78-360;CA-322;1083
Mon, 07 Jan 2019 23:31:28 GMT;Tue, 08 Jan 2019 00:03:51 GMT;Tue, 08 Jan 2019 00:03:46 GMT;2,754;2_39_127_19_2019-01-07 23:31:27.973382;2;2-39-127-19;CA-309;1309
Mon, 07 Jan 2019 23:35:25 GMT;Tue, 08 Jan 2019 05:26:04 GMT;Tue, 08 Jan 2019 05:25:55 GMT;16,426;2_39_78_363_2019-01-07 23:35:24.653618;2;2-39-78-363;CA-320;676
Tue, 08 Jan 2019 00:39:58 GMT;Tue, 08 Jan 2019 01:56:48 GMT;Tue, 08 Jan 2019 01:56:44 GMT;3,845;2_39_127_19_2019-01-08 00:39:58.033145;2;2-39-127-19;CA-309;774
Tue, 08 Jan 2019 01:23:26 GMT;Tue, 08 Jan 2019 02:35:17 GMT;Tue, 08 Jan 2019 02:30:48 GMT;0,939;2_39_139_28_2019-01-08 01:23:26.254818;2;2-39-139-28;CA-303;
Tue, 08 Jan 2019 02:22:07 GMT;Tue, 08 Jan 2019 14:07:00 GMT;Tue, 08 Jan 2019 06:55:21 GMT;15,651;2_39_129_17_2019-01-08 02:22:06.714228;2;2-39-129-17;CA-307;838
Tue, 08 Jan 2019 02:47:54 GMT;Tue, 08 Jan 2019 04:44:49 GMT;Tue, 08 Jan 2019 03:47:17 GMT;4,069;2_39_139_28_2019-01-08 02:47:53.787887;2;2-39-139-28;CA-303;675
Tue, 08 Jan 2019 13:46:16 GMT;Tue, 08 Jan 2019 22:52:39 GMT;Tue, 08 Jan 2019 18:30:31 GMT;26,699;2_39_127_19_2019-01-08 13:46:16.156198;2;2-39-127-19;CA-309;556
Tue, 08 Jan 2019 15:08:07 GMT;Wed, 09 Jan 2019 01:11:38 GMT;Tue, 08 Jan 2019 18:31:35 GMT;14,618;2_39_78_365_2019-01-08 15:08:06.978462;2;2-39-78-365;CA-321;569
Tue, 08 Jan 2019 15:18:16 GMT;Wed, 09 Jan 2019 05:50:28 GMT;Wed, 09 Jan 2019 05:50:24 GMT;15,76;2_39_79_379_2019-01-08 15:18:16.158120;2;2-39-79-379;CA-327;676
Tue, 08 Jan 2019 15:56:19 GMT;Wed, 09 Jan 2019 02:19:35 GMT;Wed, 09 Jan 2019 02:19:31 GMT;5,359;2_39_79_377_2019-01-08 15:56:18.794401;2;2-39-79-377;CA-325;1083
Tue, 08 Jan 2019 15:58:43 GMT;Tue, 08 Jan 2019 23:20:52 GMT;Tue, 08 Jan 2019 17:27:12 GMT;4,044;2_39_123_23_2019-01-08 15:58:42.988850;2;2-39-123-23;CA-313;858
Tue, 08 Jan 2019 16:02:12 GMT;Wed, 09 Jan 2019 01:30:19 GMT;Wed, 09 Jan 2019 01:30:14 GMT;2,802;2_39_139_28_2019-01-08 16:02:12.121184;2;2-39-139-28;CA-303;1153
Tue, 08 Jan 2019 16:14:35 GMT;Tue, 08 Jan 2019 23:06:35 GMT;Tue, 08 Jan 2019 20:22:54 GMT;4,548;2_39_131_30_2019-01-08 16:14:34.602997;2;2-39-131-30;CA-305;1481
Tue, 08 Jan 2019 16:21:11 GMT;Wed, 09 Jan 2019 02:36:28 GMT;Tue, 08 Jan 2019 18:58:29 GMT;13,793;2_39_91_437_2019-01-08 16:21:11.243402;2;2-39-91-437;CA-317;945
Tue, 08 Jan 2019 16:29:03 GMT;Wed, 09 Jan 2019 01:11:08 GMT;Tue, 08 Jan 2019 18:36:20 GMT;6,759;2_39_138_29_2019-01-08 16:29:03.335236;2;2-39-138-29;CA-304;559
Tue, 08 Jan 2019 16:37:37 GMT;Wed, 09 Jan 2019 01:35:06 GMT;Tue, 08 Jan 2019 18:14:04 GMT;5,177;2_39_95_27_2019-01-08 16:37:36.739428;2;2-39-95-27;CA-319;1126
Tue, 08 Jan 2019 16:46:13 GMT;Tue, 08 Jan 2019 21:36:03 GMT;Tue, 08 Jan 2019 17:20:33 GMT;0,896;2_39_90_440_2019-01-08 16:46:13.426822;2;2-39-90-440;CA-500;
Tue, 08 Jan 2019 16:47:37 GMT;Wed, 09 Jan 2019 00:54:07 GMT;Wed, 09 Jan 2019 00:52:14 GMT;3,036;2_39_78_366_2019-01-08 16:47:37.212796;2;2-39-78-366;CA-323;
Tue, 08 Jan 2019 16:51:46 GMT;Tue, 08 Jan 2019 22:08:07 GMT;Tue, 08 Jan 2019 22:07:53 GMT;12,757;2_39_79_381_2019-01-08 16:51:46.297174;2;2-39-79-381;CA-490;1154
Tue, 08 Jan 2019 16:54:19 GMT;Wed, 09 Jan 2019 02:05:21 GMT;Wed, 09 Jan 2019 01:39:04 GMT;23,17;2_39_92_442_2019-01-08 16:54:18.559070;2;2-39-92-442;CA-498;564
Tue, 08 Jan 2019 16:57:47 GMT;Wed, 09 Jan 2019 01:21:58 GMT;Wed, 09 Jan 2019 01:21:47 GMT;26,676;2_39_78_363_2019-01-08 16:57:46.658847;2;2-39-78-363;CA-320;579
Tue, 08 Jan 2019 17:01:39 GMT;Wed, 09 Jan 2019 00:08:34 GMT;Tue, 08 Jan 2019 18:39:58 GMT;4,122;2_39_89_25_2019-01-08 17:01:38.860388;2;2-39-89-25;CA-315;743
Tue, 08 Jan 2019 17:18:57 GMT;Wed, 09 Jan 2019 02:15:33 GMT;Tue, 08 Jan 2019 19:31:13 GMT;5,955;2_39_128_562_2019-01-08 17:18:57.453853;2;2-39-128-562;CA-508;1534
Tue, 08 Jan 2019 17:39:00 GMT;Tue, 08 Jan 2019 20:59:47 GMT;Tue, 08 Jan 2019 20:59:43 GMT;16,891;2_39_91_441_2019-01-08 17:38:59.954666;2;2-39-91-441;CA-499;1104
Tue, 08 Jan 2019 17:43:15 GMT;Wed, 09 Jan 2019 02:26:38 GMT;Tue, 08 Jan 2019 21:43:47 GMT;8,064;2_39_79_380_2019-01-08 17:43:14.726206;2;2-39-79-380;CA-489;714
Tue, 08 Jan 2019 17:49:38 GMT;Wed, 09 Jan 2019 03:05:43 GMT;Wed, 09 Jan 2019 02:59:56 GMT;2,194;2_39_79_383_2019-01-08 17:49:37.783470;2;2-39-79-383;CA-492;
Tue, 08 Jan 2019 17:49:48 GMT;Wed, 09 Jan 2019 02:00:33 GMT;Tue, 08 Jan 2019 18:55:32 GMT;2,308;2_39_95_444_2019-01-08 17:49:47.828927;2;2-39-95-444;CA-497;891
Tue, 08 Jan 2019 17:50:26 GMT;Wed, 09 Jan 2019 03:25:15 GMT;Tue, 08 Jan 2019 18:54:15 GMT;1,858;2_39_90_26_2019-01-08 17:50:25.630471;2;2-39-90-26;CA-316;324
Tue, 08 Jan 2019 18:22:54 GMT;Wed, 09 Jan 2019 03:04:41 GMT;Tue, 08 Jan 2019 21:17:30 GMT;11,746;2_39_88_24_2019-01-08 18:22:54.132051;2;2-39-88-24;CA-314;958
Tue, 08 Jan 2019 18:27:57 GMT;Wed, 09 Jan 2019 02:04:49 GMT;Tue, 08 Jan 2019 23:43:24 GMT;16,133;2_39_79_378_2019-01-08 18:27:57.428624;2;2-39-79-378;CA-326;1135
Tue, 08 Jan 2019 18:41:34 GMT;Wed, 09 Jan 2019 02:47:51 GMT;Tue, 08 Jan 2019 23:52:36 GMT;29,267;2_39_79_376_2019-01-08 18:41:34.263452;2;2-39-79-376;CA-324;1274
Tue, 08 Jan 2019 18:52:15 GMT;Wed, 09 Jan 2019 01:58:38 GMT;Tue, 08 Jan 2019 21:07:56 GMT;11,684;2_39_123_557_2019-01-08 18:52:15.224822;2;2-39-123-557;CA-503;69
Tue, 08 Jan 2019 19:16:20 GMT;Wed, 09 Jan 2019 02:58:07 GMT;Wed, 09 Jan 2019 00:08:32 GMT;15,501;2_39_125_21_2019-01-08 19:16:20.222919;2;2-39-125-21;CA-311;712
Tue, 08 Jan 2019 19:34:07 GMT;Wed, 09 Jan 2019 04:06:34 GMT;Tue, 08 Jan 2019 21:28:25 GMT;5,276;2_39_89_439_2019-01-08 19:34:06.771116;2;2-39-89-439;CA-501;1094
Tue, 08 Jan 2019 19:35:17 GMT;Wed, 09 Jan 2019 06:26:56 GMT;Tue, 08 Jan 2019 20:42:39 GMT;2,109;2_39_124_22_2019-01-08 19:35:17.003346;2;2-39-124-22;CA-312;1082
Tue, 08 Jan 2019 20:48:50 GMT;Wed, 09 Jan 2019 01:31:39 GMT;Tue, 08 Jan 2019 21:37:07 GMT;1,105;2_39_78_360_2019-01-08 20:48:50.062000;2;2-39-78-360;CA-322;
Tue, 08 Jan 2019 20:55:42 GMT;Wed, 09 Jan 2019 03:05:35 GMT;Tue, 08 Jan 2019 23:01:16 GMT;6,723;2_39_78_364_2019-01-08 20:55:42.183003;2;2-39-78-364;CA-495;1091
Tue, 08 Jan 2019 20:58:29 GMT;Tue, 08 Jan 2019 22:42:27 GMT;Tue, 08 Jan 2019 22:00:56 GMT;0,948;2_39_129_17_2019-01-08 20:58:29.050774;2;2-39-129-17;CA-307;
Tue, 08 Jan 2019 21:57:35 GMT;Wed, 09 Jan 2019 03:22:19 GMT;Wed, 09 Jan 2019 00:07:19 GMT;6,645;2_39_78_361_2019-01-08 21:57:34.975240;2;2-39-78-361;CA-493;1124
Wed, 09 Jan 2019 00:10:52 GMT;Wed, 09 Jan 2019 01:49:19 GMT;Wed, 09 Jan 2019 01:42:44 GMT;4,915;2_39_123_23_2019-01-09 00:10:52.018002;2;2-39-123-23;CA-313;1108
Wed, 09 Jan 2019 00:42:16 GMT;Wed, 09 Jan 2019 02:16:39 GMT;Wed, 09 Jan 2019 02:16:34 GMT;10,122;2_39_89_25_2019-01-09 00:42:15.864936;2;2-39-89-25;CA-315;1039
Wed, 09 Jan 2019 00:55:53 GMT;Wed, 09 Jan 2019 14:27:11 GMT;Wed, 09 Jan 2019 05:29:19 GMT;15,215;2_39_129_17_2019-01-09 00:55:52.629947;2;2-39-129-17;CA-307;838
Wed, 09 Jan 2019 02:04:24 GMT;Wed, 09 Jan 2019 15:51:29 GMT;Wed, 09 Jan 2019 06:45:38 GMT;15,726;2_39_139_28_2019-01-09 02:04:24.128525;2;2-39-139-28;CA-303;1152
Wed, 09 Jan 2019 03:22:06 GMT;Wed, 09 Jan 2019 04:33:58 GMT;Wed, 09 Jan 2019 04:30:47 GMT;0,917;2_39_138_29_2019-01-09 03:22:05.684823;2;2-39-138-29;CA-304;
Wed, 09 Jan 2019 03:31:59 GMT;Wed, 09 Jan 2019 06:24:12 GMT;Wed, 09 Jan 2019 06:24:03 GMT;18,128;2_39_127_19_2019-01-09 03:31:59.205103;2;2-39-127-19;CA-309;637
Wed, 09 Jan 2019 04:16:15 GMT;Wed, 09 Jan 2019 05:51:21 GMT;Wed, 09 Jan 2019 05:39:20 GMT;7,605;2_39_131_30_2019-01-09 04:16:15.132333;2;2-39-131-30;CA-305;1263
Wed, 09 Jan 2019 14:39:32 GMT;Wed, 09 Jan 2019 15:36:56 GMT;Wed, 09 Jan 2019 15:36:47 GMT;3,02;2_39_89_25_2019-01-09 14:39:31.783456;2;2-39-89-25;CA-315;743
Wed, 09 Jan 2019 15:12:32 GMT;Thu, 10 Jan 2019 02:20:38 GMT;Wed, 09 Jan 2019 17:39:19 GMT;12,975;2_39_78_365_2019-01-09 15:12:31.718977;2;2-39-78-365;CA-321;569
Wed, 09 Jan 2019 15:52:05 GMT;Thu, 10 Jan 2019 01:16:31 GMT;Thu, 10 Jan 2019 00:20:06 GMT;29,942;2_39_79_380_2019-01-09 15:52:04.746105;2;2-39-79-380;CA-489;563
Wed, 09 Jan 2019 16:18:57 GMT;Wed, 09 Jan 2019 19:40:43 GMT;Wed, 09 Jan 2019 17:28:26 GMT;2,2;2_39_91_437_2019-01-09 16:18:57.158566;2;2-39-91-437;CA-317;324
Wed, 09 Jan 2019 16:27:09 GMT;Thu, 10 Jan 2019 02:59:26 GMT;Thu, 10 Jan 2019 03:00:24 GMT;1,423;2_39_79_379_2019-01-09 16:27:08.729077;2;2-39-79-379;CA-327;
Wed, 09 Jan 2019 16:32:52 GMT;Thu, 10 Jan 2019 00:02:46 GMT;Wed, 09 Jan 2019 17:36:45 GMT;5,41;2_39_138_29_2019-01-09 16:32:51.838995;2;2-39-138-29;CA-304;1120
Wed, 09 Jan 2019 16:33:10 GMT;Wed, 09 Jan 2019 22:49:15 GMT;Wed, 09 Jan 2019 18:40:24 GMT;6,512;2_39_131_30_2019-01-09 16:33:09.851381;2;2-39-131-30;CA-305;1481
Wed, 09 Jan 2019 16:33:11 GMT;Thu, 10 Jan 2019 02:40:03 GMT;Wed, 09 Jan 2019 18:58:39 GMT;13,548;2_39_95_27_2019-01-09 16:33:11.068553;2;2-39-95-27;CA-319;945
Wed, 09 Jan 2019 16:35:46 GMT;Wed, 09 Jan 2019 20:38:47 GMT;Wed, 09 Jan 2019 17:06:08 GMT;0,839;2_39_89_439_2019-01-09 16:35:46.208580;2;2-39-89-439;CA-501;
Wed, 09 Jan 2019 16:36:08 GMT;Thu, 10 Jan 2019 01:30:36 GMT;Wed, 09 Jan 2019 19:00:20 GMT;8,236;2_39_130_31_2019-01-09 16:36:07.859981;2;2-39-130-31;CA-306;559
Wed, 09 Jan 2019 16:43:35 GMT;Thu, 10 Jan 2019 02:32:14 GMT;Wed, 09 Jan 2019 18:16:38 GMT;4,804;2_39_129_17_2019-01-09 16:43:34.769948;2;2-39-129-17;CA-307;712
Wed, 09 Jan 2019 17:05:11 GMT;Thu, 10 Jan 2019 01:17:07 GMT;Wed, 09 Jan 2019 22:44:09 GMT;24,722;2_39_79_378_2019-01-09 17:05:11.362597;2;2-39-79-378;CA-326;579
Wed, 09 Jan 2019 17:05:59 GMT;Thu, 10 Jan 2019 01:44:19 GMT;Wed, 09 Jan 2019 19:09:20 GMT;5,636;2_39_89_25_2019-01-09 17:05:58.905229;2;2-39-89-25;CA-315;743
Wed, 09 Jan 2019 17:06:39 GMT;Thu, 10 Jan 2019 05:21:24 GMT;Thu, 10 Jan 2019 05:21:21 GMT;14,503;2_39_79_376_2019-01-09 17:06:39.094927;2;2-39-79-376;CA-324;676
Wed, 09 Jan 2019 17:10:09 GMT;Thu, 10 Jan 2019 01:47:37 GMT;Wed, 09 Jan 2019 21:36:04 GMT;21,258;2_39_79_383_2019-01-09 17:10:09.438930;2;2-39-79-383;CA-492;1104
Wed, 09 Jan 2019 17:11:51 GMT;Thu, 10 Jan 2019 00:27:06 GMT;Thu, 10 Jan 2019 00:18:47 GMT;6,035;2_39_124_558_2019-01-09 17:11:50.681611;2;2-39-124-558;CA-504;1534
Wed, 09 Jan 2019 17:12:39 GMT;Thu, 10 Jan 2019 02:34:13 GMT;Wed, 09 Jan 2019 18:02:13 GMT;2,064;2_39_127_19_2019-01-09 17:12:38.788772;2;2-39-127-19;CA-309;891
Wed, 09 Jan 2019 17:18:08 GMT;Thu, 10 Jan 2019 01:25:01 GMT;Wed, 09 Jan 2019 18:51:52 GMT;4,409;2_39_123_23_2019-01-09 17:18:07.853093;2;2-39-123-23;CA-313;858
Wed, 09 Jan 2019 17:55:19 GMT;Wed, 09 Jan 2019 18:35:08 GMT;Wed, 09 Jan 2019 18:34:54 GMT;0,874;2_39_95_444_2019-01-09 17:55:19.391608;2;2-39-95-444;CA-497;
Wed, 09 Jan 2019 17:57:02 GMT;Thu, 10 Jan 2019 00:24:25 GMT;Wed, 09 Jan 2019 18:27:53 GMT;2,469;2_39_92_442_2019-01-09 17:57:01.522007;2;2-39-92-442;CA-498;1095
Wed, 09 Jan 2019 18:17:27 GMT;Wed, 09 Jan 2019 19:53:17 GMT;Wed, 09 Jan 2019 19:53:12 GMT;7,53;2_39_124_22_2019-01-09 18:17:26.680043;2;2-39-124-22;CA-312;609
Wed, 09 Jan 2019 18:51:26 GMT;Wed, 09 Jan 2019 22:45:58 GMT;Wed, 09 Jan 2019 22:45:19 GMT;8,113;2_39_78_360_2019-01-09 18:51:25.887703;2;2-39-78-360;CA-322;1649
Wed, 09 Jan 2019 18:54:55 GMT;Thu, 10 Jan 2019 01:58:52 GMT;Thu, 10 Jan 2019 01:58:50 GMT;17,514;2_39_78_361_2019-01-09 18:54:54.965239;2;2-39-78-361;CA-493;1208
Wed, 09 Jan 2019 19:32:52 GMT;Wed, 09 Jan 2019 22:52:39 GMT;Wed, 09 Jan 2019 22:52:33 GMT;12,408;2_39_78_366_2019-01-09 19:32:52.076392;2;2-39-78-366;CA-323;1039
Wed, 09 Jan 2019 20:07:43 GMT;Thu, 10 Jan 2019 04:12:57 GMT;Wed, 09 Jan 2019 21:04:27 GMT;1,791;2_39_91_437_2019-01-09 20:07:42.665465;2;2-39-91-437;CA-317;324
Wed, 09 Jan 2019 20:42:12 GMT;Thu, 10 Jan 2019 01:58:34 GMT;Wed, 09 Jan 2019 23:32:18 GMT;5,253;2_39_79_381_2019-01-09 20:42:11.809455;2;2-39-79-381;CA-490;1083
Wed, 09 Jan 2019 20:48:04 GMT;Thu, 10 Jan 2019 05:15:39 GMT;Thu, 10 Jan 2019 05:15:38 GMT;18,442;2_39_78_367_2019-01-09 20:48:04.044348;2;2-39-78-367;CA-494;755
Wed, 09 Jan 2019 21:28:44 GMT;Thu, 10 Jan 2019 03:16:50 GMT;Thu, 10 Jan 2019 00:08:56 GMT;6,855;2_39_78_364_2019-01-09 21:28:43.980504;2;2-39-78-364;CA-495;1124
Wed, 09 Jan 2019 21:42:45 GMT;Thu, 10 Jan 2019 08:40:58 GMT;Wed, 09 Jan 2019 22:50:18 GMT;2,165;2_39_90_440_2019-01-09 21:42:44.921045;2;2-39-90-440;CA-500;1082
Wed, 09 Jan 2019 21:48:11 GMT;Thu, 10 Jan 2019 03:16:22 GMT;Thu, 10 Jan 2019 03:17:21 GMT;11,135;2_39_78_362_2019-01-09 21:48:10.584139;2;2-39-78-362;CA-496;777
Wed, 09 Jan 2019 23:03:07 GMT;Thu, 10 Jan 2019 01:07:29 GMT;Thu, 10 Jan 2019 01:06:48 GMT;1,362;2_39_78_360_2019-01-09 23:03:06.558299;2;2-39-78-360;CA-322;
Wed, 09 Jan 2019 23:46:48 GMT;Thu, 10 Jan 2019 01:40:20 GMT;Thu, 10 Jan 2019 00:35:54 GMT;0,82;2_39_131_30_2019-01-09 23:46:48.437356;2;2-39-131-30;CA-305;
Thu, 10 Jan 2019 00:33:14 GMT;Thu, 10 Jan 2019 01:55:20 GMT;Thu, 10 Jan 2019 01:55:16 GMT;4,464;2_39_138_29_2019-01-10 00:33:14.249981;2;2-39-138-29;CA-304;774
Thu, 10 Jan 2019 01:23:13 GMT;Thu, 10 Jan 2019 03:09:11 GMT;Thu, 10 Jan 2019 03:04:18 GMT;0,976;2_39_139_28_2019-01-10 01:23:12.673463;2;2-39-139-28;CA-303;
Thu, 10 Jan 2019 01:48:25 GMT;Thu, 10 Jan 2019 14:17:09 GMT;Thu, 10 Jan 2019 06:28:23 GMT;15,01;2_39_131_30_2019-01-10 01:48:25.196478;2;2-39-131-30;CA-305;838
Thu, 10 Jan 2019 01:51:20 GMT;Fri, 11 Jan 2019 07:17:28 GMT;Fri, 11 Jan 2019 07:18:27 GMT;51,362;2_39_79_380_2019-01-10 01:51:19.837751;2;2-39-79-380;CA-489;1286
Thu, 10 Jan 2019 02:31:20 GMT;Thu, 10 Jan 2019 03:46:40 GMT;Thu, 10 Jan 2019 03:46:15 GMT;3,883;2_39_126_20_2019-01-10 02:31:20.405006;2;2-39-126-20;CA-310;1164
Thu, 10 Jan 2019 03:06:11 GMT;Thu, 10 Jan 2019 04:16:12 GMT;Thu, 10 Jan 2019 04:16:04 GMT;1,054;2_39_79_379_2019-01-10 03:06:11.290884;2;2-39-79-379;CA-327;
Thu, 10 Jan 2019 03:07:05 GMT;Thu, 10 Jan 2019 03:39:20 GMT;Thu, 10 Jan 2019 03:39:15 GMT;3,2;2_39_124_22_2019-01-10 03:07:04.683478;2;2-39-124-22;CA-312;1626
Thu, 10 Jan 2019 15:11:04 GMT;Fri, 11 Jan 2019 01:46:11 GMT;Thu, 10 Jan 2019 17:02:50 GMT;11,193;2_39_131_30_2019-01-10 15:11:04.194346;2;2-39-131-30;CA-305;630
Thu, 10 Jan 2019 15:16:00 GMT;Fri, 11 Jan 2019 01:34:23 GMT;Thu, 10 Jan 2019 23:53:11 GMT;11,052;2_39_78_366_2019-01-10 15:16:00.074741;2;2-39-78-366;CA-323;569
Thu, 10 Jan 2019 15:54:22 GMT;Fri, 11 Jan 2019 00:51:56 GMT;Thu, 10 Jan 2019 17:32:01 GMT;4,948;2_39_79_379_2019-01-10 15:54:21.585463;2;2-39-79-379;CA-327;858
Thu, 10 Jan 2019 16:00:43 GMT;Fri, 11 Jan 2019 00:56:43 GMT;Thu, 10 Jan 2019 17:59:47 GMT;5,93;2_39_79_377_2019-01-10 16:00:43.417901;2;2-39-79-377;CA-325;1083
Thu, 10 Jan 2019 16:25:25 GMT;Thu, 10 Jan 2019 20:15:15 GMT;Thu, 10 Jan 2019 20:16:13 GMT;1,736;2_39_78_365_2019-01-10 16:25:24.749480;2;2-39-78-365;CA-321;
Thu, 10 Jan 2019 16:33:36 GMT;Thu, 10 Jan 2019 21:39:56 GMT;Thu, 10 Jan 2019 17:05:15 GMT;0,872;2_39_92_442_2019-01-10 16:33:36.140117;2;2-39-92-442;CA-498;
Thu, 10 Jan 2019 16:49:39 GMT;Thu, 10 Jan 2019 22:57:43 GMT;Thu, 10 Jan 2019 18:27:06 GMT;4,992;2_39_130_31_2019-01-10 16:49:38.735673;2;2-39-130-31;CA-306;1481
Thu, 10 Jan 2019 16:51:37 GMT;Fri, 11 Jan 2019 02:48:21 GMT;Thu, 10 Jan 2019 18:33:43 GMT;5,552;2_39_129_17_2019-01-10 16:51:37.343046;2;2-39-129-17;CA-307;712
Thu, 10 Jan 2019 17:06:42 GMT;Fri, 11 Jan 2019 00:29:03 GMT;Fri, 11 Jan 2019 00:28:00 GMT;10,273;2_39_79_376_2019-01-10 17:06:42.330987;2;2-39-79-376;CA-324;1137
Thu, 10 Jan 2019 17:07:25 GMT;Fri, 11 Jan 2019 01:12:30 GMT;Thu, 10 Jan 2019 18:10:27 GMT;1,511;2_39_138_566_2019-01-10 17:07:24.871156;2;2-39-138-566;CA-512;620
Thu, 10 Jan 2019 17:09:00 GMT;Fri, 11 Jan 2019 02:36:00 GMT;Thu, 10 Jan 2019 18:43:10 GMT;4,467;2_39_89_25_2019-01-10 17:09:00.222392;2;2-39-89-25;CA-315;743
Thu, 10 Jan 2019 17:42:00 GMT;Fri, 11 Jan 2019 02:55:41 GMT;Fri, 11 Jan 2019 02:52:07 GMT;8,606;2_39_124_558_2019-01-10 17:41:59.932827;2;2-39-124-558;CA-504;1534
Thu, 10 Jan 2019 17:47:25 GMT;Fri, 11 Jan 2019 02:10:35 GMT;Thu, 10 Jan 2019 20:00:17 GMT;11,523;2_39_90_440_2019-01-10 17:47:25.010865;2;2-39-90-440;CA-500;69
Thu, 10 Jan 2019 17:50:16 GMT;Fri, 11 Jan 2019 01:10:07 GMT;Thu, 10 Jan 2019 20:33:27 GMT;14,691;2_39_92_436_2019-01-10 17:50:16.182141;2;2-39-92-436;CA-318;579
Thu, 10 Jan 2019 18:00:48 GMT;Thu, 10 Jan 2019 20:28:51 GMT;Thu, 10 Jan 2019 19:55:32 GMT;5,08;2_39_125_21_2019-01-10 18:00:48.209882;2;2-39-125-21;CA-311;562
Thu, 10 Jan 2019 18:12:40 GMT;Fri, 11 Jan 2019 00:24:24 GMT;Thu, 10 Jan 2019 18:41:19 GMT;2,601;2_39_79_383_2019-01-10 18:12:39.718471;2;2-39-79-383;CA-492;1095
Thu, 10 Jan 2019 18:15:14 GMT;Fri, 11 Jan 2019 00:31:28 GMT;Thu, 10 Jan 2019 19:35:32 GMT;3,094;2_39_78_367_2019-01-10 18:15:13.951173;2;2-39-78-367;CA-494;1649
Thu, 10 Jan 2019 18:17:17 GMT;Fri, 11 Jan 2019 03:18:25 GMT;Thu, 10 Jan 2019 19:11:06 GMT;2,243;2_39_95_27_2019-01-10 18:17:17.261662;2;2-39-95-27;CA-319;891
Thu, 10 Jan 2019 18:41:32 GMT;Thu, 10 Jan 2019 22:01:43 GMT;Thu, 10 Jan 2019 22:01:38 GMT;9,824;2_39_79_378_2019-01-10 18:41:32.176419;2;2-39-79-378;CA-326;1135
Thu, 10 Jan 2019 19:27:30 GMT;Fri, 11 Jan 2019 01:15:29 GMT;Thu, 10 Jan 2019 21:03:45 GMT;4,922;2_39_91_437_2019-01-10 19:27:30.077694;2;2-39-91-437;CA-317;1126
Thu, 10 Jan 2019 19:29:03 GMT;Fri, 11 Jan 2019 01:22:01 GMT;Thu, 10 Jan 2019 22:32:13 GMT;14,336;2_39_89_439_2019-01-10 19:29:03.041560;2;2-39-89-439;CA-501;1154
Thu, 10 Jan 2019 20:15:18 GMT;Fri, 11 Jan 2019 00:32:04 GMT;Thu, 10 Jan 2019 23:07:19 GMT;6,941;2_39_78_365_2019-01-10 20:15:18.348301;2;2-39-78-365;CA-321;945
Thu, 10 Jan 2019 20:16:48 GMT;Thu, 10 Jan 2019 23:57:35 GMT;Thu, 10 Jan 2019 21:28:31 GMT;2,066;2_39_78_363_2019-01-10 20:16:47.798375;2;2-39-78-363;CA-320;560
Thu, 10 Jan 2019 20:30:46 GMT;Fri, 11 Jan 2019 00:37:12 GMT;Fri, 11 Jan 2019 00:37:07 GMT;21,834;2_39_88_438_2019-01-10 20:30:46.385567;2;2-39-88-438;CA-502;1208
Thu, 10 Jan 2019 21:04:35 GMT;Fri, 11 Jan 2019 02:49:49 GMT;Fri, 11 Jan 2019 00:59:15 GMT;8,656;2_39_78_361_2019-01-10 21:04:34.897763;2;2-39-78-361;CA-493;777
Thu, 10 Jan 2019 21:15:29 GMT;Thu, 10 Jan 2019 23:13:27 GMT;Thu, 10 Jan 2019 23:13:22 GMT;10,24;2_39_128_18_2019-01-10 21:15:28.668292;2;2-39-128-18;CA-308;609
Thu, 10 Jan 2019 21:31:14 GMT;Fri, 11 Jan 2019 02:39:20 GMT;Thu, 10 Jan 2019 22:06:34 GMT;1,414;2_39_125_21_2019-01-10 21:31:14.374284;2;2-39-125-21;CA-311;562
Thu, 10 Jan 2019 21:33:30 GMT;Fri, 11 Jan 2019 08:04:20 GMT;Thu, 10 Jan 2019 22:49:44 GMT;2,461;2_39_123_23_2019-01-10 21:33:29.915214;2;2-39-123-23;CA-313;1082
Thu, 10 Jan 2019 21:45:35 GMT;Fri, 11 Jan 2019 03:35:51 GMT;Thu, 10 Jan 2019 23:55:33 GMT;6,632;2_39_95_444_2019-01-10 21:45:34.598622;2;2-39-95-444;CA-497;1124
Thu, 10 Jan 2019 22:36:03 GMT;Fri, 11 Jan 2019 00:21:28 GMT;Fri, 11 Jan 2019 00:21:20 GMT;8,754;2_39_90_26_2019-01-10 22:36:03.087656;2;2-39-90-26;CA-316;1470
Fri, 11 Jan 2019 02:07:01 GMT;Fri, 11 Jan 2019 05:12:31 GMT;Fri, 11 Jan 2019 05:12:12 GMT;18,671;2_39_79_378_2019-01-11 02:07:01.140643;2;2-39-79-378;CA-326;1214
Fri, 11 Jan 2019 02:53:34 GMT;Fri, 11 Jan 2019 06:00:29 GMT;Fri, 11 Jan 2019 06:00:25 GMT;13,125;2_39_130_31_2019-01-11 02:53:33.790126;2;2-39-130-31;CA-306;1099
Fri, 11 Jan 2019 03:41:25 GMT;Fri, 11 Jan 2019 04:26:19 GMT;Fri, 11 Jan 2019 04:25:38 GMT;0,906;2_39_139_28_2019-01-11 03:41:25.305424;2;2-39-139-28;CA-303;
Fri, 11 Jan 2019 03:53:02 GMT;Fri, 11 Jan 2019 06:36:20 GMT;Fri, 11 Jan 2019 06:35:35 GMT;16,12;2_39_128_18_2019-01-11 03:53:02.257112;2;2-39-128-18;CA-308;637
Fri, 11 Jan 2019 04:10:18 GMT;Fri, 11 Jan 2019 14:16:26 GMT;Fri, 11 Jan 2019 08:34:14 GMT;14,725;2_39_131_30_2019-01-11 04:10:18.146190;2;2-39-131-30;CA-305;838
Fri, 11 Jan 2019 04:12:40 GMT;Fri, 11 Jan 2019 05:52:55 GMT;Fri, 11 Jan 2019 05:52:52 GMT;9,121;2_39_138_566_2019-01-11 04:12:39.523783;2;2-39-138-566;CA-512;342
Fri, 11 Jan 2019 04:20:42 GMT;Fri, 11 Jan 2019 05:44:53 GMT;Fri, 11 Jan 2019 05:44:49 GMT;8,108;2_39_138_29_2019-01-11 04:20:41.578653;2;2-39-138-29;CA-304;1263
Fri, 11 Jan 2019 07:17:36 GMT;Fri, 11 Jan 2019 19:25:43 GMT;Fri, 11 Jan 2019 19:25:38 GMT;45,866;2_39_79_380_2019-01-11 07:17:36.312406;2;2-39-79-380;CA-489;342
Fri, 11 Jan 2019 14:23:49 GMT;Fri, 11 Jan 2019 15:36:55 GMT;Fri, 11 Jan 2019 15:36:50 GMT;4,026;2_39_89_25_2019-01-11 14:23:48.921630;2;2-39-89-25;CA-315;743
Fri, 11 Jan 2019 15:23:45 GMT;Fri, 11 Jan 2019 21:31:25 GMT;Fri, 11 Jan 2019 16:51:57 GMT;6,599;2_39_78_366_2019-01-11 15:23:45.069092;2;2-39-78-366;CA-323;569
Fri, 11 Jan 2019 15:26:02 GMT;Fri, 11 Jan 2019 17:38:14 GMT;Fri, 11 Jan 2019 15:49:00 GMT;0,953;2_39_79_377_2019-01-11 15:26:01.938175;2;2-39-79-377;CA-325;1007
Fri, 11 Jan 2019 15:59:48 GMT;Sat, 12 Jan 2019 01:29:25 GMT;Fri, 11 Jan 2019 18:05:22 GMT;6,058;2_39_79_379_2019-01-11 15:59:48.432506;2;2-39-79-379;CA-327;858
Fri, 11 Jan 2019 16:14:37 GMT;Sat, 12 Jan 2019 01:02:56 GMT;Sat, 12 Jan 2019 01:02:53 GMT;49,657;2_39_92_442_2019-01-11 16:14:37.142204;2;2-39-92-442;CA-498;818
Fri, 11 Jan 2019 16:26:55 GMT;Sat, 12 Jan 2019 01:35:50 GMT;Fri, 11 Jan 2019 19:55:11 GMT;13,103;2_39_139_28_2019-01-11 16:26:55.453734;2;2-39-139-28;CA-303;559
Fri, 11 Jan 2019 16:40:24 GMT;Sat, 12 Jan 2019 02:49:42 GMT;Fri, 11 Jan 2019 18:53:55 GMT;6,802;2_39_131_30_2019-01-11 16:40:23.829979;2;2-39-131-30;CA-305;712
Fri, 11 Jan 2019 16:45:34 GMT;Sat, 12 Jan 2019 00:35:21 GMT;Fri, 11 Jan 2019 20:52:18 GMT;21,884;2_39_91_441_2019-01-11 16:45:33.532632;2;2-39-91-441;CA-499;1104
Fri, 11 Jan 2019 16:52:57 GMT;Fri, 11 Jan 2019 20:14:55 GMT;Fri, 11 Jan 2019 20:13:59 GMT;1,799;2_39_126_20_2019-01-11 16:52:56.845225;2;2-39-126-20;CA-310;
Fri, 11 Jan 2019 17:04:54 GMT;Sat, 12 Jan 2019 02:24:56 GMT;Sat, 12 Jan 2019 02:19:16 GMT;11,163;2_39_126_560_2019-01-11 17:04:53.776386;2;2-39-126-560;CA-506;1534
Fri, 11 Jan 2019 17:15:18 GMT;Sat, 12 Jan 2019 02:57:44 GMT;Fri, 11 Jan 2019 18:12:47 GMT;2,008;2_39_91_437_2019-01-11 17:15:18.104036;2;2-39-91-437;CA-317;891
Fri, 11 Jan 2019 17:16:12 GMT;Fri, 11 Jan 2019 19:03:27 GMT;Fri, 11 Jan 2019 19:03:22 GMT;9,308;2_39_90_26_2019-01-11 17:16:11.518401;2;2-39-90-26;CA-316;234
Fri, 11 Jan 2019 17:17:47 GMT;Sat, 12 Jan 2019 02:41:54 GMT;Fri, 11 Jan 2019 19:17:40 GMT;10,449;2_39_88_438_2019-01-11 17:17:46.968327;2;2-39-88-438;CA-502;69
Fri, 11 Jan 2019 17:24:34 GMT;Sat, 12 Jan 2019 01:59:46 GMT;Fri, 11 Jan 2019 17:58:15 GMT;2,579;2_39_124_22_2019-01-11 17:24:34.427976;2;2-39-124-22;CA-312;1095
Fri, 11 Jan 2019 17:37:51 GMT;Fri, 11 Jan 2019 23:40:10 GMT;Fri, 11 Jan 2019 21:08:58 GMT;10,669;2_39_125_21_2019-01-11 17:37:50.622275;2;2-39-125-21;CA-311;1481
Fri, 11 Jan 2019 17:44:00 GMT;Sat, 12 Jan 2019 01:42:08 GMT;Fri, 11 Jan 2019 19:38:52 GMT;5,388;2_39_89_25_2019-01-11 17:44:00.403582;2;2-39-89-25;CA-315;743
Fri, 11 Jan 2019 18:13:10 GMT;Sat, 12 Jan 2019 09:24:32 GMT;Fri, 11 Jan 2019 22:26:02 GMT;20,893;2_39_123_23_2019-01-11 18:13:10.478442;2;2-39-123-23;CA-313;850
Fri, 11 Jan 2019 18:13:23 GMT;Sat, 12 Jan 2019 03:13:52 GMT;Sat, 12 Jan 2019 03:14:51 GMT;1,094;2_39_78_361_2019-01-11 18:13:22.586427;2;2-39-78-361;CA-493;
Fri, 11 Jan 2019 18:14:23 GMT;Fri, 11 Jan 2019 20:15:41 GMT;Fri, 11 Jan 2019 20:15:34 GMT;5,709;2_39_88_24_2019-01-11 18:14:23.017474;2;2-39-88-24;CA-314;562
Fri, 11 Jan 2019 18:34:59 GMT;Sat, 12 Jan 2019 01:11:34 GMT;Fri, 11 Jan 2019 21:10:01 GMT;7,852;2_39_79_377_2019-01-11 18:34:58.768521;2;2-39-79-377;CA-325;1091
Fri, 11 Jan 2019 18:52:47 GMT;Sat, 12 Jan 2019 01:10:48 GMT;Fri, 11 Jan 2019 20:37:55 GMT;3,818;2_39_90_440_2019-01-11 18:52:46.919925;2;2-39-90-440;CA-500;620
Fri, 11 Jan 2019 19:20:44 GMT;Sat, 12 Jan 2019 00:36:57 GMT;Sat, 12 Jan 2019 00:20:49 GMT;24,888;2_39_90_26_2019-01-11 19:20:43.659800;2;2-39-90-26;CA-316;234
Fri, 11 Jan 2019 19:35:26 GMT;Sat, 12 Jan 2019 01:53:48 GMT;Sat, 12 Jan 2019 01:40:20 GMT;17,332;2_39_79_378_2019-01-11 19:35:26.123316;2;2-39-79-378;CA-326;1274
Fri, 11 Jan 2019 19:51:52 GMT;Sat, 12 Jan 2019 01:39:22 GMT;Sat, 12 Jan 2019 01:34:26 GMT;8,831;2_39_79_376_2019-01-11 19:51:52.142936;2;2-39-79-376;CA-324;1649
Fri, 11 Jan 2019 20:34:11 GMT;Sat, 12 Jan 2019 00:56:50 GMT;Sat, 12 Jan 2019 00:01:58 GMT;5,995;2_39_78_360_2019-01-11 20:34:10.676350;2;2-39-78-360;CA-322;1083
Fri, 11 Jan 2019 20:46:22 GMT;Sat, 12 Jan 2019 02:43:20 GMT;Fri, 11 Jan 2019 23:11:48 GMT;6,685;2_39_95_27_2019-01-11 20:46:22.429400;2;2-39-95-27;CA-319;1124
Fri, 11 Jan 2019 20:57:36 GMT;Sat, 12 Jan 2019 01:55:07 GMT;Fri, 11 Jan 2019 21:22:56 GMT;0,996;2_39_130_31_2019-01-11 20:57:35.521565;2;2-39-130-31;CA-306;562
Fri, 11 Jan 2019 20:58:59 GMT;Sat, 12 Jan 2019 00:47:56 GMT;Sat, 12 Jan 2019 00:45:22 GMT;1,865;2_39_126_20_2019-01-11 20:58:58.682313;2;2-39-126-20;CA-310;
Fri, 11 Jan 2019 21:14:11 GMT;Sat, 12 Jan 2019 00:35:01 GMT;Fri, 11 Jan 2019 21:51:13 GMT;1,127;2_39_128_18_2019-01-11 21:14:10.541044;2;2-39-128-18;CA-308;1366
Fri, 11 Jan 2019 21:18:46 GMT;Sat, 12 Jan 2019 03:50:57 GMT;Fri, 11 Jan 2019 22:27:05 GMT;2,151;2_39_95_444_2019-01-11 21:18:45.747508;2;2-39-95-444;CA-497;1082
Fri, 11 Jan 2019 22:13:22 GMT;Fri, 11 Jan 2019 23:38:14 GMT;Fri, 11 Jan 2019 23:38:09 GMT;4,109;2_39_79_383_2019-01-11 22:13:22.109339;2;2-39-79-383;CA-492;1135
Fri, 11 Jan 2019 23:10:52 GMT;Sat, 12 Jan 2019 01:26:46 GMT;Sat, 12 Jan 2019 01:26:44 GMT;0,934;2_39_78_363_2019-01-11 23:10:51.851682;2;2-39-78-363;CA-320;
Fri, 11 Jan 2019 23:13:16 GMT;Fri, 11 Jan 2019 23:43:53 GMT;Fri, 11 Jan 2019 23:43:48 GMT;2,405;2_39_88_24_2019-01-11 23:13:16.207885;2;2-39-88-24;CA-314;1309
Sat, 12 Jan 2019 01:48:34 GMT;Sat, 12 Jan 2019 02:46:18 GMT;Sat, 12 Jan 2019 02:46:10 GMT;5,751;2_39_89_25_2019-01-12 01:48:34.237211;2;2-39-89-25;CA-315;1011
Sat, 12 Jan 2019 02:27:33 GMT;Sat, 12 Jan 2019 08:25:30 GMT;Sat, 12 Jan 2019 03:22:03 GMT;5,323;2_39_139_28_2019-01-12 02:27:33.011050;2;2-39-139-28;CA-303;1346
Sat, 12 Jan 2019 03:14:47 GMT;Sat, 12 Jan 2019 04:09:04 GMT;Sat, 12 Jan 2019 04:08:58 GMT;4,882;2_39_78_361_2019-01-12 03:14:47.379722;2;2-39-78-361;CA-493;714
Sat, 12 Jan 2019 15:57:54 GMT;Sat, 12 Jan 2019 23:57:57 GMT;Sat, 12 Jan 2019 20:38:32 GMT;15,728;2_39_131_30_2019-01-12 15:57:53.921811;2;2-39-131-30;CA-305;838
Sat, 12 Jan 2019 16:04:06 GMT;Sat, 12 Jan 2019 17:46:17 GMT;Sat, 12 Jan 2019 17:34:01 GMT;4,459;2_39_89_25_2019-01-12 16:04:05.839302;2;2-39-89-25;CA-315;743
Sat, 12 Jan 2019 17:24:16 GMT;Sat, 12 Jan 2019 18:03:58 GMT;Sat, 12 Jan 2019 18:03:50 GMT;2,208;2_39_129_17_2019-01-12 17:24:15.830346;2;2-39-129-17;CA-307;365
Sat, 12 Jan 2019 17:35:56 GMT;Sat, 12 Jan 2019 22:47:03 GMT;Sat, 12 Jan 2019 22:46:58 GMT;31,709;2_39_79_379_2019-01-12 17:35:55.597203;2;2-39-79-379;CA-327;340
Sat, 12 Jan 2019 18:11:28 GMT;Sat, 12 Jan 2019 19:44:13 GMT;Sat, 12 Jan 2019 19:40:55 GMT;1,07;2_39_139_28_2019-01-12 18:11:28.197734;2;2-39-139-28;CA-303;
Sat, 12 Jan 2019 18:16:54 GMT;Sun, 13 Jan 2019 00:45:06 GMT;Sat, 12 Jan 2019 21:11:10 GMT;16,987;2_39_138_29_2019-01-12 18:16:54.365427;2;2-39-138-29;CA-304;291
Sat, 12 Jan 2019 18:47:41 GMT;Sat, 12 Jan 2019 22:04:32 GMT;Sat, 12 Jan 2019 21:56:38 GMT;7,944;2_39_130_31_2019-01-12 18:47:41.109324;2;2-39-130-31;CA-306;1649
Sat, 12 Jan 2019 19:21:48 GMT;Sat, 12 Jan 2019 20:55:59 GMT;Sat, 12 Jan 2019 20:51:26 GMT;1,052;2_39_128_18_2019-01-12 19:21:47.698512;2;2-39-128-18;CA-308;
Sat, 12 Jan 2019 19:30:41 GMT;Sat, 12 Jan 2019 21:41:34 GMT;Sat, 12 Jan 2019 21:39:43 GMT;6,312;2_39_91_437_2019-01-12 19:30:41.440401;2;2-39-91-437;CA-317;1222
Sat, 12 Jan 2019 21:38:19 GMT;Sat, 12 Jan 2019 23:44:59 GMT;Sat, 12 Jan 2019 23:33:15 GMT;6,09;2_39_79_377_2019-01-12 21:38:19.195480;2;2-39-79-377;CA-325;1083
Sat, 12 Jan 2019 21:53:00 GMT;Sat, 12 Jan 2019 22:29:23 GMT;Sat, 12 Jan 2019 22:29:14 GMT;3,973;2_39_79_381_2019-01-12 21:52:59.967240;2;2-39-79-381;CA-490;248
Sat, 12 Jan 2019 22:14:21 GMT;Sun, 13 Jan 2019 01:20:48 GMT;Sun, 13 Jan 2019 01:11:39 GMT;9,33;2_39_83_386_2019-01-12 22:14:21.237054;2;2-39-83-386;CA-212;777
Sun, 13 Jan 2019 02:03:36 GMT;Sun, 13 Jan 2019 18:10:54 GMT;Sun, 13 Jan 2019 16:51:02 GMT;42,364;2_39_89_25_2019-01-13 02:03:35.987520;2;2-39-89-25;CA-315;292
Sun, 13 Jan 2019 16:13:29 GMT;Sun, 13 Jan 2019 20:42:47 GMT;Sun, 13 Jan 2019 20:42:40 GMT;28,362;2_39_125_21_2019-01-13 16:13:28.842877;2;2-39-125-21;CA-311;1039
Sun, 13 Jan 2019 16:36:44 GMT;Sun, 13 Jan 2019 23:43:30 GMT;Sun, 13 Jan 2019 18:37:07 GMT;6,222;2_39_79_379_2019-01-13 16:36:44.449843;2;2-39-79-379;CA-327;1083
Sun, 13 Jan 2019 17:02:05 GMT;Sun, 13 Jan 2019 18:40:04 GMT;Sun, 13 Jan 2019 18:40:02 GMT;10,507;2_39_95_27_2019-01-13 17:02:05.135759;2;2-39-95-27;CA-319;231
Sun, 13 Jan 2019 17:59:31 GMT;Sun, 13 Jan 2019 19:09:40 GMT;Sun, 13 Jan 2019 19:09:35 GMT;3,913;2_39_127_19_2019-01-13 17:59:31.049850;2;2-39-127-19;CA-309;743
Sun, 13 Jan 2019 18:57:57 GMT;Sun, 13 Jan 2019 23:58:13 GMT;Sun, 13 Jan 2019 23:58:05 GMT;29,012;2_39_138_566_2019-01-13 18:57:56.615369;2;2-39-138-566;CA-512;342
Sun, 13 Jan 2019 20:22:13 GMT;Mon, 14 Jan 2019 03:03:31 GMT;Mon, 14 Jan 2019 03:03:03 GMT;39,204;2_39_128_18_2019-01-13 20:22:13.090141;2;2-39-128-18;CA-308;1626
Sun, 13 Jan 2019 22:08:46 GMT;Sun, 13 Jan 2019 22:55:31 GMT;Sun, 13 Jan 2019 22:55:24 GMT;2,329;2_39_139_28_2019-01-13 22:08:45.861989;2;2-39-139-28;CA-303;1309
Sun, 13 Jan 2019 22:29:02 GMT;Mon, 14 Jan 2019 00:33:16 GMT;Mon, 14 Jan 2019 00:33:06 GMT;1,315;2_39_125_21_2019-01-13 22:29:01.838044;2;2-39-125-21;CA-311;
Sun, 13 Jan 2019 22:31:45 GMT;Mon, 14 Jan 2019 01:08:28 GMT;Mon, 14 Jan 2019 01:08:23 GMT;15,317;2_39_79_377_2019-01-13 22:31:45.290191;2;2-39-79-377;CA-325;248
Sun, 13 Jan 2019 23:02:47 GMT;Sun, 13 Jan 2019 23:39:14 GMT;Sun, 13 Jan 2019 23:39:10 GMT;1,917;2_39_130_31_2019-01-13 23:02:47.245760;2;2-39-130-31;CA-306;1366
Sun, 13 Jan 2019 23:27:23 GMT;Mon, 14 Jan 2019 14:28:59 GMT;Mon, 14 Jan 2019 08:16:29 GMT;52,147;2_39_131_30_2019-01-13 23:27:23.503649;2;2-39-131-30;CA-305;489
Sun, 13 Jan 2019 23:32:35 GMT;Sun, 13 Jan 2019 23:55:40 GMT;Sun, 13 Jan 2019 23:55:35 GMT;1,097;2_39_126_20_2019-01-13 23:32:34.918131;2;2-39-126-20;CA-310;243
Mon, 14 Jan 2019 00:04:49 GMT;Mon, 14 Jan 2019 05:29:16 GMT;Mon, 14 Jan 2019 05:15:08 GMT;16,268;2_39_79_378_2019-01-14 00:04:49.041285;2;2-39-79-378;CA-326;1135
Mon, 14 Jan 2019 00:20:21 GMT;Mon, 14 Jan 2019 04:31:49 GMT;Mon, 14 Jan 2019 04:25:52 GMT;11,958;2_39_83_387_2019-01-14 00:20:20.674352;2;2-39-83-387;CA-149;777
Mon, 14 Jan 2019 02:41:30 GMT;Mon, 14 Jan 2019 06:35:07 GMT;Mon, 14 Jan 2019 05:56:28 GMT;18,538;2_39_130_31_2019-01-14 02:41:30.009582;2;2-39-130-31;CA-306;1099
Mon, 14 Jan 2019 02:48:11 GMT;Mon, 14 Jan 2019 05:03:13 GMT;Mon, 14 Jan 2019 05:03:06 GMT;13,66;2_39_126_20_2019-01-14 02:48:10.576686;2;2-39-126-20;CA-310;637
Mon, 14 Jan 2019 03:12:55 GMT;Mon, 14 Jan 2019 05:36:37 GMT;Mon, 14 Jan 2019 05:31:51 GMT;13,673;2_39_123_23_2019-01-14 03:12:55.456144;2;2-39-123-23;CA-313;754
Mon, 14 Jan 2019 14:04:06 GMT;Mon, 14 Jan 2019 15:25:08 GMT;Mon, 14 Jan 2019 15:25:06 GMT;4,408;2_39_89_25_2019-01-14 14:04:06.098161;2;2-39-89-25;CA-315;743
Mon, 14 Jan 2019 15:30:11 GMT;Mon, 14 Jan 2019 19:14:35 GMT;Mon, 14 Jan 2019 19:14:27 GMT;16,203;2_39_78_366_2019-01-14 15:30:11.373605;2;2-39-78-366;CA-323;569
Mon, 14 Jan 2019 15:39:26 GMT;Tue, 15 Jan 2019 01:44:41 GMT;Mon, 14 Jan 2019 18:10:45 GMT;13,473;2_39_90_26_2019-01-14 15:39:26.443414;2;2-39-90-26;CA-316;945
Mon, 14 Jan 2019 16:02:18 GMT;Tue, 15 Jan 2019 00:35:11 GMT;Mon, 14 Jan 2019 18:06:02 GMT;5,639;2_39_79_379_2019-01-14 16:02:18.136538;2;2-39-79-379;CA-327;858
Mon, 14 Jan 2019 16:04:59 GMT;Tue, 15 Jan 2019 01:20:05 GMT;Mon, 14 Jan 2019 20:33:44 GMT;23,67;2_39_95_444_2019-01-14 16:04:58.630096;2;2-39-95-444;CA-497;234
Mon, 14 Jan 2019 16:21:36 GMT;Tue, 15 Jan 2019 02:21:47 GMT;Mon, 14 Jan 2019 20:55:41 GMT;24,471;2_39_92_442_2019-01-14 16:21:35.849786;2;2-39-92-442;CA-498;1243
Mon, 14 Jan 2019 16:23:41 GMT;Tue, 15 Jan 2019 01:39:26 GMT;Tue, 15 Jan 2019 01:27:36 GMT;39,902;2_39_79_377_2019-01-14 16:23:40.718424;2;2-39-79-377;CA-325;579
Mon, 14 Jan 2019 16:31:17 GMT;Tue, 15 Jan 2019 00:15:35 GMT;Tue, 15 Jan 2019 00:03:41 GMT;30,647;2_39_78_363_2019-01-14 16:31:17.433849;2;2-39-78-363;CA-320;1470
Mon, 14 Jan 2019 16:37:54 GMT;Tue, 15 Jan 2019 01:25:29 GMT;Mon, 14 Jan 2019 18:49:50 GMT;6,07;2_39_131_30_2019-01-14 16:37:53.827429;2;2-39-131-30;CA-305;1366
Mon, 14 Jan 2019 16:38:23 GMT;Tue, 15 Jan 2019 03:23:41 GMT;Mon, 14 Jan 2019 19:40:43 GMT;9,408;2_39_129_17_2019-01-14 16:38:23.348950;2;2-39-129-17;CA-307;712
Mon, 14 Jan 2019 16:41:39 GMT;Tue, 15 Jan 2019 01:14:25 GMT;Tue, 15 Jan 2019 01:15:23 GMT;6,942;2_39_78_362_2019-01-14 16:41:39.250469;2;2-39-78-362;CA-496;875
Mon, 14 Jan 2019 16:45:35 GMT;Tue, 15 Jan 2019 01:20:06 GMT;Tue, 15 Jan 2019 00:53:49 GMT;13,983;2_39_78_365_2019-01-14 16:45:35.097659;2;2-39-78-365;CA-321;171
Mon, 14 Jan 2019 16:58:12 GMT;Mon, 14 Jan 2019 20:35:31 GMT;Mon, 14 Jan 2019 19:27:39 GMT;5,941;2_39_127_19_2019-01-14 16:58:12.158150;2;2-39-127-19;CA-309;562
Mon, 14 Jan 2019 17:10:08 GMT;Tue, 15 Jan 2019 02:00:14 GMT;Mon, 14 Jan 2019 18:26:16 GMT;3,823;2_39_89_25_2019-01-14 17:10:07.715637;2;2-39-89-25;CA-315;567
Mon, 14 Jan 2019 17:12:21 GMT;Mon, 14 Jan 2019 21:02:33 GMT;Mon, 14 Jan 2019 20:58:59 GMT;8,079;2_39_79_378_2019-01-14 17:12:20.798170;2;2-39-79-378;CA-326;1649
Mon, 14 Jan 2019 17:19:37 GMT;Tue, 15 Jan 2019 00:21:16 GMT;Mon, 14 Jan 2019 21:24:55 GMT;11,695;2_39_88_438_2019-01-14 17:19:37.218104;2;2-39-88-438;CA-502;1534
Mon, 14 Jan 2019 17:23:12 GMT;Tue, 15 Jan 2019 02:40:38 GMT;Mon, 14 Jan 2019 19:41:56 GMT;5,302;2_39_89_439_2019-01-14 17:23:12.138225;2;2-39-89-439;CA-501;743
Mon, 14 Jan 2019 17:32:56 GMT;Mon, 14 Jan 2019 20:35:15 GMT;Mon, 14 Jan 2019 20:35:04 GMT;8,202;2_39_79_381_2019-01-14 17:32:55.930376;2;2-39-79-381;CA-490;1154
Mon, 14 Jan 2019 17:33:53 GMT;Tue, 15 Jan 2019 00:20:39 GMT;Mon, 14 Jan 2019 20:40:41 GMT;16,577;2_39_95_27_2019-01-14 17:33:52.545813;2;2-39-95-27;CA-319;1001
Mon, 14 Jan 2019 17:38:26 GMT;Tue, 15 Jan 2019 01:56:20 GMT;Mon, 14 Jan 2019 19:33:30 GMT;4,582;2_39_123_23_2019-01-14 17:38:25.998117;2;2-39-123-23;CA-313;620
Mon, 14 Jan 2019 17:40:08 GMT;Mon, 14 Jan 2019 23:54:42 GMT;Mon, 14 Jan 2019 19:57:23 GMT;4,861;2_39_128_18_2019-01-14 17:40:07.964547;2;2-39-128-18;CA-308;1481
Mon, 14 Jan 2019 18:09:17 GMT;Tue, 15 Jan 2019 01:27:18 GMT;Mon, 14 Jan 2019 19:48:47 GMT;4,249;2_39_91_437_2019-01-14 18:09:16.959413;2;2-39-91-437;CA-317;891
Mon, 14 Jan 2019 18:20:47 GMT;Tue, 15 Jan 2019 03:06:09 GMT;Tue, 15 Jan 2019 00:09:08 GMT;10,086;2_39_79_380_2019-01-14 18:20:47.348199;2;2-39-79-380;CA-489;697
Mon, 14 Jan 2019 18:21:29 GMT;Tue, 15 Jan 2019 01:51:54 GMT;Mon, 14 Jan 2019 20:22:25 GMT;11,308;2_39_129_563_2019-01-14 18:21:28.936072;2;2-39-129-563;CA-509;69
Mon, 14 Jan 2019 18:23:38 GMT;Tue, 15 Jan 2019 02:05:43 GMT;Tue, 15 Jan 2019 01:03:30 GMT;12,419;2_39_79_383_2019-01-14 18:23:38.264189;2;2-39-79-383;CA-492;1095
Mon, 14 Jan 2019 18:27:22 GMT;Tue, 15 Jan 2019 03:15:13 GMT;Mon, 14 Jan 2019 20:51:23 GMT;11,82;2_39_92_436_2019-01-14 18:27:21.763356;2;2-39-92-436;CA-318;558
Mon, 14 Jan 2019 18:44:15 GMT;Mon, 14 Jan 2019 20:01:45 GMT;Mon, 14 Jan 2019 20:01:42 GMT;6,037;2_39_78_367_2019-01-14 18:44:14.841819;2;2-39-78-367;CA-494;668
Mon, 14 Jan 2019 20:07:47 GMT;Tue, 15 Jan 2019 11:09:53 GMT;Tue, 15 Jan 2019 04:54:04 GMT;37,724;2_39_79_376_2019-01-14 20:07:47.503554;2;2-39-79-376;CA-324;1238
Mon, 14 Jan 2019 20:29:56 GMT;Mon, 14 Jan 2019 23:55:57 GMT;Mon, 14 Jan 2019 21:46:29 GMT;2,83;2_39_88_24_2019-01-14 20:29:56.396382;2;2-39-88-24;CA-314;560
Mon, 14 Jan 2019 20:30:57 GMT;Tue, 15 Jan 2019 02:53:50 GMT;Mon, 14 Jan 2019 22:53:38 GMT;6,812;2_39_78_360_2019-01-14 20:30:57.164690;2;2-39-78-360;CA-322;1124
Mon, 14 Jan 2019 21:34:10 GMT;Mon, 14 Jan 2019 22:19:10 GMT;Mon, 14 Jan 2019 22:19:08 GMT;0,952;2_39_78_367_2019-01-14 21:34:10.176608;2;2-39-78-367;CA-494;
Mon, 14 Jan 2019 22:10:19 GMT;Tue, 15 Jan 2019 01:30:22 GMT;Tue, 15 Jan 2019 01:30:18 GMT;15,427;2_39_125_21_2019-01-14 22:10:19.332662;2;2-39-125-21;CA-311;569
Mon, 14 Jan 2019 22:19:33 GMT;Tue, 15 Jan 2019 03:59:32 GMT;Tue, 15 Jan 2019 01:23:32 GMT;7,048;2_39_79_378_2019-01-14 22:19:32.591971;2;2-39-79-378;CA-326;1649
Mon, 14 Jan 2019 22:24:42 GMT;Tue, 15 Jan 2019 03:12:32 GMT;Tue, 15 Jan 2019 02:56:30 GMT;2,136;2_39_79_381_2019-01-14 22:24:42.008852;2;2-39-79-381;CA-490;
Mon, 14 Jan 2019 22:36:47 GMT;Mon, 14 Jan 2019 23:50:09 GMT;Mon, 14 Jan 2019 23:30:16 GMT;0,967;2_39_78_367_2019-01-14 22:36:47.491997;2;2-39-78-367;CA-494;
Mon, 14 Jan 2019 23:03:37 GMT;Mon, 14 Jan 2019 23:48:47 GMT;Mon, 14 Jan 2019 23:48:44 GMT;2,863;2_39_124_22_2019-01-14 23:03:36.776413;2;2-39-124-22;CA-312;1309
Mon, 14 Jan 2019 23:21:26 GMT;Tue, 15 Jan 2019 02:46:13 GMT;Tue, 15 Jan 2019 00:35:49 GMT;2,319;2_39_78_366_2019-01-14 23:21:26.058884;2;2-39-78-366;CA-323;1082
Tue, 15 Jan 2019 00:32:54 GMT;Tue, 15 Jan 2019 01:57:51 GMT;Tue, 15 Jan 2019 01:55:12 GMT;1,048;2_39_139_28_2019-01-15 00:32:53.987870;2;2-39-139-28;CA-303;
Tue, 15 Jan 2019 01:20:20 GMT;Tue, 15 Jan 2019 02:55:19 GMT;Tue, 15 Jan 2019 02:55:10 GMT;9,283;2_39_138_29_2019-01-15 01:20:20.177269;2;2-39-138-29;CA-304;362
Tue, 15 Jan 2019 01:29:18 GMT;Tue, 15 Jan 2019 04:24:00 GMT;Tue, 15 Jan 2019 04:23:56 GMT;9,238;2_39_79_379_2019-01-15 01:29:17.728756;2;2-39-79-379;CA-327;777
Tue, 15 Jan 2019 01:37:59 GMT;Tue, 15 Jan 2019 05:34:25 GMT;Tue, 15 Jan 2019 05:34:19 GMT;21,902;2_39_78_363_2019-01-15 01:37:59.455862;2;2-39-78-363;CA-320;1225
Tue, 15 Jan 2019 01:40:18 GMT;Tue, 15 Jan 2019 03:46:08 GMT;Tue, 15 Jan 2019 03:28:31 GMT;5,409;2_39_79_377_2019-01-15 01:40:17.548613;2;2-39-79-377;CA-325;1083
Tue, 15 Jan 2019 01:41:35 GMT;Tue, 15 Jan 2019 03:32:49 GMT;Tue, 15 Jan 2019 03:32:44 GMT;11,964;2_39_128_18_2019-01-15 01:41:35.446631;2;2-39-128-18;CA-308;1133
Tue, 15 Jan 2019 01:47:04 GMT;Tue, 15 Jan 2019 14:14:02 GMT;Tue, 15 Jan 2019 06:12:24 GMT;15,435;2_39_130_31_2019-01-15 01:47:03.768004;2;2-39-130-31;CA-306;838
Tue, 15 Jan 2019 02:25:24 GMT;Tue, 15 Jan 2019 03:40:13 GMT;Tue, 15 Jan 2019 03:40:08 GMT;4,079;2_39_139_28_2019-01-15 02:25:24.457118;2;2-39-139-28;CA-303;1164
Tue, 15 Jan 2019 03:30:54 GMT;Tue, 15 Jan 2019 06:35:51 GMT;Tue, 15 Jan 2019 05:35:25 GMT;13,225;2_39_91_437_2019-01-15 03:30:54.262174;2;2-39-91-437;CA-317;754
Tue, 15 Jan 2019 13:56:01 GMT;Tue, 15 Jan 2019 15:02:29 GMT;Tue, 15 Jan 2019 15:02:23 GMT;3,765;2_39_89_25_2019-01-15 13:56:00.638538;2;2-39-89-25;CA-315;743
Tue, 15 Jan 2019 13:58:28 GMT;Tue, 15 Jan 2019 22:33:54 GMT;Tue, 15 Jan 2019 22:33:48 GMT;52,5;2_39_123_23_2019-01-15 13:58:28.444557;2;2-39-123-23;CA-313;556
Tue, 15 Jan 2019 15:14:17 GMT;Wed, 16 Jan 2019 00:15:57 GMT;Wed, 16 Jan 2019 00:11:35 GMT;31,756;2_39_78_366_2019-01-15 15:14:16.540782;2;2-39-78-366;CA-323;569
Tue, 15 Jan 2019 15:57:26 GMT;Wed, 16 Jan 2019 01:33:49 GMT;Wed, 16 Jan 2019 00:58:16 GMT;4,296;2_39_79_379_2019-01-15 15:57:25.604752;2;2-39-79-379;CA-327;1083
Tue, 15 Jan 2019 16:04:32 GMT;Wed, 16 Jan 2019 00:37:17 GMT;Tue, 15 Jan 2019 18:02:32 GMT;5,605;2_39_90_26_2019-01-15 16:04:31.584617;2;2-39-90-26;CA-316;858
Tue, 15 Jan 2019 16:09:17 GMT;Tue, 15 Jan 2019 21:49:42 GMT;Tue, 15 Jan 2019 21:50:40 GMT;2,002;2_39_95_27_2019-01-15 16:09:16.534362;2;2-39-95-27;CA-319;
Tue, 15 Jan 2019 16:15:03 GMT;Wed, 16 Jan 2019 01:28:19 GMT;Wed, 16 Jan 2019 00:53:23 GMT;49,901;2_39_92_442_2019-01-15 16:15:02.544677;2;2-39-92-442;CA-498;818
Tue, 15 Jan 2019 16:30:29 GMT;Wed, 16 Jan 2019 01:05:48 GMT;Tue, 15 Jan 2019 19:20:43 GMT;11,231;2_39_79_378_2019-01-15 16:30:29.457256;2;2-39-79-378;CA-326;1470
Tue, 15 Jan 2019 16:43:15 GMT;Wed, 16 Jan 2019 01:23:25 GMT;Wed, 16 Jan 2019 01:23:18 GMT;31,492;2_39_78_360_2019-01-15 16:43:14.559078;2;2-39-78-360;CA-322;579
Tue, 15 Jan 2019 16:45:57 GMT;Wed, 16 Jan 2019 01:08:19 GMT;Tue, 15 Jan 2019 17:35:19 GMT;2,48;2_39_79_381_2019-01-15 16:45:56.909508;2;2-39-79-381;CA-490;1126
Tue, 15 Jan 2019 16:51:53 GMT;Wed, 16 Jan 2019 01:42:38 GMT;Wed, 16 Jan 2019 01:00:59 GMT;12,542;2_39_131_30_2019-01-15 16:51:52.790739;2;2-39-131-30;CA-305;171
Tue, 15 Jan 2019 16:55:25 GMT;Wed, 16 Jan 2019 00:57:22 GMT;Tue, 15 Jan 2019 18:41:01 GMT;4,723;2_39_89_25_2019-01-15 16:55:25.024057;2;2-39-89-25;CA-315;743
Tue, 15 Jan 2019 16:59:04 GMT;Wed, 16 Jan 2019 03:42:04 GMT;Tue, 15 Jan 2019 17:50:41 GMT;1,852;2_39_91_437_2019-01-15 16:59:04.378838;2;2-39-91-437;CA-317;891
Tue, 15 Jan 2019 17:01:55 GMT;Wed, 16 Jan 2019 01:56:42 GMT;Tue, 15 Jan 2019 18:47:37 GMT;9,444;2_39_89_439_2019-01-15 17:01:54.516847;2;2-39-89-439;CA-501;637
Tue, 15 Jan 2019 17:01:59 GMT;Tue, 15 Jan 2019 18:12:58 GMT;Tue, 15 Jan 2019 18:12:54 GMT;3,629;2_39_124_22_2019-01-15 17:01:58.790953;2;2-39-124-22;CA-312;1108
Tue, 15 Jan 2019 17:02:27 GMT;Wed, 16 Jan 2019 02:31:18 GMT;Wed, 16 Jan 2019 02:30:18 GMT;8,097;2_39_124_558_2019-01-15 17:02:26.877950;2;2-39-124-558;CA-504;1534
Tue, 15 Jan 2019 17:02:46 GMT;Tue, 15 Jan 2019 21:25:23 GMT;Tue, 15 Jan 2019 18:07:43 GMT;2,644;2_39_138_29_2019-01-15 17:02:45.651152;2;2-39-138-29;CA-304;1366
Tue, 15 Jan 2019 17:08:42 GMT;Wed, 16 Jan 2019 03:19:07 GMT;Tue, 15 Jan 2019 19:04:25 GMT;5,905;2_39_127_19_2019-01-15 17:08:41.895036;2;2-39-127-19;CA-309;712
Tue, 15 Jan 2019 17:16:55 GMT;Wed, 16 Jan 2019 02:20:04 GMT;Tue, 15 Jan 2019 19:26:37 GMT;6,169;2_39_79_377_2019-01-15 17:16:55.031474;2;2-39-79-377;CA-325;567
Tue, 15 Jan 2019 17:20:09 GMT;Wed, 16 Jan 2019 02:34:25 GMT;Tue, 15 Jan 2019 19:35:39 GMT;12,375;2_39_127_561_2019-01-15 17:20:09.331306;2;2-39-127-561;CA-507;69
Tue, 15 Jan 2019 17:46:55 GMT;Tue, 15 Jan 2019 20:02:38 GMT;Tue, 15 Jan 2019 20:02:35 GMT;1,322;2_39_78_367_2019-01-15 17:46:55.294917;2;2-39-78-367;CA-494;
Tue, 15 Jan 2019 17:50:44 GMT;Wed, 16 Jan 2019 01:55:24 GMT;Tue, 15 Jan 2019 18:21:25 GMT;0,832;2_39_79_380_2019-01-15 17:50:44.088926;2;2-39-79-380;CA-489;
Tue, 15 Jan 2019 17:56:53 GMT;Wed, 16 Jan 2019 03:09:10 GMT;Tue, 15 Jan 2019 20:34:06 GMT;12,294;2_39_92_436_2019-01-15 17:56:52.587767;2;2-39-92-436;CA-318;558
Tue, 15 Jan 2019 18:01:38 GMT;Wed, 16 Jan 2019 02:06:04 GMT;Tue, 15 Jan 2019 20:42:56 GMT;13,291;2_39_123_557_2019-01-15 18:01:38.354416;2;2-39-123-557;CA-503;1095
Tue, 15 Jan 2019 18:06:05 GMT;Wed, 16 Jan 2019 17:56:23 GMT;Wed, 16 Jan 2019 17:57:23 GMT;6,196;2_39_79_376_2019-01-15 18:06:05.049935;2;2-39-79-376;CA-324;
Tue, 15 Jan 2019 18:07:26 GMT;Wed, 16 Jan 2019 00:31:34 GMT;Wed, 16 Jan 2019 00:28:02 GMT;8,282;2_39_78_365_2019-01-15 18:07:25.986516;2;2-39-78-365;CA-321;1137
Tue, 15 Jan 2019 18:08:34 GMT;Wed, 16 Jan 2019 02:15:22 GMT;Tue, 15 Jan 2019 20:28:59 GMT;6,6;2_39_88_24_2019-01-15 18:08:33.802226;2;2-39-88-24;CA-314;562
Tue, 15 Jan 2019 18:16:15 GMT;Wed, 16 Jan 2019 04:12:33 GMT;Tue, 15 Jan 2019 19:28:14 GMT;2,338;2_39_124_22_2019-01-15 18:16:15.103568;2;2-39-124-22;CA-312;324
Tue, 15 Jan 2019 18:32:16 GMT;Tue, 15 Jan 2019 20:11:50 GMT;Tue, 15 Jan 2019 19:04:09 GMT;0,965;2_39_78_363_2019-01-15 18:32:15.553952;2;2-39-78-363;CA-320;
Tue, 15 Jan 2019 18:40:34 GMT;Tue, 15 Jan 2019 20:35:49 GMT;Tue, 15 Jan 2019 20:35:44 GMT;4,27;2_39_78_361_2019-01-15 18:40:33.911838;2;2-39-78-361;CA-493;1001
Tue, 15 Jan 2019 18:56:58 GMT;Wed, 16 Jan 2019 04:41:47 GMT;Wed, 16 Jan 2019 02:31:07 GMT;7,733;2_39_78_364_2019-01-15 18:56:58.200185;2;2-39-78-364;CA-495;1274
Tue, 15 Jan 2019 19:22:37 GMT;Wed, 16 Jan 2019 03:43:56 GMT;Wed, 16 Jan 2019 03:44:56 GMT;7,495;2_39_78_362_2019-01-15 19:22:37.424637;2;2-39-78-362;CA-496;1124
Tue, 15 Jan 2019 19:23:43 GMT;Tue, 15 Jan 2019 22:52:15 GMT;Tue, 15 Jan 2019 21:34:43 GMT;12,385;2_39_90_440_2019-01-15 19:23:42.564256;2;2-39-90-440;CA-500;234
Tue, 15 Jan 2019 19:44:55 GMT;Wed, 16 Jan 2019 01:13:02 GMT;Tue, 15 Jan 2019 23:35:14 GMT;20,554;2_39_79_383_2019-01-15 19:44:54.951141;2;2-39-79-383;CA-492;832
Tue, 15 Jan 2019 20:09:38 GMT;Wed, 16 Jan 2019 03:05:27 GMT;Wed, 16 Jan 2019 00:53:48 GMT;22,352;2_39_95_444_2019-01-15 20:09:37.716828;2;2-39-95-444;CA-497;515
Tue, 15 Jan 2019 20:27:02 GMT;Wed, 16 Jan 2019 02:47:37 GMT;Wed, 16 Jan 2019 02:45:38 GMT;11,537;2_39_78_367_2019-01-15 20:27:02.474153;2;2-39-78-367;CA-494;1526
Tue, 15 Jan 2019 20:32:45 GMT;Tue, 15 Jan 2019 20:46:50 GMT;Tue, 15 Jan 2019 20:46:44 GMT;0,528;2_39_78_363_2019-01-15 20:32:45.499747;2;2-39-78-363;CA-320;1087
Tue, 15 Jan 2019 20:48:09 GMT;Tue, 15 Jan 2019 22:55:23 GMT;Tue, 15 Jan 2019 22:55:04 GMT;5,786;2_39_78_361_2019-01-15 20:48:08.929202;2;2-39-78-361;CA-493;1154
Tue, 15 Jan 2019 21:18:13 GMT;Tue, 15 Jan 2019 23:50:48 GMT;Tue, 15 Jan 2019 22:59:34 GMT;1,062;2_39_78_363_2019-01-15 21:18:12.685489;2;2-39-78-363;CA-320;
Tue, 15 Jan 2019 21:50:17 GMT;Wed, 16 Jan 2019 02:00:31 GMT;Tue, 15 Jan 2019 23:50:31 GMT;11,679;2_39_95_27_2019-01-15 21:50:16.782924;2;2-39-95-27;CA-319;945
Tue, 15 Jan 2019 21:51:38 GMT;Wed, 16 Jan 2019 00:06:03 GMT;Tue, 15 Jan 2019 23:17:09 GMT;7,39;2_39_91_441_2019-01-15 21:51:38.164056;2;2-39-91-441;CA-499;1001
Tue, 15 Jan 2019 22:08:40 GMT;Tue, 15 Jan 2019 22:40:00 GMT;Tue, 15 Jan 2019 22:39:32 GMT;0,89;2_39_83_386_2019-01-15 22:08:39.974492;2;2-39-83-386;CA-212;
Wed, 16 Jan 2019 00:31:25 GMT;Wed, 16 Jan 2019 02:31:35 GMT;Wed, 16 Jan 2019 02:31:26 GMT;11,581;2_39_78_366_2019-01-16 00:31:24.967533;2;2-39-78-366;CA-323;1039
Wed, 16 Jan 2019 01:57:49 GMT;Wed, 16 Jan 2019 06:45:17 GMT;Wed, 16 Jan 2019 06:41:12 GMT;16,52;2_39_79_378_2019-01-16 01:57:49.020329;2;2-39-79-378;CA-326;1135
Wed, 16 Jan 2019 02:06:19 GMT;Wed, 16 Jan 2019 02:48:18 GMT;Wed, 16 Jan 2019 02:48:05 GMT;4,433;2_39_123_23_2019-01-16 02:06:19.205665;2;2-39-123-23;CA-313;755
Wed, 16 Jan 2019 02:11:58 GMT;Wed, 16 Jan 2019 02:54:00 GMT;Wed, 16 Jan 2019 02:50:21 GMT;0,685;2_39_138_29_2019-01-16 02:11:57.909662;2;2-39-138-29;CA-304;
Wed, 16 Jan 2019 02:13:30 GMT;Wed, 16 Jan 2019 06:49:09 GMT;Wed, 16 Jan 2019 06:40:21 GMT;15,398;2_39_139_28_2019-01-16 02:13:30.400924;2;2-39-139-28;CA-303;838
Wed, 16 Jan 2019 02:24:10 GMT;Wed, 16 Jan 2019 05:32:40 GMT;Wed, 16 Jan 2019 05:32:19 GMT;20,45;2_39_79_380_2019-01-16 02:24:09.722351;2;2-39-79-380;CA-489;1208
Wed, 16 Jan 2019 02:54:39 GMT;Wed, 16 Jan 2019 04:27:08 GMT;Wed, 16 Jan 2019 04:27:06 GMT;3,969;2_39_129_17_2019-01-16 02:54:39.268065;2;2-39-129-17;CA-307;675
Wed, 16 Jan 2019 03:22:03 GMT;Wed, 16 Jan 2019 06:11:18 GMT;Wed, 16 Jan 2019 06:11:09 GMT;15,861;2_39_128_18_2019-01-16 03:22:02.586769;2;2-39-128-18;CA-308;1099
Wed, 16 Jan 2019 04:19:50 GMT;Wed, 16 Jan 2019 05:48:03 GMT;Wed, 16 Jan 2019 05:47:58 GMT;9,59;2_39_138_29_2019-01-16 04:19:50.401688;2;2-39-138-29;CA-304;1263
Wed, 16 Jan 2019 13:51:58 GMT;Wed, 16 Jan 2019 22:35:22 GMT;Wed, 16 Jan 2019 18:52:50 GMT;27,246;2_39_123_23_2019-01-16 13:51:58.452310;2;2-39-123-23;CA-313;556
Wed, 16 Jan 2019 14:41:49 GMT;Wed, 16 Jan 2019 15:34:49 GMT;Wed, 16 Jan 2019 15:34:45 GMT;2,757;2_39_89_25_2019-01-16 14:41:49.029739;2;2-39-89-25;CA-315;743
Wed, 16 Jan 2019 15:38:44 GMT;Thu, 17 Jan 2019 01:13:52 GMT;Thu, 17 Jan 2019 01:13:48 GMT;38,766;2_39_79_380_2019-01-16 15:38:43.882113;2;2-39-79-380;CA-489;1208
Wed, 16 Jan 2019 16:13:40 GMT;Thu, 17 Jan 2019 02:22:00 GMT;Wed, 16 Jan 2019 19:30:42 GMT;14,515;2_39_89_439_2019-01-16 16:13:40.391513;2;2-39-89-439;CA-501;431
Wed, 16 Jan 2019 16:22:29 GMT;Thu, 17 Jan 2019 00:59:29 GMT;Wed, 16 Jan 2019 23:15:24 GMT;10,472;2_39_78_363_2019-01-16 16:22:29.440910;2;2-39-78-363;CA-320;1470
Wed, 16 Jan 2019 16:24:20 GMT;Thu, 17 Jan 2019 02:12:25 GMT;Wed, 16 Jan 2019 17:09:19 GMT;1,008;2_39_79_379_2019-01-16 16:24:20.420324;2;2-39-79-379;CA-327;
Wed, 16 Jan 2019 16:26:58 GMT;Thu, 17 Jan 2019 01:27:18 GMT;Wed, 16 Jan 2019 19:06:26 GMT;13,596;2_39_89_25_2019-01-16 16:26:58.117269;2;2-39-89-25;CA-315;945
Wed, 16 Jan 2019 16:35:14 GMT;Wed, 16 Jan 2019 21:07:16 GMT;Wed, 16 Jan 2019 21:04:58 GMT;9,285;2_39_125_21_2019-01-16 16:35:13.803696;2;2-39-125-21;CA-311;171
Wed, 16 Jan 2019 16:38:49 GMT;Wed, 16 Jan 2019 20:01:08 GMT;Wed, 16 Jan 2019 18:44:19 GMT;5,277;2_39_139_28_2019-01-16 16:38:48.965619;2;2-39-139-28;CA-303;562
Wed, 16 Jan 2019 16:39:36 GMT;Thu, 17 Jan 2019 03:31:43 GMT;Wed, 16 Jan 2019 18:49:46 GMT;6,221;2_39_131_30_2019-01-16 16:39:35.821270;2;2-39-131-30;CA-305;712
Wed, 16 Jan 2019 16:43:28 GMT;Wed, 16 Jan 2019 20:36:14 GMT;Wed, 16 Jan 2019 17:18:08 GMT;0,895;2_39_92_442_2019-01-16 16:43:28.316776;2;2-39-92-442;CA-498;
Wed, 16 Jan 2019 16:55:49 GMT;Thu, 17 Jan 2019 00:59:33 GMT;Wed, 16 Jan 2019 19:13:14 GMT;6,443;2_39_91_437_2019-01-16 16:55:48.706798;2;2-39-91-437;CA-317;858
Wed, 16 Jan 2019 16:56:10 GMT;Thu, 17 Jan 2019 05:06:00 GMT;Wed, 16 Jan 2019 19:07:32 GMT;6,276;2_39_127_19_2019-01-16 16:56:09.806467;2;2-39-127-19;CA-309;567
Wed, 16 Jan 2019 16:59:05 GMT;Thu, 17 Jan 2019 01:19:26 GMT;Thu, 17 Jan 2019 01:19:20 GMT;10,18;2_39_78_366_2019-01-16 16:59:04.593280;2;2-39-78-366;CA-323;579
Wed, 16 Jan 2019 17:21:05 GMT;Thu, 17 Jan 2019 01:12:27 GMT;Wed, 16 Jan 2019 19:24:48 GMT;5,629;2_39_90_440_2019-01-16 17:21:04.881695;2;2-39-90-440;CA-500;743
Wed, 16 Jan 2019 17:22:50 GMT;Thu, 17 Jan 2019 01:52:11 GMT;Wed, 16 Jan 2019 20:36:30 GMT;5,995;2_39_79_381_2019-01-16 17:22:50.456224;2;2-39-79-381;CA-490;714
Wed, 16 Jan 2019 17:24:22 GMT;Thu, 17 Jan 2019 01:08:51 GMT;Wed, 16 Jan 2019 21:58:58 GMT;10,662;2_39_79_383_2019-01-16 17:24:21.540692;2;2-39-79-383;CA-492;1095
Wed, 16 Jan 2019 17:25:16 GMT;Thu, 17 Jan 2019 01:49:56 GMT;Thu, 17 Jan 2019 01:49:36 GMT;26,521;2_39_83_386_2019-01-16 17:25:15.747808;2;2-39-83-386;CA-212;1154
Wed, 16 Jan 2019 17:27:53 GMT;Thu, 17 Jan 2019 02:15:36 GMT;Wed, 16 Jan 2019 19:35:37 GMT;5,884;2_39_88_438_2019-01-16 17:27:52.760440;2;2-39-88-438;CA-502;1534
Wed, 16 Jan 2019 17:31:11 GMT;Wed, 16 Jan 2019 23:55:36 GMT;Wed, 16 Jan 2019 23:08:59 GMT;7,23;2_39_92_436_2019-01-16 17:31:11.132978;2;2-39-92-436;CA-318;1364
Wed, 16 Jan 2019 17:34:48 GMT;Wed, 16 Jan 2019 21:59:06 GMT;Wed, 16 Jan 2019 21:56:12 GMT;1,274;2_39_88_24_2019-01-16 17:34:48.148540;2;2-39-88-24;CA-314;
Wed, 16 Jan 2019 17:37:45 GMT;Thu, 17 Jan 2019 03:18:07 GMT;Wed, 16 Jan 2019 18:22:12 GMT;1,551;2_39_95_27_2019-01-16 17:37:44.764081;2;2-39-95-27;CA-319;891
Wed, 16 Jan 2019 17:45:43 GMT;Thu, 17 Jan 2019 00:59:32 GMT;Wed, 16 Jan 2019 21:53:28 GMT;22,772;2_39_95_444_2019-01-16 17:45:43.434742;2;2-39-95-444;CA-497;1104
Wed, 16 Jan 2019 17:51:11 GMT;Thu, 17 Jan 2019 05:13:00 GMT;Wed, 16 Jan 2019 20:55:00 GMT;15,414;2_39_91_441_2019-01-16 17:51:11.354558;2;2-39-91-441;CA-499;755
Wed, 16 Jan 2019 17:53:46 GMT;Thu, 17 Jan 2019 01:11:54 GMT;Wed, 16 Jan 2019 23:15:14 GMT;4,91;2_39_78_365_2019-01-16 17:53:46.318816;2;2-39-78-365;CA-321;1001
Wed, 16 Jan 2019 17:57:00 GMT;Thu, 17 Jan 2019 02:03:24 GMT;Wed, 16 Jan 2019 19:49:30 GMT;3,316;2_39_79_376_2019-01-16 17:56:59.996971;2;2-39-79-376;CA-324;1123
Wed, 16 Jan 2019 17:59:52 GMT;Thu, 17 Jan 2019 03:16:18 GMT;Wed, 16 Jan 2019 20:23:02 GMT;12,352;2_39_90_26_2019-01-16 17:59:51.707296;2;2-39-90-26;CA-316;558
Wed, 16 Jan 2019 18:10:38 GMT;Thu, 17 Jan 2019 22:17:11 GMT;Thu, 17 Jan 2019 00:16:51 GMT;23,871;2_39_79_378_2019-01-16 18:10:38.369415;2;2-39-79-378;CA-326;850
Wed, 16 Jan 2019 18:14:28 GMT;Thu, 17 Jan 2019 02:49:33 GMT;Wed, 16 Jan 2019 23:51:31 GMT;11,143;2_39_79_377_2019-01-16 18:14:28.117899;2;2-39-79-377;CA-325;697
Wed, 16 Jan 2019 18:15:00 GMT;Wed, 16 Jan 2019 23:01:29 GMT;Wed, 16 Jan 2019 23:00:52 GMT;5,688;2_39_78_367_2019-01-16 18:14:59.782926;2;2-39-78-367;CA-494;1526
Wed, 16 Jan 2019 18:24:43 GMT;Thu, 17 Jan 2019 01:08:45 GMT;Wed, 16 Jan 2019 22:35:30 GMT;5,2;2_39_78_364_2019-01-16 18:24:43.451473;2;2-39-78-364;CA-495;620
Wed, 16 Jan 2019 18:27:08 GMT;Thu, 17 Jan 2019 02:52:41 GMT;Wed, 16 Jan 2019 20:52:57 GMT;3,588;2_39_78_361_2019-01-16 18:27:08.074431;2;2-39-78-361;CA-493;1124
Wed, 16 Jan 2019 19:01:51 GMT;Wed, 16 Jan 2019 23:57:35 GMT;Wed, 16 Jan 2019 23:58:35 GMT;10,62;2_39_78_362_2019-01-16 19:01:51.478840;2;2-39-78-362;CA-496;1087
Wed, 16 Jan 2019 20:28:33 GMT;Thu, 17 Jan 2019 01:19:46 GMT;Wed, 16 Jan 2019 22:28:41 GMT;5,822;2_39_123_557_2019-01-16 20:28:32.645659;2;2-39-123-557;CA-503;1083
Wed, 16 Jan 2019 20:51:52 GMT;Thu, 17 Jan 2019 01:18:47 GMT;Wed, 16 Jan 2019 21:15:46 GMT;0,955;2_39_139_28_2019-01-16 20:51:52.033324;2;2-39-139-28;CA-303;562
Wed, 16 Jan 2019 20:52:55 GMT;Thu, 17 Jan 2019 09:16:59 GMT;Wed, 16 Jan 2019 22:05:23 GMT;2,301;2_39_92_442_2019-01-16 20:52:54.997181;2;2-39-92-442;CA-498;1082
Wed, 16 Jan 2019 21:02:49 GMT;Thu, 17 Jan 2019 02:21:58 GMT;Thu, 17 Jan 2019 02:21:55 GMT;4,015;2_39_78_360_2019-01-16 21:02:48.837031;2;2-39-78-360;CA-322;1285
Thu, 17 Jan 2019 00:59:33 GMT;Thu, 17 Jan 2019 01:59:57 GMT;Thu, 17 Jan 2019 01:53:30 GMT;1,435;2_39_138_29_2019-01-17 00:59:32.897743;2;2-39-138-29;CA-304;
Thu, 17 Jan 2019 01:32:54 GMT;Thu, 17 Jan 2019 03:45:03 GMT;Thu, 17 Jan 2019 03:44:58 GMT;14,358;2_39_139_28_2019-01-17 01:32:54.152062;2;2-39-139-28;CA-303;1133
Thu, 17 Jan 2019 01:42:21 GMT;Thu, 17 Jan 2019 05:55:24 GMT;Thu, 17 Jan 2019 03:49:25 GMT;12,499;2_39_128_18_2019-01-17 01:42:20.763533;2;2-39-128-18;CA-308;1099
Thu, 17 Jan 2019 02:03:18 GMT;Fri, 18 Jan 2019 15:52:26 GMT;Thu, 17 Jan 2019 06:36:35 GMT;15,745;2_39_130_31_2019-01-17 02:03:18.176557;2;2-39-130-31;CA-306;1152
Thu, 17 Jan 2019 03:20:20 GMT;Thu, 17 Jan 2019 04:15:42 GMT;Thu, 17 Jan 2019 03:50:32 GMT;0,828;2_39_89_25_2019-01-17 03:20:20.165980;2;2-39-89-25;CA-315;
Thu, 17 Jan 2019 04:39:56 GMT;Thu, 17 Jan 2019 06:15:54 GMT;Thu, 17 Jan 2019 06:15:45 GMT;5,221;2_39_138_29_2019-01-17 04:39:56.309590;2;2-39-138-29;CA-304;1649
Thu, 17 Jan 2019 14:00:22 GMT;Thu, 17 Jan 2019 15:14:59 GMT;Thu, 17 Jan 2019 15:14:54 GMT;4,026;2_39_89_25_2019-01-17 14:00:21.917277;2;2-39-89-25;CA-315;743
Thu, 17 Jan 2019 15:17:41 GMT;Fri, 18 Jan 2019 01:18:32 GMT;Thu, 17 Jan 2019 20:50:14 GMT;12,018;2_39_78_365_2019-01-17 15:17:41.104808;2;2-39-78-365;CA-321;569
Thu, 17 Jan 2019 15:59:14 GMT;Fri, 18 Jan 2019 02:49:54 GMT;Fri, 18 Jan 2019 02:49:49 GMT;6,552;2_39_79_379_2019-01-17 15:59:13.904684;2;2-39-79-379;CA-327;1083
Thu, 17 Jan 2019 16:03:59 GMT;Thu, 17 Jan 2019 19:10:51 GMT;Thu, 17 Jan 2019 18:00:26 GMT;6,12;2_39_123_23_2019-01-17 16:03:59.206227;2;2-39-123-23;CA-313;858
Thu, 17 Jan 2019 16:23:53 GMT;Thu, 17 Jan 2019 17:43:41 GMT;Thu, 17 Jan 2019 17:11:50 GMT;1,963;2_39_139_28_2019-01-17 16:23:53.444198;2;2-39-139-28;CA-303;891
Thu, 17 Jan 2019 16:26:21 GMT;Thu, 17 Jan 2019 19:45:40 GMT;Thu, 17 Jan 2019 19:45:11 GMT;16,333;2_39_95_444_2019-01-17 16:26:20.970127;2;2-39-95-444;CA-497;234
Thu, 17 Jan 2019 16:29:45 GMT;Fri, 18 Jan 2019 01:06:59 GMT;Thu, 17 Jan 2019 18:49:30 GMT;7,438;2_39_79_381_2019-01-17 16:29:44.825593;2;2-39-79-381;CA-490;1126
Thu, 17 Jan 2019 16:42:31 GMT;Thu, 17 Jan 2019 21:06:36 GMT;Thu, 17 Jan 2019 19:22:30 GMT;10,891;2_39_79_377_2019-01-17 16:42:31.044567;2;2-39-79-377;CA-325;1470
Thu, 17 Jan 2019 16:50:28 GMT;Thu, 17 Jan 2019 21:48:37 GMT;Thu, 17 Jan 2019 17:21:35 GMT;0,854;2_39_78_364_2019-01-17 16:50:28.492704;2;2-39-78-364;CA-495;
Thu, 17 Jan 2019 16:51:22 GMT;Fri, 18 Jan 2019 00:04:14 GMT;Thu, 17 Jan 2019 18:59:22 GMT;6,026;2_39_131_30_2019-01-17 16:51:22.118394;2;2-39-131-30;CA-305;562
Thu, 17 Jan 2019 16:54:33 GMT;Fri, 18 Jan 2019 00:36:54 GMT;Thu, 17 Jan 2019 21:30:14 GMT;21,446;2_39_83_386_2019-01-17 16:54:33.294546;2;2-39-83-386;CA-212;1154
Thu, 17 Jan 2019 16:56:05 GMT;Fri, 18 Jan 2019 03:33:08 GMT;Thu, 17 Jan 2019 18:59:15 GMT;6,392;2_39_129_17_2019-01-17 16:56:04.550641;2;2-39-129-17;CA-307;712
Thu, 17 Jan 2019 16:56:31 GMT;Thu, 17 Jan 2019 23:15:45 GMT;Thu, 17 Jan 2019 19:34:19 GMT;13,792;2_39_89_25_2019-01-17 16:56:30.807185;2;2-39-89-25;CA-315;945
Thu, 17 Jan 2019 17:04:20 GMT;Fri, 18 Jan 2019 03:04:57 GMT;Fri, 18 Jan 2019 02:18:10 GMT;14,246;2_39_78_363_2019-01-17 17:04:19.822772;2;2-39-78-363;CA-320;558
Thu, 17 Jan 2019 17:08:47 GMT;Fri, 18 Jan 2019 00:16:47 GMT;Thu, 17 Jan 2019 22:14:14 GMT;18,286;2_39_78_361_2019-01-17 17:08:46.707349;2;2-39-78-361;CA-493;564
Thu, 17 Jan 2019 17:12:25 GMT;Fri, 18 Jan 2019 04:49:43 GMT;Thu, 17 Jan 2019 19:13:42 GMT;6,076;2_39_91_437_2019-01-17 17:12:24.627530;2;2-39-91-437;CA-317;567
Thu, 17 Jan 2019 17:12:41 GMT;Fri, 18 Jan 2019 00:49:25 GMT;Thu, 17 Jan 2019 18:49:48 GMT;4,385;2_39_89_439_2019-01-17 17:12:40.964060;2;2-39-89-439;CA-501;743
Thu, 17 Jan 2019 17:14:59 GMT;Thu, 17 Jan 2019 23:00:18 GMT;Thu, 17 Jan 2019 21:38:16 GMT;23,174;2_39_124_22_2019-01-17 17:14:58.909286;2;2-39-124-22;CA-312;579
Thu, 17 Jan 2019 17:17:01 GMT;Thu, 17 Jan 2019 19:44:40 GMT;Thu, 17 Jan 2019 18:58:23 GMT;3,944;2_39_128_18_2019-01-17 17:17:01.055877;2;2-39-128-18;CA-308;620
Thu, 17 Jan 2019 17:24:53 GMT;Thu, 17 Jan 2019 21:41:57 GMT;Thu, 17 Jan 2019 21:41:52 GMT;23,541;2_39_127_19_2019-01-17 17:24:52.925242;2;2-39-127-19;CA-309;710
Thu, 17 Jan 2019 17:31:41 GMT;Fri, 18 Jan 2019 02:45:45 GMT;Fri, 18 Jan 2019 02:35:18 GMT;7,491;2_39_88_438_2019-01-17 17:31:41.149958;2;2-39-88-438;CA-502;1534
Thu, 17 Jan 2019 17:38:47 GMT;Fri, 18 Jan 2019 00:38:04 GMT;Fri, 18 Jan 2019 00:32:09 GMT;7,904;2_39_78_366_2019-01-17 17:38:47.237691;2;2-39-78-366;CA-323;1137
Thu, 17 Jan 2019 18:10:00 GMT;Thu, 17 Jan 2019 20:18:20 GMT;Thu, 17 Jan 2019 20:17:32 GMT;1,463;2_39_79_376_2019-01-17 18:09:59.567817;2;2-39-79-376;CA-324;
Thu, 17 Jan 2019 18:15:53 GMT;Thu, 17 Jan 2019 20:23:14 GMT;Thu, 17 Jan 2019 20:23:03 GMT;6,039;2_39_92_442_2019-01-17 18:15:53.409611;2;2-39-92-442;CA-498;1087
Thu, 17 Jan 2019 18:17:21 GMT;Fri, 18 Jan 2019 01:06:13 GMT;Thu, 17 Jan 2019 21:16:03 GMT;14,802;2_39_129_563_2019-01-17 18:17:20.785662;2;2-39-129-563;CA-509;69
Thu, 17 Jan 2019 18:18:21 GMT;Fri, 18 Jan 2019 01:37:16 GMT;Thu, 17 Jan 2019 21:53:04 GMT;8,724;2_39_78_360_2019-01-17 18:18:21.483575;2;2-39-78-360;CA-322;697
Thu, 17 Jan 2019 18:27:38 GMT;Fri, 18 Jan 2019 01:40:48 GMT;Fri, 18 Jan 2019 01:37:04 GMT;10,487;2_39_79_383_2019-01-17 18:27:37.601685;2;2-39-79-383;CA-492;1123
Thu, 17 Jan 2019 18:36:25 GMT;Fri, 18 Jan 2019 02:04:23 GMT;Thu, 17 Jan 2019 23:20:57 GMT;12,267;2_39_78_367_2019-01-17 18:36:25.418785;2;2-39-78-367;CA-494;714
Thu, 17 Jan 2019 20:41:50 GMT;Fri, 18 Jan 2019 00:37:36 GMT;Fri, 18 Jan 2019 00:38:36 GMT;6,992;2_39_78_362_2019-01-17 20:41:49.551230;2;2-39-78-362;CA-496;1124
Thu, 17 Jan 2019 20:51:08 GMT;Thu, 17 Jan 2019 23:11:26 GMT;Thu, 17 Jan 2019 23:11:21 GMT;8,261;2_39_92_442_2019-01-17 20:51:07.930133;2;2-39-92-442;CA-498;1135
Thu, 17 Jan 2019 21:06:21 GMT;Fri, 18 Jan 2019 01:09:45 GMT;Fri, 18 Jan 2019 00:55:10 GMT;19,89;2_39_88_24_2019-01-17 21:06:20.874490;2;2-39-88-24;CA-314;560
Thu, 17 Jan 2019 21:13:28 GMT;Fri, 18 Jan 2019 01:49:54 GMT;Fri, 18 Jan 2019 01:39:43 GMT;15,496;2_39_123_23_2019-01-17 21:13:28.313440;2;2-39-123-23;CA-313;1524
Thu, 17 Jan 2019 21:13:57 GMT;Fri, 18 Jan 2019 09:31:03 GMT;Thu, 17 Jan 2019 22:30:23 GMT;2,333;2_39_90_26_2019-01-17 21:13:56.539932;2;2-39-90-26;CA-316;1082
Thu, 17 Jan 2019 22:07:35 GMT;Fri, 18 Jan 2019 00:58:58 GMT;Fri, 18 Jan 2019 00:58:54 GMT;9,433;2_39_79_377_2019-01-17 22:07:34.782168;2;2-39-79-377;CA-325;777
Thu, 17 Jan 2019 22:08:52 GMT;Fri, 18 Jan 2019 00:42:38 GMT;Thu, 17 Jan 2019 23:39:14 GMT;9,238;2_39_127_19_2019-01-17 22:08:52.451331;2;2-39-127-19;CA-309;1001
Thu, 17 Jan 2019 23:34:55 GMT;Fri, 18 Jan 2019 00:55:33 GMT;Fri, 18 Jan 2019 00:05:40 GMT;0,887;2_39_89_25_2019-01-17 23:34:55.103698;2;2-39-89-25;CA-315;
Thu, 17 Jan 2019 23:51:34 GMT;Fri, 18 Jan 2019 02:50:24 GMT;Fri, 18 Jan 2019 00:20:28 GMT;1,495;2_39_79_378_2019-01-17 23:51:33.565330;2;2-39-79-378;CA-326;677
Thu, 17 Jan 2019 23:56:44 GMT;Fri, 18 Jan 2019 01:52:35 GMT;Fri, 18 Jan 2019 01:00:41 GMT;6,747;2_39_124_22_2019-01-17 23:56:43.599989;2;2-39-124-22;CA-312;1346
Fri, 18 Jan 2019 02:12:26 GMT;Fri, 18 Jan 2019 03:29:21 GMT;Fri, 18 Jan 2019 03:29:16 GMT;4,249;2_39_139_28_2019-01-18 02:12:25.916460;2;2-39-139-28;CA-303;1164
Fri, 18 Jan 2019 02:33:39 GMT;Fri, 18 Jan 2019 02:47:02 GMT;Fri, 18 Jan 2019 02:46:54 GMT;1,466;2_39_138_29_2019-01-18 02:33:38.699788;2;2-39-138-29;CA-304;1616
Fri, 18 Jan 2019 03:11:32 GMT;Fri, 18 Jan 2019 06:01:02 GMT;Fri, 18 Jan 2019 05:26:05 GMT;7,729;2_39_89_25_2019-01-18 03:11:31.654749;2;2-39-89-25;CA-315;1108
Fri, 18 Jan 2019 03:51:35 GMT;Fri, 18 Jan 2019 14:57:46 GMT;Fri, 18 Jan 2019 05:58:25 GMT;13,553;2_39_127_19_2019-01-18 03:51:35.182150;2;2-39-127-19;CA-309;754
Fri, 18 Jan 2019 04:18:28 GMT;Fri, 18 Jan 2019 05:40:46 GMT;Fri, 18 Jan 2019 05:38:55 GMT;9,001;2_39_139_28_2019-01-18 04:18:27.902530;2;2-39-139-28;CA-303;1263
Fri, 18 Jan 2019 04:27:40 GMT;Fri, 18 Jan 2019 18:06:36 GMT;Fri, 18 Jan 2019 09:08:42 GMT;15,928;2_39_79_378_2019-01-18 04:27:40.164518;2;2-39-79-378;CA-326;1135
Fri, 18 Jan 2019 04:50:10 GMT;Fri, 18 Jan 2019 06:34:39 GMT;Fri, 18 Jan 2019 06:34:27 GMT;11,999;2_39_125_21_2019-01-18 04:50:09.708645;2;2-39-125-21;CA-311;637
Fri, 18 Jan 2019 05:20:22 GMT;Fri, 18 Jan 2019 06:03:11 GMT;Fri, 18 Jan 2019 06:04:10 GMT;0,823;2_39_83_386_2019-01-18 05:20:21.857646;2;2-39-83-386;CA-212;
Fri, 18 Jan 2019 13:49:01 GMT;Fri, 18 Jan 2019 22:37:24 GMT;Fri, 18 Jan 2019 21:31:00 GMT;50,139;2_39_123_23_2019-01-18 13:49:01.282068;2;2-39-123-23;CA-313;556
Fri, 18 Jan 2019 13:56:49 GMT;Fri, 18 Jan 2019 15:04:28 GMT;Fri, 18 Jan 2019 15:04:24 GMT;3,345;2_39_89_25_2019-01-18 13:56:48.526419;2;2-39-89-25;CA-315;743
Fri, 18 Jan 2019 15:29:51 GMT;Sat, 19 Jan 2019 01:08:43 GMT;Fri, 18 Jan 2019 22:36:32 GMT;7,938;2_39_78_366_2019-01-18 15:29:50.592068;2;2-39-78-366;CA-323;569
Fri, 18 Jan 2019 15:59:19 GMT;Sat, 19 Jan 2019 00:36:58 GMT;Fri, 18 Jan 2019 17:45:49 GMT;5,513;2_39_89_25_2019-01-18 15:59:18.752643;2;2-39-89-25;CA-315;858
Fri, 18 Jan 2019 16:07:20 GMT;Fri, 18 Jan 2019 18:28:56 GMT;Fri, 18 Jan 2019 17:37:34 GMT;5,008;2_39_139_28_2019-01-18 16:07:19.656102;2;2-39-139-28;CA-303;1564
Fri, 18 Jan 2019 16:08:43 GMT;Sat, 19 Jan 2019 00:02:08 GMT;Sat, 19 Jan 2019 00:01:52 GMT;9,873;2_39_95_444_2019-01-18 16:08:43.124217;2;2-39-95-444;CA-497;234
Fri, 18 Jan 2019 16:14:06 GMT;Sat, 19 Jan 2019 00:52:30 GMT;Sat, 19 Jan 2019 00:03:02 GMT;24,983;2_39_92_442_2019-01-18 16:14:05.940811;2;2-39-92-442;CA-498;818
Fri, 18 Jan 2019 16:33:28 GMT;Sat, 19 Jan 2019 01:18:16 GMT;Fri, 18 Jan 2019 21:15:01 GMT;30,53;2_39_129_17_2019-01-18 16:33:27.891835;2;2-39-129-17;CA-307;1316
Fri, 18 Jan 2019 16:40:23 GMT;Sat, 19 Jan 2019 02:21:58 GMT;Fri, 18 Jan 2019 18:34:13 GMT;6,432;2_39_131_30_2019-01-18 16:40:23.156372;2;2-39-131-30;CA-305;712
Fri, 18 Jan 2019 16:43:48 GMT;Sat, 19 Jan 2019 02:30:39 GMT;Fri, 18 Jan 2019 19:31:47 GMT;8,774;2_39_79_380_2019-01-18 16:43:48.163978;2;2-39-79-380;CA-489;714
Fri, 18 Jan 2019 16:52:24 GMT;Fri, 18 Jan 2019 23:33:58 GMT;Fri, 18 Jan 2019 23:33:53 GMT;36,667;2_39_79_377_2019-01-18 16:52:24.368731;2;2-39-79-377;CA-325;248
Fri, 18 Jan 2019 17:02:03 GMT;Fri, 18 Jan 2019 19:02:09 GMT;Fri, 18 Jan 2019 19:02:05 GMT;7,012;2_39_91_437_2019-01-18 17:02:03.319581;2;2-39-91-437;CA-317;1108
Fri, 18 Jan 2019 17:06:13 GMT;Sat, 19 Jan 2019 02:05:18 GMT;Fri, 18 Jan 2019 19:00:02 GMT;6,317;2_39_95_27_2019-01-18 17:06:12.969849;2;2-39-95-27;CA-319;567
Fri, 18 Jan 2019 17:25:34 GMT;Fri, 18 Jan 2019 23:43:33 GMT;Fri, 18 Jan 2019 20:06:28 GMT;8,716;2_39_88_438_2019-01-18 17:25:33.986799;2;2-39-88-438;CA-502;1534
Fri, 18 Jan 2019 17:42:20 GMT;Sat, 19 Jan 2019 02:25:51 GMT;Sat, 19 Jan 2019 01:43:48 GMT;16,266;2_39_79_383_2019-01-18 17:42:20.219070;2;2-39-79-383;CA-492;632
Fri, 18 Jan 2019 17:50:30 GMT;Fri, 18 Jan 2019 18:24:04 GMT;Fri, 18 Jan 2019 18:23:45 GMT;3,31;2_39_78_365_2019-01-18 17:50:29.898184;2;2-39-78-365;CA-321;1123
Fri, 18 Jan 2019 17:51:56 GMT;Sat, 19 Jan 2019 02:19:42 GMT;Fri, 18 Jan 2019 18:37:52 GMT;1,925;2_39_125_21_2019-01-18 17:51:56.035680;2;2-39-125-21;CA-311;891
Fri, 18 Jan 2019 18:05:09 GMT;Sat, 19 Jan 2019 03:14:40 GMT;Sat, 19 Jan 2019 00:03:50 GMT;11,879;2_39_79_381_2019-01-18 18:05:08.963497;2;2-39-79-381;CA-490;558
Fri, 18 Jan 2019 18:10:48 GMT;Fri, 18 Jan 2019 21:29:17 GMT;Fri, 18 Jan 2019 20:24:35 GMT;4,044;2_39_79_378_2019-01-18 18:10:48.497990;2;2-39-79-378;CA-326;1120
Fri, 18 Jan 2019 18:11:20 GMT;Sat, 19 Jan 2019 01:43:55 GMT;Fri, 18 Jan 2019 19:57:59 GMT;5,498;2_39_90_440_2019-01-18 18:11:19.876919;2;2-39-90-440;CA-500;743
Fri, 18 Jan 2019 18:15:38 GMT;Sat, 19 Jan 2019 01:54:28 GMT;Fri, 18 Jan 2019 18:43:32 GMT;2,258;2_39_130_564_2019-01-18 18:15:37.865958;2;2-39-130-564;CA-510;1095
Fri, 18 Jan 2019 18:26:27 GMT;Sat, 19 Jan 2019 01:05:33 GMT;Sat, 19 Jan 2019 01:05:21 GMT;17,734;2_39_78_361_2019-01-18 18:26:26.936635;2;2-39-78-361;CA-493;832
Fri, 18 Jan 2019 18:54:44 GMT;Fri, 18 Jan 2019 19:31:27 GMT;Fri, 18 Jan 2019 19:31:22 GMT;3,547;2_39_124_22_2019-01-18 18:54:44.005157;2;2-39-124-22;CA-312;1309
Fri, 18 Jan 2019 19:10:17 GMT;Fri, 18 Jan 2019 20:35:16 GMT;Fri, 18 Jan 2019 20:35:11 GMT;8,629;2_39_91_441_2019-01-18 19:10:16.843089;2;2-39-91-441;CA-499;668
Fri, 18 Jan 2019 19:47:50 GMT;Sat, 19 Jan 2019 05:47:21 GMT;Sat, 19 Jan 2019 01:11:33 GMT;16,12;2_39_79_376_2019-01-18 19:47:50.185331;2;2-39-79-376;CA-324;676
Fri, 18 Jan 2019 19:48:31 GMT;Sat, 19 Jan 2019 02:22:31 GMT;Fri, 18 Jan 2019 21:21:11 GMT;8,807;2_39_91_437_2019-01-18 19:48:31.022624;2;2-39-91-437;CA-317;431
Fri, 18 Jan 2019 20:07:04 GMT;Sat, 19 Jan 2019 02:40:39 GMT;Sat, 19 Jan 2019 02:10:54 GMT;14,853;2_39_78_365_2019-01-18 20:07:03.552419;2;2-39-78-365;CA-321;1274
Fri, 18 Jan 2019 20:27:01 GMT;Sat, 19 Jan 2019 00:48:38 GMT;Sat, 19 Jan 2019 00:36:37 GMT;3,607;2_39_78_367_2019-01-18 20:27:01.244685;2;2-39-78-367;CA-494;1126
Fri, 18 Jan 2019 20:29:11 GMT;Sat, 19 Jan 2019 02:30:25 GMT;Sat, 19 Jan 2019 02:30:16 GMT;39,747;2_39_124_22_2019-01-18 20:29:11.119217;2;2-39-124-22;CA-312;1626
Fri, 18 Jan 2019 20:36:10 GMT;Sat, 19 Jan 2019 00:07:27 GMT;Sat, 19 Jan 2019 00:04:46 GMT;5,075;2_39_78_364_2019-01-18 20:36:09.690805;2;2-39-78-364;CA-495;777
Fri, 18 Jan 2019 20:38:22 GMT;Sat, 19 Jan 2019 00:48:47 GMT;Fri, 18 Jan 2019 23:30:27 GMT;4,567;2_39_78_363_2019-01-18 20:38:22.069338;2;2-39-78-363;CA-320;1083
Fri, 18 Jan 2019 20:54:30 GMT;Sat, 19 Jan 2019 05:52:36 GMT;Fri, 18 Jan 2019 21:57:05 GMT;2,045;2_39_130_31_2019-01-18 20:54:29.530910;2;2-39-130-31;CA-306;1082
Fri, 18 Jan 2019 20:56:25 GMT;Sat, 19 Jan 2019 02:05:14 GMT;Sat, 19 Jan 2019 01:53:01 GMT;0,999;2_39_90_26_2019-01-18 20:56:24.820696;2;2-39-90-26;CA-316;
Fri, 18 Jan 2019 21:33:44 GMT;Sat, 19 Jan 2019 01:08:37 GMT;Sat, 19 Jan 2019 01:07:51 GMT;19,423;2_39_92_436_2019-01-18 21:33:43.524053;2;2-39-92-436;CA-318;1208
Fri, 18 Jan 2019 21:39:51 GMT;Sat, 19 Jan 2019 01:14:33 GMT;Fri, 18 Jan 2019 23:27:49 GMT;10,331;2_39_139_28_2019-01-18 21:39:51.074717;2;2-39-139-28;CA-303;1718
Fri, 18 Jan 2019 21:58:50 GMT;Sat, 19 Jan 2019 01:28:13 GMT;Sat, 19 Jan 2019 01:28:09 GMT;9,051;2_39_79_378_2019-01-18 21:58:50.156674;2;2-39-79-378;CA-326;1285
Fri, 18 Jan 2019 22:06:22 GMT;Fri, 18 Jan 2019 22:29:33 GMT;Fri, 18 Jan 2019 22:29:29 GMT;0,7;2_39_88_24_2019-01-18 22:06:22.235703;2;2-39-88-24;CA-314;
Sat, 19 Jan 2019 00:08:38 GMT;Sat, 19 Jan 2019 03:27:11 GMT;Sat, 19 Jan 2019 01:25:20 GMT;7,218;2_39_123_23_2019-01-19 00:08:37.753598;2;2-39-123-23;CA-313;248
Sat, 19 Jan 2019 00:53:59 GMT;Sat, 19 Jan 2019 02:44:04 GMT;Sat, 19 Jan 2019 02:43:59 GMT;12,35;2_39_89_25_2019-01-19 00:53:59.256504;2;2-39-89-25;CA-315;1011
Sat, 19 Jan 2019 01:42:25 GMT;Sat, 19 Jan 2019 02:12:14 GMT;Sat, 19 Jan 2019 02:12:09 GMT;3,251;2_39_128_18_2019-01-19 01:42:25.061614;2;2-39-128-18;CA-308;243
Sat, 19 Jan 2019 01:56:19 GMT;Sat, 19 Jan 2019 03:37:36 GMT;Sat, 19 Jan 2019 03:08:22 GMT;8,196;2_39_139_28_2019-01-19 01:56:19.430781;2;2-39-139-28;CA-303;637
Sat, 19 Jan 2019 02:11:00 GMT;Sat, 19 Jan 2019 05:25:23 GMT;Sat, 19 Jan 2019 02:41:50 GMT;0,919;2_39_129_17_2019-01-19 02:11:00.127819;2;2-39-129-17;CA-307;
Sat, 19 Jan 2019 04:01:46 GMT;Sat, 19 Jan 2019 16:48:34 GMT;Sat, 19 Jan 2019 11:10:35 GMT;47,546;2_39_139_28_2019-01-19 04:01:46.398406;2;2-39-139-28;CA-303;489
Sat, 19 Jan 2019 04:16:32 GMT;Sat, 19 Jan 2019 20:12:22 GMT;Sat, 19 Jan 2019 11:23:06 GMT;47,955;2_39_89_25_2019-01-19 04:16:32.162264;2;2-39-89-25;CA-315;292
Sat, 19 Jan 2019 04:25:52 GMT;Sat, 19 Jan 2019 07:10:38 GMT;Sat, 19 Jan 2019 07:10:34 GMT;15,209;2_39_78_365_2019-01-19 04:25:52.323604;2;2-39-78-365;CA-321;1231
Sat, 19 Jan 2019 04:59:15 GMT;Sat, 19 Jan 2019 17:57:56 GMT;Sat, 19 Jan 2019 09:37:23 GMT;15,891;2_39_138_29_2019-01-19 04:59:15.094714;2;2-39-138-29;CA-304;838
Sat, 19 Jan 2019 15:43:54 GMT;Sat, 19 Jan 2019 21:35:04 GMT;Sat, 19 Jan 2019 19:00:47 GMT;5,205;2_39_79_379_2019-01-19 15:43:53.634259;2;2-39-79-379;CA-327;1083
Sat, 19 Jan 2019 17:38:20 GMT;Sat, 19 Jan 2019 19:50:23 GMT;Sat, 19 Jan 2019 19:50:15 GMT;7,895;2_39_79_376_2019-01-19 17:38:19.921498;2;2-39-79-376;CA-324;1135
Sat, 19 Jan 2019 17:42:02 GMT;Sat, 19 Jan 2019 20:08:46 GMT;Sat, 19 Jan 2019 19:43:40 GMT;13,143;2_39_129_17_2019-01-19 17:42:02.276709;2;2-39-129-17;CA-307;1105
Sat, 19 Jan 2019 18:06:18 GMT;Sat, 19 Jan 2019 21:33:18 GMT;Sat, 19 Jan 2019 20:12:15 GMT;7,177;2_39_131_30_2019-01-19 18:06:17.737347;2;2-39-131-30;CA-305;1726
Sat, 19 Jan 2019 18:53:18 GMT;Sat, 19 Jan 2019 22:35:35 GMT;Sat, 19 Jan 2019 22:35:29 GMT;24,442;2_39_138_29_2019-01-19 18:53:18.336733;2;2-39-138-29;CA-304;340
Sat, 19 Jan 2019 19:17:48 GMT;Sat, 19 Jan 2019 23:58:31 GMT;Sat, 19 Jan 2019 21:03:13 GMT;10,795;2_39_127_19_2019-01-19 19:17:48.046131;2;2-39-127-19;CA-309;69
Sat, 19 Jan 2019 19:18:35 GMT;Sat, 19 Jan 2019 20:52:06 GMT;Sat, 19 Jan 2019 20:52:01 GMT;5,133;2_39_139_28_2019-01-19 19:18:34.653641;2;2-39-139-28;CA-303;1366
Sat, 19 Jan 2019 20:07:17 GMT;Sat, 19 Jan 2019 20:52:04 GMT;Sat, 19 Jan 2019 20:52:00 GMT;2,478;2_39_126_20_2019-01-19 20:07:16.554058;2;2-39-126-20;CA-310;365
Sat, 19 Jan 2019 20:38:12 GMT;Sat, 19 Jan 2019 22:12:38 GMT;Sat, 19 Jan 2019 22:06:52 GMT;0,905;2_39_129_17_2019-01-19 20:38:11.533682;2;2-39-129-17;CA-307;
Sat, 19 Jan 2019 20:43:58 GMT;Sun, 20 Jan 2019 05:43:02 GMT;Sun, 20 Jan 2019 01:59:08 GMT;15,873;2_39_79_377_2019-01-19 20:43:57.652897;2;2-39-79-377;CA-325;1021
Sat, 19 Jan 2019 20:56:24 GMT;Sat, 19 Jan 2019 23:38:14 GMT;Sat, 19 Jan 2019 23:04:08 GMT;6,535;2_39_130_31_2019-01-19 20:56:24.352717;2;2-39-130-31;CA-306;1395
Sat, 19 Jan 2019 21:09:45 GMT;Sat, 19 Jan 2019 23:17:57 GMT;Sat, 19 Jan 2019 23:14:28 GMT;0,924;2_39_89_25_2019-01-19 21:09:45.094585;2;2-39-89-25;CA-315;
Sat, 19 Jan 2019 21:10:05 GMT;Sat, 19 Jan 2019 22:32:34 GMT;Sat, 19 Jan 2019 22:32:26 GMT;4,261;2_39_125_21_2019-01-19 21:10:05.194637;2;2-39-125-21;CA-311;1236
Sat, 19 Jan 2019 21:28:46 GMT;Sun, 20 Jan 2019 01:13:01 GMT;Sun, 20 Jan 2019 01:12:55 GMT;7,597;2_39_79_380_2019-01-19 21:28:45.510363;2;2-39-79-380;CA-489;1108
Sat, 19 Jan 2019 21:51:40 GMT;Sat, 19 Jan 2019 22:59:31 GMT;Sat, 19 Jan 2019 22:58:58 GMT;3,929;2_39_139_28_2019-01-19 21:51:39.787515;2;2-39-139-28;CA-303;1727
Sat, 19 Jan 2019 22:32:05 GMT;Sun, 20 Jan 2019 01:50:23 GMT;Sat, 19 Jan 2019 23:51:49 GMT;4,398;2_39_131_30_2019-01-19 22:32:05.147207;2;2-39-131-30;CA-305;712
Sat, 19 Jan 2019 23:38:16 GMT;Sun, 20 Jan 2019 02:27:08 GMT;Sun, 20 Jan 2019 02:26:48 GMT;18,097;2_39_129_17_2019-01-19 23:38:16.387399;2;2-39-129-17;CA-307;1085
Sun, 20 Jan 2019 00:35:48 GMT;Sun, 20 Jan 2019 01:41:32 GMT;Sun, 20 Jan 2019 01:41:24 GMT;3,515;2_39_139_28_2019-01-20 00:35:47.653314;2;2-39-139-28;CA-303;1202
Sun, 20 Jan 2019 01:23:46 GMT;Sun, 20 Jan 2019 01:43:13 GMT;Sun, 20 Jan 2019 01:42:56 GMT;2,134;2_39_127_19_2019-01-20 01:23:46.369250;2;2-39-127-19;CA-309;883
Sun, 20 Jan 2019 02:01:36 GMT;Sun, 20 Jan 2019 23:24:22 GMT;Sun, 20 Jan 2019 08:19:26 GMT;41,383;2_39_131_30_2019-01-20 02:01:36.245741;2;2-39-131-30;CA-305;67
Sun, 20 Jan 2019 04:49:53 GMT;Mon, 21 Jan 2019 02:04:13 GMT;Sun, 20 Jan 2019 10:28:19 GMT;38,296;2_39_79_381_2019-01-20 04:49:52.935230;2;2-39-79-381;CA-490;342
Sun, 20 Jan 2019 15:16:56 GMT;Sun, 20 Jan 2019 17:21:55 GMT;Sun, 20 Jan 2019 17:21:50 GMT;7,385;2_39_139_28_2019-01-20 15:16:56.067646;2;2-39-139-28;CA-303;1108
Sun, 20 Jan 2019 17:31:10 GMT;Sun, 20 Jan 2019 18:56:17 GMT;Sun, 20 Jan 2019 18:56:12 GMT;4,433;2_39_89_25_2019-01-20 17:31:09.743639;2;2-39-89-25;CA-315;743
Sun, 20 Jan 2019 17:45:26 GMT;Sun, 20 Jan 2019 20:01:35 GMT;Sun, 20 Jan 2019 19:46:04 GMT;12,922;2_39_139_28_2019-01-20 17:45:25.662269;2;2-39-139-28;CA-303;1346
Sun, 20 Jan 2019 17:58:05 GMT;Sun, 20 Jan 2019 18:22:46 GMT;Sun, 20 Jan 2019 18:22:38 GMT;2,403;2_39_123_23_2019-01-20 17:58:04.551103;2;2-39-123-23;CA-313;609
Sun, 20 Jan 2019 18:11:16 GMT;Mon, 21 Jan 2019 00:39:33 GMT;Sun, 20 Jan 2019 23:21:23 GMT;33,852;2_39_129_17_2019-01-20 18:11:15.674302;2;2-39-129-17;CA-307;291
Sun, 20 Jan 2019 19:32:55 GMT;Sun, 20 Jan 2019 20:10:57 GMT;Sun, 20 Jan 2019 20:10:52 GMT;1,621;2_39_138_29_2019-01-20 19:32:54.723759;2;2-39-138-29;CA-304;1366
Sun, 20 Jan 2019 20:59:56 GMT;Mon, 21 Jan 2019 02:59:51 GMT;Sun, 20 Jan 2019 23:35:59 GMT;15,497;2_39_138_29_2019-01-20 20:59:56.131399;2;2-39-138-29;CA-304;1626
Sun, 20 Jan 2019 21:18:50 GMT;Mon, 21 Jan 2019 02:50:15 GMT;Mon, 21 Jan 2019 02:04:04 GMT;5,844;2_39_79_379_2019-01-20 21:18:49.726749;2;2-39-79-379;CA-327;1083
Sun, 20 Jan 2019 21:38:31 GMT;Mon, 21 Jan 2019 01:22:17 GMT;Mon, 21 Jan 2019 01:22:12 GMT;8,257;2_39_139_28_2019-01-20 21:38:31.033384;2;2-39-139-28;CA-303;710
Sun, 20 Jan 2019 23:58:17 GMT;Mon, 21 Jan 2019 02:52:52 GMT;Mon, 21 Jan 2019 01:59:39 GMT;6,246;2_39_91_437_2019-01-20 23:58:17.172936;2;2-39-91-437;CA-317;1222
Mon, 21 Jan 2019 00:51:47 GMT;Mon, 21 Jan 2019 05:18:27 GMT;Mon, 21 Jan 2019 05:18:24 GMT;15,507;2_39_131_30_2019-01-21 00:51:47.141545;2;2-39-131-30;CA-305;1021
Mon, 21 Jan 2019 01:07:48 GMT;Mon, 21 Jan 2019 02:20:26 GMT;Mon, 21 Jan 2019 02:20:22 GMT;4,006;2_39_129_17_2019-01-21 01:07:47.759030;2;2-39-129-17;CA-307;1649
Mon, 21 Jan 2019 02:11:17 GMT;Mon, 21 Jan 2019 02:48:19 GMT;Mon, 21 Jan 2019 02:41:44 GMT;0,885;2_39_79_378_2019-01-21 02:11:16.645560;2;2-39-79-378;CA-326;
Mon, 21 Jan 2019 02:32:56 GMT;Mon, 21 Jan 2019 05:25:49 GMT;Mon, 21 Jan 2019 04:32:39 GMT;12,865;2_39_127_19_2019-01-21 02:32:56.176428;2;2-39-127-19;CA-309;754
Mon, 21 Jan 2019 15:08:39 GMT;Tue, 22 Jan 2019 03:23:24 GMT;Tue, 22 Jan 2019 03:23:07 GMT;15,739;2_39_79_379_2019-01-21 15:08:39.355774;2;2-39-79-379;CA-327;676
Mon, 21 Jan 2019 15:50:24 GMT;Mon, 21 Jan 2019 19:44:56 GMT;Mon, 21 Jan 2019 16:53:10 GMT;3,15;2_39_79_377_2019-01-21 15:50:23.581987;2;2-39-79-377;CA-325;1083
Mon, 21 Jan 2019 15:51:16 GMT;Mon, 21 Jan 2019 17:24:31 GMT;Mon, 21 Jan 2019 17:05:36 GMT;3,645;2_39_89_25_2019-01-21 15:51:15.777906;2;2-39-89-25;CA-315;743
Mon, 21 Jan 2019 15:55:40 GMT;Mon, 21 Jan 2019 20:32:10 GMT;Mon, 21 Jan 2019 19:37:59 GMT;23,948;2_39_139_28_2019-01-21 15:55:40.335157;2;2-39-139-28;CA-303;710
Mon, 21 Jan 2019 17:02:31 GMT;Mon, 21 Jan 2019 17:42:03 GMT;Mon, 21 Jan 2019 17:41:59 GMT;2,365;2_39_123_23_2019-01-21 17:02:30.913674;2;2-39-123-23;CA-313;1108
Mon, 21 Jan 2019 17:02:31 GMT;Tue, 22 Jan 2019 01:04:24 GMT;Mon, 21 Jan 2019 18:38:56 GMT;9,985;2_39_131_30_2019-01-21 17:02:31.482683;2;2-39-131-30;CA-305;69
Mon, 21 Jan 2019 17:34:08 GMT;Mon, 21 Jan 2019 19:15:05 GMT;Mon, 21 Jan 2019 19:11:28 GMT;10,811;2_39_130_31_2019-01-21 17:34:07.894882;2;2-39-130-31;CA-306;1346
Mon, 21 Jan 2019 17:47:22 GMT;Mon, 21 Jan 2019 21:57:33 GMT;Mon, 21 Jan 2019 19:29:02 GMT;5,239;2_39_128_18_2019-01-21 17:47:22.470378;2;2-39-128-18;CA-308;891
Mon, 21 Jan 2019 18:42:23 GMT;Tue, 22 Jan 2019 01:39:57 GMT;Mon, 21 Jan 2019 20:07:19 GMT;9,429;2_39_79_380_2019-01-21 18:42:22.568244;2;2-39-79-380;CA-489;714
Mon, 21 Jan 2019 18:57:14 GMT;Mon, 21 Jan 2019 21:07:28 GMT;Mon, 21 Jan 2019 21:07:19 GMT;7,772;2_39_79_376_2019-01-21 18:57:13.751091;2;2-39-79-376;CA-324;1135
Mon, 21 Jan 2019 20:53:06 GMT;Mon, 21 Jan 2019 23:04:04 GMT;Mon, 21 Jan 2019 23:03:40 GMT;3,198;2_39_79_377_2019-01-21 20:53:06.036463;2;2-39-79-377;CA-325;1083
Mon, 21 Jan 2019 21:05:13 GMT;Mon, 21 Jan 2019 21:22:10 GMT;Mon, 21 Jan 2019 21:22:01 GMT;0,849;2_39_139_28_2019-01-21 21:05:12.701642;2;2-39-139-28;CA-303;1726
Mon, 21 Jan 2019 22:10:53 GMT;Tue, 22 Jan 2019 02:05:57 GMT;Tue, 22 Jan 2019 01:41:10 GMT;11,237;2_39_79_383_2019-01-21 22:10:52.665363;2;2-39-79-383;CA-492;777
Mon, 21 Jan 2019 23:49:44 GMT;Tue, 22 Jan 2019 01:00:20 GMT;Tue, 22 Jan 2019 01:00:16 GMT;4,07;2_39_89_25_2019-01-21 23:49:44.392616;2;2-39-89-25;CA-315;1091
Tue, 22 Jan 2019 00:58:57 GMT;Tue, 22 Jan 2019 14:28:54 GMT;Tue, 22 Jan 2019 05:28:10 GMT;15,509;2_39_139_28_2019-01-22 00:58:57.375170;2;2-39-139-28;CA-303;838
Tue, 22 Jan 2019 01:30:09 GMT;Tue, 22 Jan 2019 02:02:42 GMT;Tue, 22 Jan 2019 02:02:35 GMT;2,311;2_39_138_29_2019-01-22 01:30:08.603037;2;2-39-138-29;CA-304;1309
Tue, 22 Jan 2019 01:33:17 GMT;Tue, 22 Jan 2019 20:27:28 GMT;Tue, 22 Jan 2019 06:15:09 GMT;16,038;2_39_79_377_2019-01-22 01:33:16.876520;2;2-39-79-377;CA-325;1135
Tue, 22 Jan 2019 02:32:25 GMT;Tue, 22 Jan 2019 04:29:19 GMT;Tue, 22 Jan 2019 04:09:05 GMT;9,862;2_39_131_30_2019-01-22 02:32:24.601506;2;2-39-131-30;CA-305;1274
Tue, 22 Jan 2019 04:20:38 GMT;Tue, 22 Jan 2019 05:21:39 GMT;Tue, 22 Jan 2019 05:21:31 GMT;6,888;2_39_129_17_2019-01-22 04:20:37.965244;2;2-39-129-17;CA-307;637
Tue, 22 Jan 2019 15:05:18 GMT;Wed, 23 Jan 2019 04:15:36 GMT;Tue, 22 Jan 2019 21:09:20 GMT;15,775;2_39_79_379_2019-01-22 15:05:17.679185;2;2-39-79-379;CA-327;676
Tue, 22 Jan 2019 15:12:39 GMT;Wed, 23 Jan 2019 01:34:05 GMT;Tue, 22 Jan 2019 22:58:23 GMT;31,008;2_39_78_366_2019-01-22 15:12:39.055585;2;2-39-78-366;CA-323;569
Tue, 22 Jan 2019 15:34:26 GMT;Tue, 22 Jan 2019 22:55:35 GMT;Tue, 22 Jan 2019 21:54:31 GMT;42,395;2_39_95_444_2019-01-22 15:34:26.213557;2;2-39-95-444;CA-497;234
Tue, 22 Jan 2019 15:36:02 GMT;Wed, 23 Jan 2019 03:55:30 GMT;Tue, 22 Jan 2019 20:46:02 GMT;13,899;2_39_79_381_2019-01-22 15:36:02.214460;2;2-39-79-381;CA-490;632
Tue, 22 Jan 2019 15:43:46 GMT;Wed, 23 Jan 2019 03:04:15 GMT;Tue, 22 Jan 2019 18:26:00 GMT;6,21;2_39_79_378_2019-01-22 15:43:46.143438;2;2-39-79-378;CA-326;1083
Tue, 22 Jan 2019 15:56:23 GMT;Wed, 23 Jan 2019 00:27:49 GMT;Tue, 22 Jan 2019 18:33:08 GMT;5,804;2_39_123_23_2019-01-22 15:56:22.590196;2;2-39-123-23;CA-313;858
Tue, 22 Jan 2019 15:58:52 GMT;Tue, 22 Jan 2019 20:52:38 GMT;Tue, 22 Jan 2019 17:52:52 GMT;6,028;2_39_129_17_2019-01-22 15:58:51.515135;2;2-39-129-17;CA-307;376
Tue, 22 Jan 2019 16:08:37 GMT;Wed, 23 Jan 2019 01:32:16 GMT;Tue, 22 Jan 2019 21:50:32 GMT;36,684;2_39_92_442_2019-01-22 16:08:36.805631;2;2-39-92-442;CA-498;818
Tue, 22 Jan 2019 16:40:22 GMT;Wed, 23 Jan 2019 02:41:00 GMT;Tue, 22 Jan 2019 18:53:45 GMT;13,989;2_39_90_26_2019-01-22 16:40:22.087552;2;2-39-90-26;CA-316;945
Tue, 22 Jan 2019 16:48:57 GMT;Wed, 23 Jan 2019 00:34:14 GMT;Wed, 23 Jan 2019 00:33:37 GMT;10,904;2_39_79_376_2019-01-22 16:48:56.689091;2;2-39-79-376;CA-324;1137
Tue, 22 Jan 2019 16:49:31 GMT;Wed, 23 Jan 2019 00:13:14 GMT;Tue, 22 Jan 2019 17:20:58 GMT;2,165;2_39_79_383_2019-01-22 16:49:30.678207;2;2-39-79-383;CA-492;1120
Tue, 22 Jan 2019 16:53:15 GMT;Wed, 23 Jan 2019 03:14:52 GMT;Tue, 22 Jan 2019 21:30:35 GMT;16,225;2_39_130_31_2019-01-22 16:53:14.971009;2;2-39-130-31;CA-306;712
Tue, 22 Jan 2019 16:55:42 GMT;Wed, 23 Jan 2019 00:51:34 GMT;Tue, 22 Jan 2019 19:27:49 GMT;12,003;2_39_88_438_2019-01-22 16:55:41.987190;2;2-39-88-438;CA-502;69
Tue, 22 Jan 2019 16:56:00 GMT;Wed, 23 Jan 2019 02:08:15 GMT;Tue, 22 Jan 2019 20:58:11 GMT;21,264;2_39_79_380_2019-01-22 16:55:59.845905;2;2-39-79-380;CA-489;1104
Tue, 22 Jan 2019 17:02:38 GMT;Wed, 23 Jan 2019 01:27:03 GMT;Tue, 22 Jan 2019 19:08:44 GMT;5,045;2_39_89_25_2019-01-22 17:02:38.472502;2;2-39-89-25;CA-315;743
Tue, 22 Jan 2019 17:07:28 GMT;Tue, 22 Jan 2019 18:05:08 GMT;Tue, 22 Jan 2019 18:05:03 GMT;3,35;2_39_95_27_2019-01-22 17:07:28.307949;2;2-39-95-27;CA-319;1108
Tue, 22 Jan 2019 17:08:59 GMT;Wed, 23 Jan 2019 04:12:20 GMT;Tue, 22 Jan 2019 18:24:58 GMT;4,141;2_39_91_437_2019-01-22 17:08:58.795118;2;2-39-91-437;CA-317;567
Tue, 22 Jan 2019 17:22:50 GMT;Tue, 22 Jan 2019 20:26:13 GMT;Tue, 22 Jan 2019 20:20:29 GMT;0,864;2_39_125_21_2019-01-22 17:22:50.070025;2;2-39-125-21;CA-311;
Tue, 22 Jan 2019 17:23:00 GMT;Wed, 23 Jan 2019 02:27:13 GMT;Tue, 22 Jan 2019 18:58:14 GMT;4,999;2_39_131_30_2019-01-22 17:23:00.417653;2;2-39-131-30;CA-305;562
Tue, 22 Jan 2019 17:33:39 GMT;Wed, 23 Jan 2019 02:34:09 GMT;Tue, 22 Jan 2019 21:51:26 GMT;20,716;2_39_92_436_2019-01-22 17:33:39.230512;2;2-39-92-436;CA-318;515
Tue, 22 Jan 2019 17:39:17 GMT;Wed, 23 Jan 2019 00:42:11 GMT;Tue, 22 Jan 2019 21:32:22 GMT;9,869;2_39_128_562_2019-01-22 17:39:16.548676;2;2-39-128-562;CA-508;1534
Tue, 22 Jan 2019 17:51:27 GMT;Wed, 23 Jan 2019 01:08:52 GMT;Tue, 22 Jan 2019 19:51:51 GMT;4,046;2_39_128_18_2019-01-22 17:51:27.061319;2;2-39-128-18;CA-308;620
Tue, 22 Jan 2019 17:52:32 GMT;Wed, 23 Jan 2019 00:56:02 GMT;Wed, 23 Jan 2019 00:37:07 GMT;26,166;2_39_78_363_2019-01-22 17:52:32.339636;2;2-39-78-363;CA-320;1470
Tue, 22 Jan 2019 18:09:31 GMT;Wed, 23 Jan 2019 00:42:09 GMT;Tue, 22 Jan 2019 21:28:29 GMT;21,421;2_39_83_386_2019-01-22 18:09:31.053737;2;2-39-83-386;CA-212;1154
Tue, 22 Jan 2019 18:13:32 GMT;Wed, 23 Jan 2019 01:06:22 GMT;Tue, 22 Jan 2019 23:03:59 GMT;9,112;2_39_78_361_2019-01-22 18:13:32.099007;2;2-39-78-361;CA-493;1208
Tue, 22 Jan 2019 18:17:25 GMT;Wed, 23 Jan 2019 03:08:49 GMT;Tue, 22 Jan 2019 20:14:24 GMT;11,956;2_39_123_557_2019-01-22 18:17:25.339337;2;2-39-123-557;CA-503;558
Tue, 22 Jan 2019 18:18:32 GMT;Wed, 23 Jan 2019 02:04:31 GMT;Tue, 22 Jan 2019 19:01:45 GMT;1,847;2_39_78_365_2019-01-22 18:18:31.573251;2;2-39-78-365;CA-321;891
Tue, 22 Jan 2019 18:20:18 GMT;Wed, 23 Jan 2019 03:13:33 GMT;Tue, 22 Jan 2019 21:02:11 GMT;12,195;2_39_127_19_2019-01-22 18:20:18.462964;2;2-39-127-19;CA-309;958
Tue, 22 Jan 2019 18:29:42 GMT;Wed, 23 Jan 2019 02:11:13 GMT;Tue, 22 Jan 2019 20:31:12 GMT;6,56;2_39_95_27_2019-01-22 18:29:41.895109;2;2-39-95-27;CA-319;1124
Tue, 22 Jan 2019 18:40:40 GMT;Tue, 22 Jan 2019 23:12:29 GMT;Tue, 22 Jan 2019 21:15:23 GMT;7,128;2_39_78_367_2019-01-22 18:40:40.412311;2;2-39-78-367;CA-494;714
Tue, 22 Jan 2019 19:10:42 GMT;Wed, 23 Jan 2019 10:00:07 GMT;Tue, 22 Jan 2019 20:17:21 GMT;2,224;2_39_124_22_2019-01-22 19:10:41.514728;2;2-39-124-22;CA-312;1082
Tue, 22 Jan 2019 19:15:43 GMT;Wed, 23 Jan 2019 04:38:33 GMT;Tue, 22 Jan 2019 22:52:27 GMT;12,429;2_39_88_24_2019-01-22 19:15:43.366008;2;2-39-88-24;CA-314;1090
Tue, 22 Jan 2019 20:52:01 GMT;Tue, 22 Jan 2019 22:50:54 GMT;Tue, 22 Jan 2019 22:04:39 GMT;8,004;2_39_125_21_2019-01-22 20:52:01.366075;2;2-39-125-21;CA-311;609
Tue, 22 Jan 2019 21:50:31 GMT;Wed, 23 Jan 2019 01:13:24 GMT;Wed, 23 Jan 2019 01:11:51 GMT;9,453;2_39_78_360_2019-01-22 21:50:30.523418;2;2-39-78-360;CA-322;777
Tue, 22 Jan 2019 22:47:54 GMT;Wed, 23 Jan 2019 00:51:58 GMT;Wed, 23 Jan 2019 00:51:38 GMT;13,834;2_39_90_440_2019-01-22 22:47:54.381324;2;2-39-90-440;CA-500;1214
Tue, 22 Jan 2019 23:51:10 GMT;Wed, 23 Jan 2019 02:38:00 GMT;Wed, 23 Jan 2019 02:14:25 GMT;8,255;2_39_78_364_2019-01-22 23:51:09.571688;2;2-39-78-364;CA-495;1091
Wed, 23 Jan 2019 00:53:01 GMT;Wed, 23 Jan 2019 13:52:33 GMT;Wed, 23 Jan 2019 05:24:37 GMT;15,7;2_39_129_17_2019-01-23 00:53:01.204305;2;2-39-129-17;CA-307;838
Wed, 23 Jan 2019 01:11:31 GMT;Wed, 23 Jan 2019 05:03:18 GMT;Wed, 23 Jan 2019 05:03:01 GMT;26,37;2_39_125_21_2019-01-23 01:11:31.010385;2;2-39-125-21;CA-311;639
Wed, 23 Jan 2019 03:09:23 GMT;Wed, 23 Jan 2019 04:14:40 GMT;Wed, 23 Jan 2019 04:14:55 GMT;0,891;2_39_139_28_2019-01-23 03:09:22.776423;2;2-39-139-28;CA-303;
Wed, 23 Jan 2019 03:11:57 GMT;Wed, 23 Jan 2019 04:47:54 GMT;Wed, 23 Jan 2019 04:36:01 GMT;8,471;2_39_138_29_2019-01-23 03:11:56.929666;2;2-39-138-29;CA-304;1215
Wed, 23 Jan 2019 03:23:42 GMT;Wed, 23 Jan 2019 06:26:25 GMT;Wed, 23 Jan 2019 03:53:54 GMT;0,924;2_39_131_30_2019-01-23 03:23:42.338597;2;2-39-131-30;CA-305;
Wed, 23 Jan 2019 04:04:12 GMT;Wed, 23 Jan 2019 05:53:17 GMT;Wed, 23 Jan 2019 05:53:09 GMT;12,198;2_39_127_19_2019-01-23 04:04:11.519478;2;2-39-127-19;CA-309;637
Wed, 23 Jan 2019 04:22:09 GMT;Wed, 23 Jan 2019 06:54:39 GMT;Wed, 23 Jan 2019 06:50:42 GMT;8,565;2_39_79_378_2019-01-23 04:22:08.812013;2;2-39-79-378;CA-326;1135
Wed, 23 Jan 2019 04:27:13 GMT;Wed, 23 Jan 2019 05:49:30 GMT;Wed, 23 Jan 2019 05:49:02 GMT;7,985;2_39_139_28_2019-01-23 04:27:12.611258;2;2-39-139-28;CA-303;1263
Wed, 23 Jan 2019 05:41:37 GMT;Wed, 23 Jan 2019 06:15:05 GMT;Wed, 23 Jan 2019 06:15:03 GMT;3,498;2_39_78_366_2019-01-23 05:41:36.543250;2;2-39-78-366;CA-323;516
Wed, 23 Jan 2019 14:11:36 GMT;Wed, 23 Jan 2019 15:24:58 GMT;Wed, 23 Jan 2019 15:24:53 GMT;4,173;2_39_89_25_2019-01-23 14:11:36.089670;2;2-39-89-25;CA-315;743
Wed, 23 Jan 2019 15:11:49 GMT;Thu, 24 Jan 2019 00:39:29 GMT;Wed, 23 Jan 2019 23:26:19 GMT;7,059;2_39_78_366_2019-01-23 15:11:48.659111;2;2-39-78-366;CA-323;569
Wed, 23 Jan 2019 15:58:08 GMT;Thu, 24 Jan 2019 02:47:14 GMT;Wed, 23 Jan 2019 17:54:31 GMT;5,872;2_39_139_28_2019-01-23 15:58:08.439050;2;2-39-139-28;CA-303;1366
Wed, 23 Jan 2019 16:24:29 GMT;Thu, 24 Jan 2019 00:37:32 GMT;Thu, 24 Jan 2019 00:20:30 GMT;2,521;2_39_79_381_2019-01-23 16:24:29.144641;2;2-39-79-381;CA-490;
Wed, 23 Jan 2019 16:30:15 GMT;Wed, 23 Jan 2019 23:43:32 GMT;Wed, 23 Jan 2019 20:14:12 GMT;6,2;2_39_129_17_2019-01-23 16:30:15.208059;2;2-39-129-17;CA-307;376
Wed, 23 Jan 2019 16:37:02 GMT;Thu, 24 Jan 2019 02:32:28 GMT;Wed, 23 Jan 2019 17:59:15 GMT;4,614;2_39_131_30_2019-01-23 16:37:02.078393;2;2-39-131-30;CA-305;712
Wed, 23 Jan 2019 16:41:05 GMT;Thu, 24 Jan 2019 02:08:56 GMT;Wed, 23 Jan 2019 18:50:48 GMT;13,795;2_39_89_25_2019-01-23 16:41:05.273611;2;2-39-89-25;CA-315;945
Wed, 23 Jan 2019 16:42:18 GMT;Wed, 23 Jan 2019 19:15:41 GMT;Wed, 23 Jan 2019 19:14:10 GMT;10,765;2_39_78_360_2019-01-23 16:42:17.542610;2;2-39-78-360;CA-322;1470
Wed, 23 Jan 2019 16:50:14 GMT;Thu, 24 Jan 2019 01:59:54 GMT;Wed, 23 Jan 2019 19:20:34 GMT;15,116;2_39_89_439_2019-01-23 16:50:13.888937;2;2-39-89-439;CA-501;69
Wed, 23 Jan 2019 16:57:31 GMT;Thu, 24 Jan 2019 00:49:13 GMT;Wed, 23 Jan 2019 17:29:06 GMT;2,219;2_39_79_379_2019-01-23 16:57:31.367342;2;2-39-79-379;CA-327;1120
Wed, 23 Jan 2019 17:01:35 GMT;Thu, 24 Jan 2019 03:06:52 GMT;Wed, 23 Jan 2019 23:11:40 GMT;34,721;2_39_79_378_2019-01-23 17:01:34.748766;2;2-39-79-378;CA-326;579
Wed, 23 Jan 2019 17:01:37 GMT;Thu, 24 Jan 2019 03:30:15 GMT;Wed, 23 Jan 2019 18:52:21 GMT;6,135;2_39_91_437_2019-01-23 17:01:37.044473;2;2-39-91-437;CA-317;567
Wed, 23 Jan 2019 17:02:04 GMT;Thu, 24 Jan 2019 02:25:43 GMT;Thu, 24 Jan 2019 02:13:49 GMT;3,599;2_39_79_380_2019-01-23 17:02:04.302518;2;2-39-79-380;CA-489;
Wed, 23 Jan 2019 17:05:09 GMT;Thu, 24 Jan 2019 00:55:21 GMT;Wed, 23 Jan 2019 18:49:34 GMT;5,22;2_39_92_442_2019-01-23 17:05:09.450479;2;2-39-92-442;CA-498;743
Wed, 23 Jan 2019 17:09:22 GMT;Wed, 23 Jan 2019 22:48:03 GMT;Wed, 23 Jan 2019 19:04:40 GMT;6,193;2_39_123_23_2019-01-23 17:09:22.447889;2;2-39-123-23;CA-313;858
Wed, 23 Jan 2019 17:09:44 GMT;Wed, 23 Jan 2019 23:58:12 GMT;Wed, 23 Jan 2019 20:29:17 GMT;11,019;2_39_92_436_2019-01-23 17:09:44.364620;2;2-39-92-436;CA-318;1364
Wed, 23 Jan 2019 17:10:52 GMT;Thu, 24 Jan 2019 01:57:10 GMT;Wed, 23 Jan 2019 17:57:46 GMT;1,984;2_39_128_18_2019-01-23 17:10:51.639623;2;2-39-128-18;CA-308;891
Wed, 23 Jan 2019 17:13:51 GMT;Wed, 23 Jan 2019 20:10:32 GMT;Wed, 23 Jan 2019 18:54:08 GMT;5,195;2_39_130_31_2019-01-23 17:13:51.216759;2;2-39-130-31;CA-306;562
Wed, 23 Jan 2019 17:16:55 GMT;Thu, 24 Jan 2019 00:54:22 GMT;Thu, 24 Jan 2019 00:54:09 GMT;21,439;2_39_83_386_2019-01-23 17:16:54.943916;2;2-39-83-386;CA-212;1154
Wed, 23 Jan 2019 17:18:03 GMT;Thu, 24 Jan 2019 00:49:51 GMT;Thu, 24 Jan 2019 00:49:19 GMT;0,992;2_39_127_19_2019-01-23 17:18:03.081754;2;2-39-127-19;CA-309;
Wed, 23 Jan 2019 17:22:28 GMT;Thu, 24 Jan 2019 00:04:36 GMT;Thu, 24 Jan 2019 00:04:12 GMT;7,552;2_39_88_438_2019-01-23 17:22:27.546420;2;2-39-88-438;CA-502;1534
Wed, 23 Jan 2019 17:55:40 GMT;Wed, 23 Jan 2019 20:19:19 GMT;Wed, 23 Jan 2019 18:35:44 GMT;0,885;2_39_95_27_2019-01-23 17:55:40.436415;2;2-39-95-27;CA-319;
Wed, 23 Jan 2019 18:09:39 GMT;Thu, 24 Jan 2019 03:13:24 GMT;Thu, 24 Jan 2019 00:18:19 GMT;11,68;2_39_79_376_2019-01-23 18:09:38.935716;2;2-39-79-376;CA-324;558
Wed, 23 Jan 2019 18:41:22 GMT;Thu, 24 Jan 2019 00:58:45 GMT;Wed, 23 Jan 2019 22:40:13 GMT;19,397;2_39_88_24_2019-01-23 18:41:21.671013;2;2-39-88-24;CA-314;515
Wed, 23 Jan 2019 18:47:13 GMT;Thu, 24 Jan 2019 03:30:24 GMT;Wed, 23 Jan 2019 23:32:42 GMT;8,923;2_39_79_377_2019-01-23 18:47:13.227071;2;2-39-79-377;CA-325;697
Wed, 23 Jan 2019 18:53:23 GMT;Thu, 24 Jan 2019 22:03:38 GMT;Thu, 24 Jan 2019 02:02:34 GMT;19,536;2_39_79_383_2019-01-23 18:53:23.487093;2;2-39-79-383;CA-492;850
Wed, 23 Jan 2019 19:33:10 GMT;Thu, 24 Jan 2019 00:53:37 GMT;Thu, 24 Jan 2019 00:38:48 GMT;0,962850956;2_39_78_360_2019-01-23 19:33:10.508809;2;2-39-78-360;CA-322;
Wed, 23 Jan 2019 19:38:21 GMT;Thu, 24 Jan 2019 11:46:02 GMT;Thu, 24 Jan 2019 11:47:01 GMT;2,501;2_39_78_362_2019-01-23 19:38:20.691269;2;2-39-78-362;CA-496;1082
Wed, 23 Jan 2019 20:13:28 GMT;Thu, 24 Jan 2019 01:10:21 GMT;Thu, 24 Jan 2019 01:10:15 GMT;18,486;2_39_78_361_2019-01-23 20:13:27.610866;2;2-39-78-361;CA-493;832
Wed, 23 Jan 2019 20:34:05 GMT;Thu, 24 Jan 2019 01:25:01 GMT;Thu, 24 Jan 2019 00:11:02 GMT;5,686;2_39_78_365_2019-01-23 20:34:04.726606;2;2-39-78-365;CA-321;1083
Wed, 23 Jan 2019 20:48:21 GMT;Thu, 24 Jan 2019 01:22:33 GMT;Wed, 23 Jan 2019 22:50:22 GMT;6,531;2_39_95_27_2019-01-23 20:48:20.751264;2;2-39-95-27;CA-319;1124
Wed, 23 Jan 2019 20:53:07 GMT;Thu, 24 Jan 2019 01:46:22 GMT;Wed, 23 Jan 2019 21:27:51 GMT;1,694;2_39_138_29_2019-01-23 20:53:07.034538;2;2-39-138-29;CA-304;562
Wed, 23 Jan 2019 21:40:06 GMT;Thu, 24 Jan 2019 01:02:46 GMT;Thu, 24 Jan 2019 00:52:21 GMT;4,604;2_39_78_367_2019-01-23 21:40:06.094862;2;2-39-78-367;CA-494;777
Wed, 23 Jan 2019 22:39:30 GMT;Thu, 24 Jan 2019 05:33:06 GMT;Thu, 24 Jan 2019 05:33:01 GMT;39,674;2_39_130_31_2019-01-23 22:39:29.618721;2;2-39-130-31;CA-306;1754
Wed, 23 Jan 2019 23:03:09 GMT;Thu, 24 Jan 2019 00:14:49 GMT;Wed, 23 Jan 2019 23:33:28 GMT;0,593;2_39_78_364_2019-01-23 23:03:09.441930;2;2-39-78-364;CA-495;
Wed, 23 Jan 2019 23:03:19 GMT;Thu, 24 Jan 2019 00:44:24 GMT;Thu, 24 Jan 2019 00:44:15 GMT;1,366;2_39_125_21_2019-01-23 23:03:18.656780;2;2-39-125-21;CA-311;
Thu, 24 Jan 2019 00:08:27 GMT;Thu, 24 Jan 2019 02:53:53 GMT;Thu, 24 Jan 2019 02:44:27 GMT;9,879;2_39_78_363_2019-01-24 00:08:27.269688;2;2-39-78-363;CA-320;1274
Thu, 24 Jan 2019 00:46:08 GMT;Thu, 24 Jan 2019 01:59:10 GMT;Thu, 24 Jan 2019 01:59:05 GMT;3,56;2_39_129_17_2019-01-24 00:46:07.824845;2;2-39-129-17;CA-307;774
Thu, 24 Jan 2019 01:09:12 GMT;Thu, 24 Jan 2019 02:50:56 GMT;Thu, 24 Jan 2019 01:40:07 GMT;0,951;2_39_123_23_2019-01-24 01:09:11.767946;2;2-39-123-23;CA-313;
Thu, 24 Jan 2019 02:22:52 GMT;Thu, 24 Jan 2019 03:48:08 GMT;Thu, 24 Jan 2019 03:48:03 GMT;4,784;2_39_129_17_2019-01-24 02:22:52.355864;2;2-39-129-17;CA-307;1164
Thu, 24 Jan 2019 02:37:44 GMT;Thu, 24 Jan 2019 03:59:46 GMT;Thu, 24 Jan 2019 03:47:52 GMT;3,866;2_39_138_29_2019-01-24 02:37:44.038252;2;2-39-138-29;CA-304;1752
Thu, 24 Jan 2019 02:47:04 GMT;Thu, 24 Jan 2019 14:23:00 GMT;Thu, 24 Jan 2019 07:11:56 GMT;15,474;2_39_128_18_2019-01-24 02:47:03.559153;2;2-39-128-18;CA-308;838
Thu, 24 Jan 2019 03:46:24 GMT;Thu, 24 Jan 2019 06:11:57 GMT;Thu, 24 Jan 2019 06:07:29 GMT;14,019;2_39_126_20_2019-01-24 03:46:24.403457;2;2-39-126-20;CA-310;1099
Thu, 24 Jan 2019 05:08:11 GMT;Thu, 24 Jan 2019 15:10:27 GMT;Thu, 24 Jan 2019 13:13:12 GMT;53,718;2_39_139_28_2019-01-24 05:08:11.016363;2;2-39-139-28;CA-303;489
Thu, 24 Jan 2019 05:13:43 GMT;Thu, 24 Jan 2019 08:09:33 GMT;Thu, 24 Jan 2019 07:51:09 GMT;9,037;2_39_138_29_2019-01-24 05:13:43.235614;2;2-39-138-29;CA-304;1135
Thu, 24 Jan 2019 15:14:08 GMT;Fri, 25 Jan 2019 01:08:46 GMT;Fri, 25 Jan 2019 01:00:23 GMT;8,725;2_39_78_365_2019-01-24 15:14:07.568357;2;2-39-78-365;CA-321;569
Thu, 24 Jan 2019 15:27:04 GMT;Fri, 25 Jan 2019 03:13:26 GMT;Thu, 24 Jan 2019 21:02:24 GMT;15,781;2_39_79_379_2019-01-24 15:27:04.351466;2;2-39-79-379;CA-327;676
Thu, 24 Jan 2019 15:51:42 GMT;Fri, 25 Jan 2019 01:08:30 GMT;Fri, 25 Jan 2019 00:47:52 GMT;6,199;2_39_79_377_2019-01-24 15:51:42.044775;2;2-39-79-377;CA-325;1083
Thu, 24 Jan 2019 15:57:50 GMT;Fri, 25 Jan 2019 00:35:34 GMT;Thu, 24 Jan 2019 19:38:06 GMT;4,561;2_39_123_23_2019-01-24 15:57:49.743489;2;2-39-123-23;CA-313;858
Thu, 24 Jan 2019 16:21:17 GMT;Fri, 25 Jan 2019 00:42:40 GMT;Thu, 24 Jan 2019 17:47:18 GMT;9,872;2_39_83_386_2019-01-24 16:21:16.726953;2;2-39-83-386;CA-212;1154
Thu, 24 Jan 2019 16:29:27 GMT;Thu, 24 Jan 2019 18:09:56 GMT;Thu, 24 Jan 2019 18:09:52 GMT;5,956;2_39_89_25_2019-01-24 16:29:27.388690;2;2-39-89-25;CA-315;1108
Thu, 24 Jan 2019 16:32:05 GMT;Thu, 24 Jan 2019 18:49:05 GMT;Thu, 24 Jan 2019 18:48:30 GMT;9,095;2_39_78_363_2019-01-24 16:32:04.849617;2;2-39-78-363;CA-320;1470
Thu, 24 Jan 2019 16:40:22 GMT;Fri, 25 Jan 2019 02:46:25 GMT;Thu, 24 Jan 2019 18:30:56 GMT;6,126;2_39_91_437_2019-01-24 16:40:22.448900;2;2-39-91-437;CA-317;567
Thu, 24 Jan 2019 16:41:49 GMT;Thu, 24 Jan 2019 23:48:47 GMT;Thu, 24 Jan 2019 18:52:30 GMT;13,92;2_39_90_26_2019-01-24 16:41:48.562781;2;2-39-90-26;CA-316;945
Thu, 24 Jan 2019 16:48:27 GMT;Thu, 24 Jan 2019 20:15:00 GMT;Thu, 24 Jan 2019 18:34:38 GMT;5,572;2_39_139_28_2019-01-24 16:48:26.647486;2;2-39-139-28;CA-303;562
Thu, 24 Jan 2019 16:56:56 GMT;Fri, 25 Jan 2019 02:31:25 GMT;Thu, 24 Jan 2019 18:18:22 GMT;4,597;2_39_131_30_2019-01-24 16:56:56.030128;2;2-39-131-30;CA-305;712
Thu, 24 Jan 2019 17:03:47 GMT;Fri, 25 Jan 2019 03:52:02 GMT;Thu, 24 Jan 2019 20:49:55 GMT;12,253;2_39_88_438_2019-01-24 17:03:47.451876;2;2-39-88-438;CA-502;1534
Thu, 24 Jan 2019 17:09:46 GMT;Fri, 25 Jan 2019 02:29:40 GMT;Thu, 24 Jan 2019 19:02:39 GMT;5,634;2_39_89_439_2019-01-24 17:09:45.868042;2;2-39-89-439;CA-501;743
Thu, 24 Jan 2019 17:18:53 GMT;Fri, 25 Jan 2019 01:09:28 GMT;Fri, 25 Jan 2019 00:31:17 GMT;23,725;2_39_92_442_2019-01-24 17:18:52.524427;2;2-39-92-442;CA-498;1070
Thu, 24 Jan 2019 17:30:00 GMT;Fri, 25 Jan 2019 02:00:15 GMT;Thu, 24 Jan 2019 19:20:42 GMT;7,661;2_39_79_381_2019-01-24 17:30:00.359279;2;2-39-79-381;CA-490;714
Thu, 24 Jan 2019 17:34:29 GMT;Fri, 25 Jan 2019 01:05:03 GMT;Fri, 25 Jan 2019 00:47:30 GMT;0,946;2_39_129_17_2019-01-24 17:34:29.441332;2;2-39-129-17;CA-307;
Thu, 24 Jan 2019 17:40:02 GMT;Fri, 25 Jan 2019 02:51:55 GMT;Thu, 24 Jan 2019 19:29:27 GMT;11,108;2_39_126_560_2019-01-24 17:40:01.651169;2;2-39-126-560;CA-506;69
Thu, 24 Jan 2019 17:57:50 GMT;Fri, 25 Jan 2019 01:59:06 GMT;Thu, 24 Jan 2019 21:47:05 GMT;15,538;2_39_79_380_2019-01-24 17:57:50.024588;2;2-39-79-380;CA-489;755
Thu, 24 Jan 2019 18:02:39 GMT;Fri, 25 Jan 2019 04:16:01 GMT;Fri, 25 Jan 2019 01:13:58 GMT;4,098;2_39_79_378_2019-01-24 18:02:38.856234;2;2-39-79-378;CA-326;
Thu, 24 Jan 2019 18:12:26 GMT;Thu, 24 Jan 2019 19:34:55 GMT;Thu, 24 Jan 2019 19:34:51 GMT;4,475;2_39_124_22_2019-01-24 18:12:25.843813;2;2-39-124-22;CA-312;1161
Thu, 24 Jan 2019 18:12:41 GMT;Fri, 25 Jan 2019 01:39:07 GMT;Thu, 24 Jan 2019 20:26:15 GMT;11,631;2_39_78_367_2019-01-24 18:12:40.662343;2;2-39-78-367;CA-494;1095
Thu, 24 Jan 2019 18:16:39 GMT;Fri, 25 Jan 2019 01:25:01 GMT;Thu, 24 Jan 2019 20:42:00 GMT;9,075;2_39_92_436_2019-01-24 18:16:39.407076;2;2-39-92-436;CA-318;1126
Thu, 24 Jan 2019 18:21:24 GMT;Thu, 24 Jan 2019 20:00:42 GMT;Thu, 24 Jan 2019 20:00:37 GMT;0,911;2_39_88_24_2019-01-24 18:21:23.518300;2;2-39-88-24;CA-314;
Thu, 24 Jan 2019 18:22:17 GMT;Thu, 24 Jan 2019 19:56:09 GMT;Thu, 24 Jan 2019 19:09:42 GMT;0,876;2_39_139_567_2019-01-24 18:22:16.916421;2;2-39-139-567;CA-513;
Thu, 24 Jan 2019 18:42:14 GMT;Fri, 25 Jan 2019 00:44:50 GMT;Fri, 25 Jan 2019 00:33:08 GMT;8,007;2_39_78_366_2019-01-24 18:42:14.009826;2;2-39-78-366;CA-323;1137
Thu, 24 Jan 2019 19:06:45 GMT;Thu, 24 Jan 2019 23:21:35 GMT;Thu, 24 Jan 2019 19:37:44 GMT;0,878;2_39_89_25_2019-01-24 19:06:44.837318;2;2-39-89-25;CA-315;
Thu, 24 Jan 2019 19:16:35 GMT;Thu, 24 Jan 2019 22:21:12 GMT;Thu, 24 Jan 2019 20:44:17 GMT;7,694;2_39_78_361_2019-01-24 19:16:35.164961;2;2-39-78-361;CA-493;431
Thu, 24 Jan 2019 20:25:02 GMT;Fri, 25 Jan 2019 01:32:56 GMT;Thu, 24 Jan 2019 21:24:12 GMT;2,478;2_39_125_21_2019-01-24 20:25:01.799896;2;2-39-125-21;CA-311;1366
Thu, 24 Jan 2019 20:32:35 GMT;Fri, 25 Jan 2019 03:12:49 GMT;Thu, 24 Jan 2019 22:05:38 GMT;0,909;2_39_95_27_2019-01-24 20:32:34.969583;2;2-39-95-27;CA-319;
Thu, 24 Jan 2019 20:40:23 GMT;Fri, 25 Jan 2019 00:14:41 GMT;Thu, 24 Jan 2019 21:43:44 GMT;6,198;2_39_95_444_2019-01-24 20:40:22.575551;2;2-39-95-444;CA-497;1104
Thu, 24 Jan 2019 20:48:24 GMT;Thu, 24 Jan 2019 23:35:55 GMT;Thu, 24 Jan 2019 23:34:45 GMT;0,527841995;2_39_78_363_2019-01-24 20:48:24.229556;2;2-39-78-363;CA-320;
Thu, 24 Jan 2019 20:49:33 GMT;Fri, 25 Jan 2019 02:49:59 GMT;Thu, 24 Jan 2019 21:10:18 GMT;0,951;2_39_139_28_2019-01-24 20:49:32.606958;2;2-39-139-28;CA-303;562
Thu, 24 Jan 2019 20:58:21 GMT;Thu, 24 Jan 2019 23:51:05 GMT;Thu, 24 Jan 2019 21:38:28 GMT;4,355;2_39_130_31_2019-01-24 20:58:21.351763;2;2-39-130-31;CA-306;609
Thu, 24 Jan 2019 20:59:11 GMT;Fri, 25 Jan 2019 09:29:43 GMT;Thu, 24 Jan 2019 21:59:40 GMT;2,067;2_39_78_360_2019-01-24 20:59:10.912537;2;2-39-78-360;CA-322;1082
Thu, 24 Jan 2019 21:13:46 GMT;Fri, 25 Jan 2019 01:49:18 GMT;Thu, 24 Jan 2019 23:39:55 GMT;7,084;2_39_91_441_2019-01-24 21:13:45.671201;2;2-39-91-441;CA-499;1124
Thu, 24 Jan 2019 21:14:48 GMT;Fri, 25 Jan 2019 03:48:55 GMT;Fri, 25 Jan 2019 00:43:09 GMT;8,386;2_39_78_364_2019-01-24 21:14:48.002608;2;2-39-78-364;CA-495;777
Thu, 24 Jan 2019 21:24:43 GMT;Fri, 25 Jan 2019 00:34:16 GMT;Thu, 24 Jan 2019 22:26:58 GMT;6,014;2_39_123_557_2019-01-24 21:24:42.706313;2;2-39-123-557;CA-503;668
Thu, 24 Jan 2019 22:42:41 GMT;Fri, 25 Jan 2019 00:49:57 GMT;Fri, 25 Jan 2019 00:49:52 GMT;14,45;2_39_88_24_2019-01-24 22:42:41.086592;2;2-39-88-24;CA-314;1039
Thu, 24 Jan 2019 23:41:53 GMT;Fri, 25 Jan 2019 00:21:49 GMT;Fri, 25 Jan 2019 00:12:57 GMT;0,87;2_39_127_19_2019-01-24 23:41:53.313675;2;2-39-127-19;CA-309;
Fri, 25 Jan 2019 01:46:37 GMT;Fri, 25 Jan 2019 04:13:13 GMT;Fri, 25 Jan 2019 03:30:38 GMT;5,342;2_39_127_19_2019-01-25 01:46:36.779419;2;2-39-127-19;CA-309;1746
Fri, 25 Jan 2019 02:03:30 GMT;Fri, 25 Jan 2019 06:35:24 GMT;Fri, 25 Jan 2019 06:35:20 GMT;15,116;2_39_129_17_2019-01-25 02:03:29.935592;2;2-39-129-17;CA-307;838
Fri, 25 Jan 2019 03:22:45 GMT;Fri, 25 Jan 2019 04:13:51 GMT;Fri, 25 Jan 2019 03:53:13 GMT;0,877;2_39_139_28_2019-01-25 03:22:45.424465;2;2-39-139-28;CA-303;
Fri, 25 Jan 2019 04:47:57 GMT;Fri, 25 Jan 2019 05:48:46 GMT;Fri, 25 Jan 2019 05:48:41 GMT;6,829;2_39_139_28_2019-01-25 04:47:56.521326;2;2-39-139-28;CA-303;1263
Fri, 25 Jan 2019 04:49:44 GMT;Fri, 25 Jan 2019 06:37:47 GMT;Fri, 25 Jan 2019 06:37:38 GMT;12,152;2_39_131_30_2019-01-25 04:49:44.278280;2;2-39-131-30;CA-305;637
Fri, 25 Jan 2019 06:29:31 GMT;Fri, 25 Jan 2019 14:50:26 GMT;Fri, 25 Jan 2019 12:31:15 GMT;35,706;2_39_78_363_2019-01-25 06:29:30.540725;2;2-39-78-363;CA-320;301
Fri, 25 Jan 2019 15:25:54 GMT;Sat, 26 Jan 2019 01:07:56 GMT;Fri, 25 Jan 2019 22:40:57 GMT;6,054;2_39_78_366_2019-01-25 15:25:53.752235;2;2-39-78-366;CA-323;569
Fri, 25 Jan 2019 15:57:06 GMT;Sat, 26 Jan 2019 00:38:35 GMT;Fri, 25 Jan 2019 17:57:56 GMT;6,373;2_39_123_23_2019-01-25 15:57:06.052136;2;2-39-123-23;CA-313;858
Fri, 25 Jan 2019 16:20:09 GMT;Sat, 26 Jan 2019 00:45:48 GMT;Sat, 26 Jan 2019 00:03:46 GMT;34,912;2_39_92_442_2019-01-25 16:20:08.878705;2;2-39-92-442;CA-498;818
Fri, 25 Jan 2019 16:25:05 GMT;Sat, 26 Jan 2019 01:33:18 GMT;Fri, 25 Jan 2019 17:56:53 GMT;4,523;2_39_95_444_2019-01-25 16:25:04.703927;2;2-39-95-444;CA-497;875
Fri, 25 Jan 2019 16:34:34 GMT;Fri, 25 Jan 2019 20:51:38 GMT;Fri, 25 Jan 2019 18:10:58 GMT;4,812;2_39_139_28_2019-01-25 16:34:34.199691;2;2-39-139-28;CA-303;562
Fri, 25 Jan 2019 16:38:44 GMT;Sat, 26 Jan 2019 02:22:57 GMT;Fri, 25 Jan 2019 17:59:23 GMT;4,444;2_39_131_30_2019-01-25 16:38:44.196178;2;2-39-131-30;CA-305;712
Fri, 25 Jan 2019 16:47:56 GMT;Sat, 26 Jan 2019 02:52:03 GMT;Fri, 25 Jan 2019 18:40:18 GMT;6,064;2_39_126_560_2019-01-25 16:47:56.261725;2;2-39-126-560;CA-506;1534
Fri, 25 Jan 2019 17:03:24 GMT;Sat, 26 Jan 2019 02:42:09 GMT;Fri, 25 Jan 2019 20:59:54 GMT;25,249;2_39_79_379_2019-01-25 17:03:23.690299;2;2-39-79-379;CA-327;579
Fri, 25 Jan 2019 17:13:35 GMT;Sat, 26 Jan 2019 02:44:58 GMT;Fri, 25 Jan 2019 19:01:05 GMT;6,052;2_39_89_25_2019-01-25 17:13:34.511116;2;2-39-89-25;CA-315;567
Fri, 25 Jan 2019 17:16:09 GMT;Sat, 26 Jan 2019 00:41:52 GMT;Fri, 25 Jan 2019 20:49:24 GMT;17,409;2_39_78_360_2019-01-25 17:16:09.280553;2;2-39-78-360;CA-322;1470
Fri, 25 Jan 2019 17:35:52 GMT;Sat, 26 Jan 2019 01:41:25 GMT;Fri, 25 Jan 2019 22:04:52 GMT;14,193;2_39_79_380_2019-01-25 17:35:51.926863;2;2-39-79-380;CA-489;714
Fri, 25 Jan 2019 17:49:46 GMT;Sat, 26 Jan 2019 01:28:40 GMT;Fri, 25 Jan 2019 19:05:53 GMT;3,708;2_39_95_27_2019-01-25 17:49:45.891215;2;2-39-95-27;CA-319;891
Fri, 25 Jan 2019 17:56:51 GMT;Sat, 26 Jan 2019 02:23:21 GMT;Sat, 26 Jan 2019 01:48:24 GMT;1,089;2_39_79_381_2019-01-25 17:56:50.658322;2;2-39-79-381;CA-490;
Fri, 25 Jan 2019 18:00:38 GMT;Sat, 26 Jan 2019 03:15:13 GMT;Fri, 25 Jan 2019 19:52:36 GMT;11,069;2_39_91_441_2019-01-25 18:00:37.863144;2;2-39-91-441;CA-499;558
Fri, 25 Jan 2019 18:09:00 GMT;Sat, 26 Jan 2019 02:01:13 GMT;Sat, 26 Jan 2019 00:44:14 GMT;39,529;2_39_79_377_2019-01-25 18:08:59.952753;2;2-39-79-377;CA-325;248
Fri, 25 Jan 2019 18:16:53 GMT;Sat, 26 Jan 2019 02:55:17 GMT;Fri, 25 Jan 2019 20:31:59 GMT;5,722;2_39_79_378_2019-01-25 18:16:53.056582;2;2-39-79-378;CA-326;697
Fri, 25 Jan 2019 18:18:53 GMT;Fri, 25 Jan 2019 18:25:03 GMT;Fri, 25 Jan 2019 18:25:00 GMT;0,595;2_39_78_361_2019-01-25 18:18:53.168750;2;2-39-78-361;CA-493;1095
Fri, 25 Jan 2019 18:25:04 GMT;Sat, 26 Jan 2019 00:41:00 GMT;Fri, 25 Jan 2019 22:39:29 GMT;9,225;2_39_78_364_2019-01-25 18:25:04.284140;2;2-39-78-364;CA-495;668
Fri, 25 Jan 2019 18:34:39 GMT;Fri, 25 Jan 2019 20:19:40 GMT;Fri, 25 Jan 2019 19:05:31 GMT;0,936;2_39_88_24_2019-01-25 18:34:39.257089;2;2-39-88-24;CA-314;
Fri, 25 Jan 2019 18:42:32 GMT;Sat, 26 Jan 2019 01:59:31 GMT;Fri, 25 Jan 2019 19:59:39 GMT;0,922;2_39_78_361_2019-01-25 18:42:32.221388;2;2-39-78-361;CA-493;
Fri, 25 Jan 2019 19:08:23 GMT;Fri, 25 Jan 2019 19:40:26 GMT;Fri, 25 Jan 2019 19:39:03 GMT;0,892;2_39_124_22_2019-01-25 19:08:23.198699;2;2-39-124-22;CA-312;
Fri, 25 Jan 2019 19:45:34 GMT;Sat, 26 Jan 2019 09:58:04 GMT;Fri, 25 Jan 2019 20:54:58 GMT;2,339;2_39_124_22_2019-01-25 19:45:33.620214;2;2-39-124-22;CA-312;1082
Fri, 25 Jan 2019 20:06:06 GMT;Sat, 26 Jan 2019 01:52:34 GMT;Fri, 25 Jan 2019 22:08:11 GMT;6,681;2_39_91_437_2019-01-25 20:06:06.364710;2;2-39-91-437;CA-317;1124
Fri, 25 Jan 2019 20:42:17 GMT;Fri, 25 Jan 2019 23:12:42 GMT;Fri, 25 Jan 2019 23:12:38 GMT;5,568;2_39_78_365_2019-01-25 20:42:16.796943;2;2-39-78-365;CA-321;1083
Fri, 25 Jan 2019 21:11:49 GMT;Fri, 25 Jan 2019 22:40:49 GMT;Fri, 25 Jan 2019 22:40:32 GMT;9,384;2_39_129_17_2019-01-25 21:11:49.132365;2;2-39-129-17;CA-307;627
Fri, 25 Jan 2019 21:19:26 GMT;Sat, 26 Jan 2019 00:48:05 GMT;Sat, 26 Jan 2019 00:25:26 GMT;9,545;2_39_79_383_2019-01-25 21:19:25.919259;2;2-39-79-383;CA-492;777
Fri, 25 Jan 2019 21:21:20 GMT;Fri, 25 Jan 2019 22:37:07 GMT;Fri, 25 Jan 2019 22:15:34 GMT;0,954;2_39_139_28_2019-01-25 21:21:20.026670;2;2-39-139-28;CA-303;
Fri, 25 Jan 2019 21:46:37 GMT;Sat, 26 Jan 2019 02:39:21 GMT;Fri, 25 Jan 2019 22:19:12 GMT;1,534;2_39_90_26_2019-01-25 21:46:36.957407;2;2-39-90-26;CA-316;562
Fri, 25 Jan 2019 21:53:43 GMT;Sat, 26 Jan 2019 01:58:22 GMT;Sat, 26 Jan 2019 01:10:33 GMT;11,184;2_39_79_376_2019-01-25 21:53:42.730560;2;2-39-79-376;CA-324;1135
Fri, 25 Jan 2019 22:35:39 GMT;Sat, 26 Jan 2019 03:20:24 GMT;Sat, 26 Jan 2019 03:10:25 GMT;15,674;2_39_92_436_2019-01-25 22:35:39.244738;2;2-39-92-436;CA-318;1090
Fri, 25 Jan 2019 23:07:59 GMT;Fri, 25 Jan 2019 23:43:35 GMT;Fri, 25 Jan 2019 23:43:30 GMT;3,52;2_39_139_28_2019-01-25 23:07:58.783386;2;2-39-139-28;CA-303;1309
Sat, 26 Jan 2019 01:17:24 GMT;Sat, 26 Jan 2019 03:16:01 GMT;Sat, 26 Jan 2019 03:15:56 GMT;13,329;2_39_130_31_2019-01-26 01:17:23.971612;2;2-39-130-31;CA-306;243
Sat, 26 Jan 2019 03:40:20 GMT;Sat, 26 Jan 2019 22:36:03 GMT;Sat, 26 Jan 2019 14:45:12 GMT;75,528;2_39_91_437_2019-01-26 03:40:20.383123;2;2-39-91-437;CA-317;1225
Sat, 26 Jan 2019 15:34:39 GMT;Sat, 26 Jan 2019 17:08:34 GMT;Sat, 26 Jan 2019 16:57:12 GMT;4,279;2_39_79_379_2019-01-26 15:34:38.973556;2;2-39-79-379;CA-327;1083
Sat, 26 Jan 2019 15:52:27 GMT;Sat, 26 Jan 2019 17:41:09 GMT;Sat, 26 Jan 2019 16:52:21 GMT;6,134;2_39_139_28_2019-01-26 15:52:27.510158;2;2-39-139-28;CA-303;675
Sat, 26 Jan 2019 16:52:56 GMT;Sat, 26 Jan 2019 19:31:32 GMT;Sat, 26 Jan 2019 17:23:19 GMT;0,875;2_39_79_377_2019-01-26 16:52:56.040971;2;2-39-79-377;CA-325;
Sat, 26 Jan 2019 17:02:51 GMT;Sat, 26 Jan 2019 19:30:57 GMT;Sat, 26 Jan 2019 19:31:55 GMT;1,008;2_39_131_30_2019-01-26 17:02:50.958044;2;2-39-131-30;CA-305;
Sat, 26 Jan 2019 18:11:54 GMT;Sat, 26 Jan 2019 20:23:50 GMT;Sat, 26 Jan 2019 19:57:10 GMT;10,642;2_39_139_28_2019-01-26 18:11:53.589656;2;2-39-139-28;CA-303;1133
Sat, 26 Jan 2019 18:32:18 GMT;Sat, 26 Jan 2019 23:34:18 GMT;Sat, 26 Jan 2019 20:41:17 GMT;13,321;2_39_130_31_2019-01-26 18:32:18.053312;2;2-39-130-31;CA-306;291
Sat, 26 Jan 2019 18:35:13 GMT;Sat, 26 Jan 2019 22:23:50 GMT;Sat, 26 Jan 2019 22:23:38 GMT;25,718;2_39_95_27_2019-01-26 18:35:12.739002;2;2-39-95-27;CA-319;1214
Sat, 26 Jan 2019 18:44:31 GMT;Sat, 26 Jan 2019 20:14:42 GMT;Sat, 26 Jan 2019 19:27:48 GMT;1,81;2_39_128_18_2019-01-26 18:44:31.486926;2;2-39-128-18;CA-308;891
Sat, 26 Jan 2019 19:40:07 GMT;Sat, 26 Jan 2019 22:11:35 GMT;Sat, 26 Jan 2019 21:44:42 GMT;12,925;2_39_126_20_2019-01-26 19:40:07.244033;2;2-39-126-20;CA-310;1039
Sat, 26 Jan 2019 20:16:09 GMT;Sun, 27 Jan 2019 17:26:46 GMT;Sun, 27 Jan 2019 02:21:03 GMT;39,891;2_39_138_29_2019-01-26 20:16:08.870842;2;2-39-138-29;CA-304;160
Sat, 26 Jan 2019 20:23:06 GMT;Sun, 27 Jan 2019 17:35:33 GMT;Sun, 27 Jan 2019 03:48:36 GMT;49,408;2_39_89_25_2019-01-26 20:23:06.505827;2;2-39-89-25;CA-315;292
Sat, 26 Jan 2019 21:35:37 GMT;Sat, 26 Jan 2019 23:02:35 GMT;Sat, 26 Jan 2019 23:02:27 GMT;9,514;2_39_128_18_2019-01-26 21:35:36.897566;2;2-39-128-18;CA-308;1274
Sat, 26 Jan 2019 21:49:42 GMT;Sat, 26 Jan 2019 22:18:19 GMT;Sat, 26 Jan 2019 22:18:14 GMT;1,622;2_39_139_28_2019-01-26 21:49:42.369164;2;2-39-139-28;CA-303;1366
Sat, 26 Jan 2019 22:38:48 GMT;Sun, 27 Jan 2019 03:52:49 GMT;Sun, 27 Jan 2019 02:05:17 GMT;11,89;2_39_139_28_2019-01-26 22:38:48.402754;2;2-39-139-28;CA-303;1726
Sat, 26 Jan 2019 22:59:05 GMT;Sun, 27 Jan 2019 00:53:03 GMT;Sun, 27 Jan 2019 00:52:50 GMT;12,084;2_39_83_386_2019-01-26 22:59:05.227656;2;2-39-83-386;CA-212;1154
Sat, 26 Jan 2019 23:45:55 GMT;Sun, 27 Jan 2019 01:58:51 GMT;Sun, 27 Jan 2019 01:58:35 GMT;7,238;2_39_127_19_2019-01-26 23:45:55.128253;2;2-39-127-19;CA-309;1746
Sun, 27 Jan 2019 00:18:13 GMT;Sun, 27 Jan 2019 01:43:04 GMT;Sun, 27 Jan 2019 01:42:56 GMT;9,372;2_39_129_17_2019-01-27 00:18:12.967321;2;2-39-129-17;CA-307;637
Sun, 27 Jan 2019 03:53:36 GMT;Mon, 28 Jan 2019 01:37:47 GMT;Sun, 27 Jan 2019 06:57:49 GMT;10,763;2_39_130_31_2019-01-27 03:53:35.593500;2;2-39-130-31;CA-306;838
Sun, 27 Jan 2019 03:57:32 GMT;Sun, 27 Jan 2019 17:52:54 GMT;Sun, 27 Jan 2019 06:02:19 GMT;13,515;2_39_127_19_2019-01-27 03:57:32.071398;2;2-39-127-19;CA-309;754
Sun, 27 Jan 2019 06:27:38 GMT;Sun, 27 Jan 2019 22:14:49 GMT;Sun, 27 Jan 2019 14:33:06 GMT;53,593;2_39_139_28_2019-01-27 06:27:38.339673;2;2-39-139-28;CA-303;489
Sun, 27 Jan 2019 09:47:51 GMT;Sun, 27 Jan 2019 10:27:07 GMT;Sun, 27 Jan 2019 10:26:07 GMT;3,263;2_39_129_17_2019-01-27 09:47:50.614590;2;2-39-129-17;CA-307;67
Sun, 27 Jan 2019 18:08:28 GMT;Sun, 27 Jan 2019 22:59:53 GMT;Sun, 27 Jan 2019 21:59:23 GMT;13,102;2_39_138_29_2019-01-27 18:08:28.319864;2;2-39-138-29;CA-304;1021
Sun, 27 Jan 2019 19:11:46 GMT;Sun, 27 Jan 2019 21:31:08 GMT;Sun, 27 Jan 2019 21:30:59 GMT;15,793;2_39_79_378_2019-01-27 19:11:45.821276;2;2-39-79-378;CA-326;1214
Sun, 27 Jan 2019 22:22:27 GMT;Sun, 27 Jan 2019 23:49:16 GMT;Sun, 27 Jan 2019 22:52:43 GMT;0,938;2_39_139_28_2019-01-27 22:22:26.631110;2;2-39-139-28;CA-303;
Mon, 28 Jan 2019 00:01:30 GMT;Mon, 28 Jan 2019 01:58:24 GMT;Mon, 28 Jan 2019 01:58:20 GMT;12,913;2_39_79_380_2019-01-28 00:01:29.868111;2;2-39-79-380;CA-489;342
Mon, 28 Jan 2019 02:27:57 GMT;Mon, 28 Jan 2019 04:16:55 GMT;Mon, 28 Jan 2019 04:16:46 GMT;12,662;2_39_128_18_2019-01-28 02:27:57.267150;2;2-39-128-18;CA-308;637
Mon, 28 Jan 2019 03:13:05 GMT;Mon, 28 Jan 2019 05:41:43 GMT;Mon, 28 Jan 2019 04:55:20 GMT;10,869;2_39_125_21_2019-01-28 03:13:05.208040;2;2-39-125-21;CA-311;754
Mon, 28 Jan 2019 04:09:33 GMT;Mon, 28 Jan 2019 15:00:31 GMT;Mon, 28 Jan 2019 08:51:06 GMT;30,718;2_39_78_366_2019-01-28 04:09:33.167381;2;2-39-78-366;CA-323;300
Mon, 28 Jan 2019 04:22:22 GMT;Mon, 28 Jan 2019 06:37:44 GMT;Mon, 28 Jan 2019 06:37:39 GMT;14,194;2_39_130_31_2019-01-28 04:22:22.101335;2;2-39-130-31;CA-306;1099
Mon, 28 Jan 2019 13:43:15 GMT;Mon, 28 Jan 2019 22:41:22 GMT;Mon, 28 Jan 2019 21:59:23 GMT;53,724;2_39_123_23_2019-01-28 13:43:14.875101;2;2-39-123-23;CA-313;556
Mon, 28 Jan 2019 15:12:10 GMT;Tue, 29 Jan 2019 01:36:57 GMT;Tue, 29 Jan 2019 00:36:01 GMT;10,11;2_39_78_360_2019-01-28 15:12:10.473818;2;2-39-78-360;CA-322;569
Mon, 28 Jan 2019 15:32:17 GMT;Tue, 29 Jan 2019 01:08:52 GMT;Mon, 28 Jan 2019 21:46:19 GMT;38,507;2_39_95_444_2019-01-28 15:32:16.656494;2;2-39-95-444;CA-497;234
Mon, 28 Jan 2019 15:57:29 GMT;Mon, 28 Jan 2019 23:11:57 GMT;Mon, 28 Jan 2019 17:20:34 GMT;3,806;2_39_89_25_2019-01-28 15:57:29.290340;2;2-39-89-25;CA-315;858
Mon, 28 Jan 2019 16:00:14 GMT;Tue, 29 Jan 2019 01:42:08 GMT;Mon, 28 Jan 2019 18:42:31 GMT;6,219;2_39_79_379_2019-01-28 16:00:13.616797;2;2-39-79-379;CA-327;1083
Mon, 28 Jan 2019 16:28:04 GMT;Mon, 28 Jan 2019 20:38:45 GMT;Mon, 28 Jan 2019 20:38:42 GMT;19,101;2_39_78_365_2019-01-28 16:28:03.928957;2;2-39-78-365;CA-321;1470
Mon, 28 Jan 2019 16:28:33 GMT;Mon, 28 Jan 2019 22:38:13 GMT;Mon, 28 Jan 2019 18:11:14 GMT;5,487;2_39_138_29_2019-01-28 16:28:33.075830;2;2-39-138-29;CA-304;1481
Mon, 28 Jan 2019 16:35:41 GMT;Tue, 29 Jan 2019 01:30:05 GMT;Tue, 29 Jan 2019 01:29:37 GMT;18,396;2_39_83_386_2019-01-28 16:35:40.980347;2;2-39-83-386;CA-212;1154
Mon, 28 Jan 2019 16:38:51 GMT;Tue, 29 Jan 2019 01:14:31 GMT;Mon, 28 Jan 2019 20:09:32 GMT;8,33;2_39_79_377_2019-01-28 16:38:51.464157;2;2-39-79-377;CA-325;1007
Mon, 28 Jan 2019 16:39:02 GMT;Tue, 29 Jan 2019 02:04:45 GMT;Mon, 28 Jan 2019 18:39:03 GMT;6,495;2_39_131_30_2019-01-28 16:39:02.434172;2;2-39-131-30;CA-305;712
Mon, 28 Jan 2019 16:53:22 GMT;Tue, 29 Jan 2019 02:13:37 GMT;Tue, 29 Jan 2019 01:51:47 GMT;24,076;2_39_79_381_2019-01-28 16:53:22.089088;2;2-39-79-381;CA-490;1104
Mon, 28 Jan 2019 16:59:54 GMT;Tue, 29 Jan 2019 03:37:50 GMT;Mon, 28 Jan 2019 18:08:32 GMT;3,739;2_39_91_437_2019-01-28 16:59:54.278115;2;2-39-91-437;CA-317;567
Mon, 28 Jan 2019 17:00:39 GMT;Tue, 29 Jan 2019 02:35:28 GMT;Mon, 28 Jan 2019 19:11:28 GMT;14,03;2_39_124_22_2019-01-28 17:00:38.684510;2;2-39-124-22;CA-312;945
Mon, 28 Jan 2019 17:01:57 GMT;Tue, 29 Jan 2019 01:13:53 GMT;Mon, 28 Jan 2019 23:37:37 GMT;43,579;2_39_95_27_2019-01-28 17:01:57.131798;2;2-39-95-27;CA-319;579
Mon, 28 Jan 2019 17:11:49 GMT;Mon, 28 Jan 2019 17:57:55 GMT;Mon, 28 Jan 2019 17:57:47 GMT;2,683;2_39_90_26_2019-01-28 17:11:48.857256;2;2-39-90-26;CA-316;1108
Mon, 28 Jan 2019 17:24:44 GMT;Tue, 29 Jan 2019 01:45:04 GMT;Mon, 28 Jan 2019 20:22:42 GMT;11,189;2_39_79_380_2019-01-28 17:24:43.687261;2;2-39-79-380;CA-489;69
Mon, 28 Jan 2019 17:42:44 GMT;Mon, 28 Jan 2019 20:28:27 GMT;Mon, 28 Jan 2019 19:24:20 GMT;5,284;2_39_127_19_2019-01-28 17:42:44.138773;2;2-39-127-19;CA-309;562
Mon, 28 Jan 2019 17:52:00 GMT;Mon, 28 Jan 2019 23:40:36 GMT;Mon, 28 Jan 2019 19:35:17 GMT;5,582;2_39_124_558_2019-01-28 17:52:00.188684;2;2-39-124-558;CA-504;1534
Mon, 28 Jan 2019 18:12:04 GMT;Tue, 29 Jan 2019 01:44:23 GMT;Mon, 28 Jan 2019 22:25:38 GMT;11,677;2_39_79_378_2019-01-28 18:12:03.974373;2;2-39-79-378;CA-326;714
Mon, 28 Jan 2019 18:14:00 GMT;Tue, 29 Jan 2019 01:45:01 GMT;Mon, 28 Jan 2019 23:12:10 GMT;12,497;2_39_79_383_2019-01-28 18:14:00.280813;2;2-39-79-383;CA-492;1095
Mon, 28 Jan 2019 18:17:26 GMT;Mon, 28 Jan 2019 21:07:08 GMT;Mon, 28 Jan 2019 20:48:19 GMT;5,934;2_39_78_367_2019-01-28 18:17:25.940662;2;2-39-78-367;CA-494;777
Mon, 28 Jan 2019 18:31:57 GMT;Tue, 29 Jan 2019 00:27:12 GMT;Mon, 28 Jan 2019 20:40:18 GMT;8,632;2_39_78_366_2019-01-28 18:31:57.163390;2;2-39-78-366;CA-323;668
Mon, 28 Jan 2019 18:37:25 GMT;Mon, 28 Jan 2019 19:33:50 GMT;Mon, 28 Jan 2019 19:33:12 GMT;0,872;2_39_78_364_2019-01-28 18:37:25.379835;2;2-39-78-364;CA-495;
Mon, 28 Jan 2019 18:46:07 GMT;Tue, 29 Jan 2019 01:38:12 GMT;Mon, 28 Jan 2019 19:45:27 GMT;2,777;2_39_78_363_2019-01-28 18:46:07.002615;2;2-39-78-363;CA-320;891
Mon, 28 Jan 2019 18:56:55 GMT;Tue, 29 Jan 2019 00:12:27 GMT;Mon, 28 Jan 2019 23:32:44 GMT;7,159;2_39_79_376_2019-01-28 18:56:54.626560;2;2-39-79-376;CA-324;1137
Mon, 28 Jan 2019 19:32:15 GMT;Tue, 29 Jan 2019 03:55:56 GMT;Mon, 28 Jan 2019 21:14:46 GMT;5,39;2_39_90_440_2019-01-28 19:32:14.872505;2;2-39-90-440;CA-500;1094
Mon, 28 Jan 2019 21:06:09 GMT;Tue, 29 Jan 2019 02:46:34 GMT;Mon, 28 Jan 2019 23:03:50 GMT;6,499;2_39_90_26_2019-01-28 21:06:09.429462;2;2-39-90-26;CA-316;1124
Mon, 28 Jan 2019 21:43:16 GMT;Tue, 29 Jan 2019 01:20:16 GMT;Mon, 28 Jan 2019 22:14:12 GMT;1,507;2_39_88_24_2019-01-28 21:43:16.028300;2;2-39-88-24;CA-314;562
Tue, 29 Jan 2019 00:03:19 GMT;Tue, 29 Jan 2019 00:25:15 GMT;Tue, 29 Jan 2019 00:24:43 GMT;0,668;2_39_83_387_2019-01-29 00:03:18.550077;2;2-39-83-387;CA-149;1792
Tue, 29 Jan 2019 00:27:55 GMT;Tue, 29 Jan 2019 06:12:55 GMT;Tue, 29 Jan 2019 04:46:49 GMT;15,025;2_39_92_442_2019-01-29 00:27:54.955378;2;2-39-92-442;CA-498;1135
Tue, 29 Jan 2019 00:33:17 GMT;Tue, 29 Jan 2019 01:58:40 GMT;Tue, 29 Jan 2019 01:54:47 GMT;3,4;2_39_138_29_2019-01-29 00:33:17.475513;2;2-39-138-29;CA-304;774
Tue, 29 Jan 2019 01:16:39 GMT;Tue, 29 Jan 2019 02:56:12 GMT;Tue, 29 Jan 2019 02:57:09 GMT;10,368;2_39_78_362_2019-01-29 01:16:39.468719;2;2-39-78-362;CA-496;231
Tue, 29 Jan 2019 02:08:08 GMT;Tue, 29 Jan 2019 14:57:38 GMT;Tue, 29 Jan 2019 04:02:17 GMT;12,218;2_39_127_19_2019-01-29 02:08:08.276797;2;2-39-127-19;CA-309;754
Tue, 29 Jan 2019 02:15:02 GMT;Tue, 29 Jan 2019 03:33:50 GMT;Tue, 29 Jan 2019 03:33:46 GMT;4,269;2_39_138_29_2019-01-29 02:15:01.609860;2;2-39-138-29;CA-304;1712
Tue, 29 Jan 2019 15:07:41 GMT;Tue, 29 Jan 2019 23:59:29 GMT;Tue, 29 Jan 2019 22:05:02 GMT;8,72;2_39_78_366_2019-01-29 15:07:41.386566;2;2-39-78-366;CA-323;569
Tue, 29 Jan 2019 15:54:26 GMT;Wed, 30 Jan 2019 02:03:36 GMT;Wed, 30 Jan 2019 01:16:02 GMT;4,595;2_39_79_379_2019-01-29 15:54:26.042733;2;2-39-79-379;CA-327;1083
Tue, 29 Jan 2019 15:55:12 GMT;Wed, 30 Jan 2019 00:10:09 GMT;Tue, 29 Jan 2019 17:25:22 GMT;4,624;2_39_123_23_2019-01-29 15:55:12.210341;2;2-39-123-23;CA-313;858
Tue, 29 Jan 2019 16:19:58 GMT;Tue, 29 Jan 2019 22:58:31 GMT;Tue, 29 Jan 2019 17:44:33 GMT;9,575;2_39_95_444_2019-01-29 16:19:57.790550;2;2-39-95-444;CA-497;234
Tue, 29 Jan 2019 16:27:38 GMT;Tue, 29 Jan 2019 20:18:57 GMT;Tue, 29 Jan 2019 20:15:16 GMT;0,882;2_39_131_30_2019-01-29 16:27:38.278072;2;2-39-131-30;CA-305;
Tue, 29 Jan 2019 16:29:49 GMT;Wed, 30 Jan 2019 02:52:38 GMT;Wed, 30 Jan 2019 02:32:36 GMT;0,963;2_39_79_380_2019-01-29 16:29:48.929206;2;2-39-79-380;CA-489;
Tue, 29 Jan 2019 16:30:35 GMT;Wed, 30 Jan 2019 01:17:35 GMT;Tue, 29 Jan 2019 19:05:23 GMT;10,186;2_39_139_28_2019-01-29 16:30:35.146131;2;2-39-139-28;CA-303;559
Tue, 29 Jan 2019 16:31:32 GMT;Tue, 29 Jan 2019 18:22:00 GMT;Tue, 29 Jan 2019 17:18:33 GMT;2,006;2_39_128_18_2019-01-29 16:31:32.063865;2;2-39-128-18;CA-308;891
Tue, 29 Jan 2019 16:33:58 GMT;Tue, 29 Jan 2019 22:52:48 GMT;Tue, 29 Jan 2019 17:43:27 GMT;3,707;2_39_138_29_2019-01-29 16:33:57.961968;2;2-39-138-29;CA-304;1481
Tue, 29 Jan 2019 16:36:17 GMT;Wed, 30 Jan 2019 01:01:01 GMT;Tue, 29 Jan 2019 18:16:14 GMT;6,251;2_39_79_378_2019-01-29 16:36:16.621056;2;2-39-79-378;CA-326;1126
Tue, 29 Jan 2019 16:36:50 GMT;Wed, 30 Jan 2019 02:17:44 GMT;Tue, 29 Jan 2019 18:47:22 GMT;13,824;2_39_90_26_2019-01-29 16:36:50.250734;2;2-39-90-26;CA-316;945
Tue, 29 Jan 2019 16:49:16 GMT;Tue, 29 Jan 2019 23:21:15 GMT;Tue, 29 Jan 2019 18:44:19 GMT;6,316;2_39_124_558_2019-01-29 16:49:15.882669;2;2-39-124-558;CA-504;1534
Tue, 29 Jan 2019 16:51:00 GMT;Tue, 29 Jan 2019 21:36:03 GMT;Tue, 29 Jan 2019 17:22:00 GMT;0,837;2_39_90_440_2019-01-29 16:51:00.442080;2;2-39-90-440;CA-500;
Tue, 29 Jan 2019 16:52:50 GMT;Wed, 30 Jan 2019 01:32:09 GMT;Wed, 30 Jan 2019 01:11:23 GMT;37,396;2_39_92_442_2019-01-29 16:52:49.580235;2;2-39-92-442;CA-498;818
Tue, 29 Jan 2019 16:54:28 GMT;Wed, 30 Jan 2019 00:29:49 GMT;Tue, 29 Jan 2019 22:06:29 GMT;1,067;2_39_79_383_2019-01-29 16:54:27.659002;2;2-39-79-383;CA-492;
Tue, 29 Jan 2019 16:56:24 GMT;Wed, 30 Jan 2019 02:09:48 GMT;Tue, 29 Jan 2019 17:54:58 GMT;6,282;2_39_79_381_2019-01-29 16:56:23.789957;2;2-39-79-381;CA-490;714
Tue, 29 Jan 2019 17:00:02 GMT;Wed, 30 Jan 2019 01:58:04 GMT;Tue, 29 Jan 2019 20:02:56 GMT;19,218;2_39_91_441_2019-01-29 17:00:02.262281;2;2-39-91-441;CA-499;1104
Tue, 29 Jan 2019 17:02:41 GMT;Wed, 30 Jan 2019 02:06:29 GMT;Wed, 30 Jan 2019 01:51:07 GMT;32,331;2_39_78_367_2019-01-29 17:02:41.302158;2;2-39-78-367;CA-494;564
Tue, 29 Jan 2019 17:03:29 GMT;Wed, 30 Jan 2019 01:51:36 GMT;Tue, 29 Jan 2019 18:58:48 GMT;6,426;2_39_89_25_2019-01-29 17:03:29.209697;2;2-39-89-25;CA-315;567
Tue, 29 Jan 2019 17:19:20 GMT;Wed, 30 Jan 2019 01:18:12 GMT;Tue, 29 Jan 2019 20:06:17 GMT;18,78;2_39_83_386_2019-01-29 17:19:19.921883;2;2-39-83-386;CA-212;1154
Tue, 29 Jan 2019 17:29:03 GMT;Wed, 30 Jan 2019 02:01:44 GMT;Tue, 29 Jan 2019 19:07:41 GMT;9,966;2_39_88_438_2019-01-29 17:29:03.138817;2;2-39-88-438;CA-502;69
Tue, 29 Jan 2019 17:29:36 GMT;Tue, 29 Jan 2019 18:37:22 GMT;Tue, 29 Jan 2019 18:25:27 GMT;5,292;2_39_78_363_2019-01-29 17:29:35.657417;2;2-39-78-363;CA-320;697
Tue, 29 Jan 2019 17:44:07 GMT;Tue, 29 Jan 2019 21:36:10 GMT;Tue, 29 Jan 2019 21:28:40 GMT;0,856;2_39_124_22_2019-01-29 17:44:07.227691;2;2-39-124-22;CA-312;
Tue, 29 Jan 2019 17:49:27 GMT;Wed, 30 Jan 2019 02:31:24 GMT;Tue, 29 Jan 2019 19:26:55 GMT;5,51;2_39_88_24_2019-01-29 17:49:27.202756;2;2-39-88-24;CA-314;712
Tue, 29 Jan 2019 17:51:37 GMT;Wed, 30 Jan 2019 01:56:32 GMT;Wed, 30 Jan 2019 00:30:41 GMT;12,636;2_39_78_364_2019-01-29 17:51:36.705140;2;2-39-78-364;CA-495;1095
Tue, 29 Jan 2019 17:54:17 GMT;Wed, 30 Jan 2019 03:09:59 GMT;Tue, 29 Jan 2019 20:36:46 GMT;12,121;2_39_91_437_2019-01-29 17:54:17.291801;2;2-39-91-437;CA-317;958
Tue, 29 Jan 2019 18:03:58 GMT;Wed, 30 Jan 2019 04:38:52 GMT;Tue, 29 Jan 2019 19:12:15 GMT;2,237;2_39_92_436_2019-01-29 18:03:57.554439;2;2-39-92-436;CA-318;324
Tue, 29 Jan 2019 18:06:01 GMT;Wed, 30 Jan 2019 03:12:03 GMT;Wed, 30 Jan 2019 02:25:41 GMT;11,769;2_39_78_365_2019-01-29 18:06:00.929284;2;2-39-78-365;CA-321;558
Tue, 29 Jan 2019 18:31:49 GMT;Tue, 29 Jan 2019 23:36:45 GMT;Tue, 29 Jan 2019 23:25:35 GMT;7,094;2_39_78_360_2019-01-29 18:31:49.257862;2;2-39-78-360;CA-322;1001
Tue, 29 Jan 2019 18:40:47 GMT;Tue, 29 Jan 2019 19:26:59 GMT;Tue, 29 Jan 2019 19:26:51 GMT;4,358;2_39_78_361_2019-01-29 18:40:46.945734;2;2-39-78-361;CA-493;668
Tue, 29 Jan 2019 19:09:08 GMT;Wed, 30 Jan 2019 05:40:42 GMT;Tue, 29 Jan 2019 20:29:59 GMT;2,246;2_39_79_376_2019-01-29 19:09:08.403074;2;2-39-79-376;CA-324;1082
Tue, 29 Jan 2019 19:11:24 GMT;Wed, 30 Jan 2019 01:51:37 GMT;Tue, 29 Jan 2019 20:38:20 GMT;0,869;2_39_78_363_2019-01-29 19:11:24.317082;2;2-39-78-363;CA-320;
Tue, 29 Jan 2019 20:11:35 GMT;Wed, 30 Jan 2019 02:37:34 GMT;Wed, 30 Jan 2019 02:27:05 GMT;15,939;2_39_78_361_2019-01-29 20:11:35.062805;2;2-39-78-361;CA-493;632
Tue, 29 Jan 2019 20:15:11 GMT;Tue, 29 Jan 2019 21:15:24 GMT;Tue, 29 Jan 2019 21:15:55 GMT;0,903;2_39_128_18_2019-01-29 20:15:10.863218;2;2-39-128-18;CA-308;
Tue, 29 Jan 2019 20:20:35 GMT;Wed, 30 Jan 2019 03:01:36 GMT;Tue, 29 Jan 2019 22:21:17 GMT;6,536;2_39_79_377_2019-01-29 20:20:34.879122;2;2-39-79-377;CA-325;1124
Tue, 29 Jan 2019 21:30:37 GMT;Tue, 29 Jan 2019 23:54:38 GMT;Tue, 29 Jan 2019 22:25:38 GMT;6,145;2_39_129_17_2019-01-29 21:30:36.818590;2;2-39-129-17;CA-307;609
Tue, 29 Jan 2019 21:41:10 GMT;Wed, 30 Jan 2019 03:27:32 GMT;Wed, 30 Jan 2019 03:28:31 GMT;10,191;2_39_78_362_2019-01-29 21:41:09.731065;2;2-39-78-362;CA-496;777
Tue, 29 Jan 2019 22:29:37 GMT;Wed, 30 Jan 2019 07:05:20 GMT;Wed, 30 Jan 2019 07:05:15 GMT;57,473;2_39_128_18_2019-01-29 22:29:36.852218;2;2-39-128-18;CA-308;1754
Tue, 29 Jan 2019 23:24:24 GMT;Wed, 30 Jan 2019 03:01:04 GMT;Wed, 30 Jan 2019 02:25:52 GMT;0,895;2_39_124_22_2019-01-29 23:24:23.893322;2;2-39-124-22;CA-312;
Wed, 30 Jan 2019 00:29:22 GMT;Wed, 30 Jan 2019 02:17:56 GMT;Wed, 30 Jan 2019 00:57:00 GMT;1,203;2_39_130_31_2019-01-30 00:29:21.555931;2;2-39-130-31;CA-306;1746
Wed, 30 Jan 2019 01:34:51 GMT;Wed, 30 Jan 2019 14:08:35 GMT;Wed, 30 Jan 2019 06:23:18 GMT;16,003;2_39_139_28_2019-01-30 01:34:51.452363;2;2-39-139-28;CA-303;838
Wed, 30 Jan 2019 01:43:20 GMT;Wed, 30 Jan 2019 05:54:45 GMT;Wed, 30 Jan 2019 04:33:42 GMT;18,748;2_39_129_17_2019-01-30 01:43:19.999600;2;2-39-129-17;CA-307;637
Wed, 30 Jan 2019 03:41:28 GMT;Wed, 30 Jan 2019 15:04:55 GMT;Wed, 30 Jan 2019 05:32:03 GMT;11,675;2_39_125_21_2019-01-30 03:41:27.713525;2;2-39-125-21;CA-311;754
Wed, 30 Jan 2019 04:44:22 GMT;Wed, 30 Jan 2019 07:31:08 GMT;Wed, 30 Jan 2019 07:31:03 GMT;9,878;2_39_79_379_2019-01-30 04:44:22.283258;2;2-39-79-379;CA-327;1135
Wed, 30 Jan 2019 05:40:22 GMT;Wed, 30 Jan 2019 06:33:26 GMT;Wed, 30 Jan 2019 06:10:46 GMT;0,964;2_39_131_30_2019-01-30 05:40:22.311391;2;2-39-131-30;CA-305;
Wed, 30 Jan 2019 06:07:32 GMT;Wed, 30 Jan 2019 08:45:49 GMT;Wed, 30 Jan 2019 08:02:23 GMT;5,109;2_39_138_29_2019-01-30 06:07:31.807701;2;2-39-138-29;CA-304;1366
Wed, 30 Jan 2019 15:07:57 GMT;Thu, 31 Jan 2019 01:31:16 GMT;Thu, 31 Jan 2019 00:46:24 GMT;13,484;2_39_78_363_2019-01-30 15:07:57.118395;2;2-39-78-363;CA-320;569
Wed, 30 Jan 2019 15:31:50 GMT;Thu, 31 Jan 2019 00:48:43 GMT;Wed, 30 Jan 2019 22:45:45 GMT;7,083;2_39_79_377_2019-01-30 15:31:50.115525;2;2-39-79-377;CA-325;
Wed, 30 Jan 2019 16:24:35 GMT;Wed, 30 Jan 2019 20:22:29 GMT;Wed, 30 Jan 2019 18:19:39 GMT;6,011;2_39_130_31_2019-01-30 16:24:35.476095;2;2-39-130-31;CA-306;376
Wed, 30 Jan 2019 16:26:01 GMT;Wed, 30 Jan 2019 20:51:47 GMT;Wed, 30 Jan 2019 18:03:27 GMT;9,124;2_39_92_442_2019-01-30 16:26:01.122830;2;2-39-92-442;CA-498;431
Wed, 30 Jan 2019 16:31:46 GMT;Thu, 31 Jan 2019 00:41:00 GMT;Wed, 30 Jan 2019 21:18:46 GMT;8,68;2_39_79_376_2019-01-30 16:31:45.727626;2;2-39-79-376;CA-324;1470
Wed, 30 Jan 2019 16:33:00 GMT;Thu, 31 Jan 2019 01:42:20 GMT;Wed, 30 Jan 2019 18:41:35 GMT;13,991;2_39_89_25_2019-01-30 16:33:00.194408;2;2-39-89-25;CA-315;945
Wed, 30 Jan 2019 16:40:42 GMT;Thu, 31 Jan 2019 01:18:19 GMT;Wed, 30 Jan 2019 17:57:19 GMT;4,221;2_39_131_30_2019-01-30 16:40:42.146788;2;2-39-131-30;CA-305;712
Wed, 30 Jan 2019 16:41:05 GMT;Wed, 30 Jan 2019 21:38:17 GMT;Wed, 30 Jan 2019 18:10:20 GMT;4,628;2_39_139_28_2019-01-30 16:41:04.913882;2;2-39-139-28;CA-303;562
Wed, 30 Jan 2019 16:50:41 GMT;Thu, 31 Jan 2019 00:31:05 GMT;Wed, 30 Jan 2019 23:20:33 GMT;39,872;2_39_79_380_2019-01-30 16:50:41.056323;2;2-39-79-380;CA-489;1257
Wed, 30 Jan 2019 16:59:30 GMT;Thu, 31 Jan 2019 01:59:30 GMT;Wed, 30 Jan 2019 20:52:31 GMT;20,454;2_39_79_379_2019-01-30 16:59:30.144344;2;2-39-79-379;CA-327;1104
Wed, 30 Jan 2019 17:00:42 GMT;Thu, 31 Jan 2019 00:14:35 GMT;Wed, 30 Jan 2019 19:57:50 GMT;9,563;2_39_124_558_2019-01-30 17:00:42.382422;2;2-39-124-558;CA-504;1534
Wed, 30 Jan 2019 17:03:48 GMT;Wed, 30 Jan 2019 23:44:29 GMT;Wed, 30 Jan 2019 17:32:35 GMT;1,959;2_39_78_366_2019-01-30 17:03:48.407784;2;2-39-78-366;CA-323;1120
Wed, 30 Jan 2019 17:07:47 GMT;Thu, 31 Jan 2019 00:39:23 GMT;Wed, 30 Jan 2019 18:28:25 GMT;4,234;2_39_123_23_2019-01-30 17:07:46.654608;2;2-39-123-23;CA-313;858
Wed, 30 Jan 2019 17:12:22 GMT;Thu, 31 Jan 2019 00:51:28 GMT;Wed, 30 Jan 2019 18:31:42 GMT;7,884;2_39_83_386_2019-01-30 17:12:22.099663;2;2-39-83-386;CA-212;1154
Wed, 30 Jan 2019 17:14:57 GMT;Thu, 31 Jan 2019 01:33:03 GMT;Wed, 30 Jan 2019 22:34:37 GMT;6,586;2_39_91_437_2019-01-30 17:14:56.656458;2;2-39-91-437;CA-317;1364
Wed, 30 Jan 2019 17:35:27 GMT;Thu, 31 Jan 2019 02:02:26 GMT;Wed, 30 Jan 2019 19:00:06 GMT;4,624;2_39_95_27_2019-01-30 17:35:27.111944;2;2-39-95-27;CA-319;567
Wed, 30 Jan 2019 17:41:56 GMT;Thu, 31 Jan 2019 09:39:13 GMT;Wed, 30 Jan 2019 18:44:23 GMT;2,105;2_39_126_20_2019-01-30 17:41:55.843797;2;2-39-126-20;CA-310;1082
Wed, 30 Jan 2019 17:44:27 GMT;Wed, 30 Jan 2019 20:20:38 GMT;Wed, 30 Jan 2019 20:20:34 GMT;5,213;2_39_79_381_2019-01-30 17:44:26.948363;2;2-39-79-381;CA-490;714
Wed, 30 Jan 2019 17:48:33 GMT;Wed, 30 Jan 2019 22:29:10 GMT;Wed, 30 Jan 2019 21:41:41 GMT;0,849;2_39_88_24_2019-01-30 17:48:32.932088;2;2-39-88-24;CA-314;
Wed, 30 Jan 2019 18:00:19 GMT;Thu, 31 Jan 2019 03:17:11 GMT;Thu, 31 Jan 2019 03:05:52 GMT;10,847;2_39_78_365_2019-01-30 18:00:18.591321;2;2-39-78-365;CA-321;558
Wed, 30 Jan 2019 18:07:36 GMT;Thu, 31 Jan 2019 00:47:29 GMT;Wed, 30 Jan 2019 19:53:30 GMT;6,577;2_39_92_436_2019-01-30 18:07:35.572242;2;2-39-92-436;CA-318;1126
Wed, 30 Jan 2019 18:09:35 GMT;Thu, 31 Jan 2019 02:04:35 GMT;Wed, 30 Jan 2019 22:07:40 GMT;12,175;2_39_79_383_2019-01-30 18:09:35.476434;2;2-39-79-383;CA-492;1095
Wed, 30 Jan 2019 18:10:39 GMT;Thu, 31 Jan 2019 01:54:13 GMT;Wed, 30 Jan 2019 19:47:03 GMT;4,969;2_39_124_22_2019-01-30 18:10:39.064423;2;2-39-124-22;CA-312;891
Wed, 30 Jan 2019 18:19:31 GMT;Thu, 31 Jan 2019 01:10:20 GMT;Wed, 30 Jan 2019 20:24:42 GMT;6,646;2_39_90_26_2019-01-30 18:19:31.482711;2;2-39-90-26;CA-316;620
Wed, 30 Jan 2019 18:32:30 GMT;Wed, 30 Jan 2019 20:02:38 GMT;Wed, 30 Jan 2019 20:00:15 GMT;8,634;2_39_78_364_2019-01-30 18:32:30.221517;2;2-39-78-364;CA-495;668
Wed, 30 Jan 2019 18:47:41 GMT;Thu, 31 Jan 2019 03:38:29 GMT;Wed, 30 Jan 2019 20:59:21 GMT;7,882;2_39_78_360_2019-01-30 18:47:41.442666;2;2-39-78-360;CA-322;697
Wed, 30 Jan 2019 18:49:02 GMT;Thu, 31 Jan 2019 03:18:24 GMT;Thu, 31 Jan 2019 03:19:21 GMT;0,95;2_39_78_362_2019-01-30 18:49:01.787251;2;2-39-78-362;CA-496;
Wed, 30 Jan 2019 19:05:36 GMT;Thu, 31 Jan 2019 02:01:37 GMT;Wed, 30 Jan 2019 19:59:31 GMT;2,447;2_39_95_444_2019-01-30 19:05:36.314489;2;2-39-95-444;CA-497;1366
Wed, 30 Jan 2019 19:32:01 GMT;Wed, 30 Jan 2019 23:56:38 GMT;Wed, 30 Jan 2019 21:32:00 GMT;6,491;2_39_91_441_2019-01-30 19:32:01.124993;2;2-39-91-441;CA-499;1124
Wed, 30 Jan 2019 19:37:20 GMT;Thu, 31 Jan 2019 01:12:15 GMT;Thu, 31 Jan 2019 00:54:44 GMT;24,996;2_39_78_367_2019-01-30 19:37:20.318638;2;2-39-78-367;CA-494;832
Wed, 30 Jan 2019 19:53:39 GMT;Wed, 30 Jan 2019 22:12:33 GMT;Wed, 30 Jan 2019 22:12:25 GMT;14,555;2_39_123_557_2019-01-30 19:53:39.071977;2;2-39-123-557;CA-503;1626
Wed, 30 Jan 2019 20:38:22 GMT;Thu, 31 Jan 2019 01:32:04 GMT;Wed, 30 Jan 2019 22:14:19 GMT;4,735;2_39_79_381_2019-01-30 20:38:21.825223;2;2-39-79-381;CA-490;1083
Wed, 30 Jan 2019 20:41:08 GMT;Wed, 30 Jan 2019 21:35:31 GMT;Wed, 30 Jan 2019 21:12:15 GMT;0,921;2_39_130_31_2019-01-30 20:41:08.095967;2;2-39-130-31;CA-306;
Wed, 30 Jan 2019 21:04:02 GMT;Wed, 30 Jan 2019 23:51:26 GMT;Wed, 30 Jan 2019 21:34:58 GMT;0,808;2_39_78_364_2019-01-30 21:04:01.702129;2;2-39-78-364;CA-495;
Wed, 30 Jan 2019 21:24:24 GMT;Thu, 31 Jan 2019 03:19:00 GMT;Thu, 31 Jan 2019 03:10:01 GMT;10,535;2_39_78_361_2019-01-30 21:24:23.947240;2;2-39-78-361;CA-493;777
Wed, 30 Jan 2019 22:19:44 GMT;Thu, 31 Jan 2019 03:14:42 GMT;Wed, 30 Jan 2019 22:39:06 GMT;0,857;2_39_127_19_2019-01-30 22:19:43.709958;2;2-39-127-19;CA-309;562
Thu, 31 Jan 2019 00:39:56 GMT;Thu, 31 Jan 2019 02:00:07 GMT;Thu, 31 Jan 2019 01:59:59 GMT;4,466;2_39_128_18_2019-01-31 00:39:55.698045;2;2-39-128-18;CA-308;774
Thu, 31 Jan 2019 01:31:35 GMT;Thu, 31 Jan 2019 14:00:19 GMT;Thu, 31 Jan 2019 05:59:52 GMT;15,338;2_39_131_30_2019-01-31 01:31:34.954559;2;2-39-131-30;CA-305;838
Thu, 31 Jan 2019 02:20:54 GMT;Sat, 02 Feb 2019 03:27:07 GMT;Thu, 31 Jan 2019 06:51:33 GMT;15,75;2_39_129_17_2019-01-31 02:20:53.661205;2;2-39-129-17;CA-307;1152
Thu, 31 Jan 2019 02:21:37 GMT;Thu, 31 Jan 2019 03:46:04 GMT;Thu, 31 Jan 2019 03:46:00 GMT;4,595;2_39_139_28_2019-01-31 02:21:36.701544;2;2-39-139-28;CA-303;1712
Thu, 31 Jan 2019 02:27:38 GMT;Thu, 31 Jan 2019 04:28:05 GMT;Thu, 31 Jan 2019 04:10:09 GMT;5,974;2_39_138_29_2019-01-31 02:27:38.258502;2;2-39-138-29;CA-304;1564
Thu, 31 Jan 2019 03:12:13 GMT;Thu, 31 Jan 2019 06:51:31 GMT;Thu, 31 Jan 2019 05:02:02 GMT;11,824;2_39_123_23_2019-01-31 03:12:13.210277;2;2-39-123-23;CA-313;754
Thu, 31 Jan 2019 14:59:56 GMT;Fri, 01 Feb 2019 00:51:02 GMT;Thu, 31 Jan 2019 18:26:21 GMT;21,867;2_39_139_28_2019-01-31 14:59:55.822373;2;2-39-139-28;CA-303;710
Thu, 31 Jan 2019 15:10:21 GMT;Fri, 01 Feb 2019 00:00:46 GMT;Thu, 31 Jan 2019 21:59:02 GMT;7,099;2_39_78_366_2019-01-31 15:10:21.040014;2;2-39-78-366;CA-323;569
Thu, 31 Jan 2019 15:55:00 GMT;Fri, 01 Feb 2019 02:04:33 GMT;Thu, 31 Jan 2019 17:44:25 GMT;5,808;2_39_79_379_2019-01-31 15:54:59.716449;2;2-39-79-379;CA-327;1083
Thu, 31 Jan 2019 15:59:13 GMT;Fri, 01 Feb 2019 00:35:39 GMT;Thu, 31 Jan 2019 19:39:33 GMT;3,401;2_39_123_23_2019-01-31 15:59:12.685070;2;2-39-123-23;CA-313;858
Thu, 31 Jan 2019 16:08:59 GMT;Thu, 31 Jan 2019 23:32:42 GMT;Thu, 31 Jan 2019 23:33:26 GMT;13,95;2_39_78_362_2019-01-31 16:08:58.911542;2;2-39-78-362;CA-496;945
Thu, 31 Jan 2019 16:12:04 GMT;Fri, 01 Feb 2019 00:48:52 GMT;Thu, 31 Jan 2019 17:41:57 GMT;2,787;2_39_95_27_2019-01-31 16:12:04.192684;2;2-39-95-27;CA-319;444
Thu, 31 Jan 2019 16:16:21 GMT;Fri, 01 Feb 2019 02:58:13 GMT;Thu, 31 Jan 2019 17:46:42 GMT;4,641;2_39_131_30_2019-01-31 16:16:20.977539;2;2-39-131-30;CA-305;562
Thu, 31 Jan 2019 16:21:50 GMT;Fri, 01 Feb 2019 02:52:21 GMT;Fri, 01 Feb 2019 00:59:52 GMT;1,117;2_39_79_380_2019-01-31 16:21:50.428609;2;2-39-79-380;CA-489;
Thu, 31 Jan 2019 16:31:44 GMT;Fri, 01 Feb 2019 01:36:17 GMT;Thu, 31 Jan 2019 19:39:30 GMT;12,641;2_39_138_29_2019-01-31 16:31:44.509317;2;2-39-138-29;CA-304;559
Thu, 31 Jan 2019 16:45:58 GMT;Fri, 01 Feb 2019 02:47:55 GMT;Thu, 31 Jan 2019 18:05:21 GMT;4,475;2_39_127_19_2019-01-31 16:45:57.914781;2;2-39-127-19;CA-309;712
Thu, 31 Jan 2019 16:51:42 GMT;Fri, 01 Feb 2019 00:54:59 GMT;Fri, 01 Feb 2019 00:11:51 GMT;7,088;2_39_78_367_2019-01-31 16:51:41.631562;2;2-39-78-367;CA-494;1001
Thu, 31 Jan 2019 17:07:03 GMT;Fri, 01 Feb 2019 03:06:04 GMT;Thu, 31 Jan 2019 23:45:07 GMT;11,711;2_39_78_363_2019-01-31 17:07:02.830738;2;2-39-78-363;CA-320;558
Thu, 31 Jan 2019 17:13:01 GMT;Fri, 01 Feb 2019 02:27:32 GMT;Thu, 31 Jan 2019 23:58:18 GMT;4,963;2_39_88_438_2019-01-31 17:13:01.101030;2;2-39-88-438;CA-502;1534
Thu, 31 Jan 2019 17:19:27 GMT;Fri, 01 Feb 2019 01:03:36 GMT;Thu, 31 Jan 2019 19:30:16 GMT;13,412;2_39_90_440_2019-01-31 17:19:26.891525;2;2-39-90-440;CA-500;69
Thu, 31 Jan 2019 17:24:20 GMT;Fri, 01 Feb 2019 02:08:31 GMT;Thu, 31 Jan 2019 18:13:59 GMT;2,164;2_39_91_437_2019-01-31 17:24:20.108843;2;2-39-91-437;CA-317;891
Thu, 31 Jan 2019 17:26:05 GMT;Fri, 01 Feb 2019 00:40:05 GMT;Thu, 31 Jan 2019 23:38:56 GMT;8,07;2_39_79_377_2019-01-31 17:26:05.424721;2;2-39-79-377;CA-325;1137
Thu, 31 Jan 2019 17:33:47 GMT;Fri, 01 Feb 2019 04:05:36 GMT;Thu, 31 Jan 2019 18:48:39 GMT;7,844;2_39_83_386_2019-01-31 17:33:46.937563;2;2-39-83-386;CA-212;1154
Thu, 31 Jan 2019 17:48:46 GMT;Fri, 01 Feb 2019 02:16:07 GMT;Thu, 31 Jan 2019 19:10:51 GMT;9,061;2_39_79_378_2019-01-31 17:48:45.653325;2;2-39-79-378;CA-326;714
Thu, 31 Jan 2019 18:13:55 GMT;Fri, 01 Feb 2019 02:07:20 GMT;Thu, 31 Jan 2019 20:14:14 GMT;12,257;2_39_95_444_2019-01-31 18:13:55.101608;2;2-39-95-444;CA-497;1095
Thu, 31 Jan 2019 18:27:13 GMT;Fri, 01 Feb 2019 01:54:10 GMT;Thu, 31 Jan 2019 18:58:13 GMT;0,781;2_39_130_31_2019-01-31 18:27:13.263172;2;2-39-130-31;CA-306;
Thu, 31 Jan 2019 19:19:34 GMT;Fri, 01 Feb 2019 00:28:13 GMT;Fri, 01 Feb 2019 00:28:07 GMT;10,966;2_39_78_365_2019-01-31 19:19:33.973210;2;2-39-78-365;CA-321;668
Thu, 31 Jan 2019 20:15:50 GMT;Fri, 01 Feb 2019 00:03:08 GMT;Thu, 31 Jan 2019 22:17:05 GMT;6,512;2_39_78_360_2019-01-31 20:15:49.797508;2;2-39-78-360;CA-322;1124
Thu, 31 Jan 2019 20:52:24 GMT;Thu, 31 Jan 2019 23:20:42 GMT;Thu, 31 Jan 2019 23:20:37 GMT;8,739;2_39_79_381_2019-01-31 20:52:23.684336;2;2-39-79-381;CA-490;1135
Thu, 31 Jan 2019 22:17:05 GMT;Thu, 31 Jan 2019 23:50:52 GMT;Thu, 31 Jan 2019 23:42:23 GMT;8,637;2_39_92_436_2019-01-31 22:17:04.531344;2;2-39-92-436;CA-318;1470
Fri, 01 Feb 2019 01:50:15 GMT;Fri, 01 Feb 2019 04:04:26 GMT;Fri, 01 Feb 2019 02:14:05 GMT;1,055;2_39_123_23_2019-02-01 01:50:15.148759;2;2-39-123-23;CA-313;1746
Fri, 01 Feb 2019 02:03:35 GMT;Fri, 01 Feb 2019 05:16:45 GMT;Fri, 01 Feb 2019 05:16:41 GMT;10,611;2_39_79_383_2019-02-01 02:03:35.169420;2;2-39-79-383;CA-492;777
Fri, 01 Feb 2019 02:13:43 GMT;Fri, 01 Feb 2019 03:26:53 GMT;Fri, 01 Feb 2019 03:26:50 GMT;4,022;2_39_125_21_2019-02-01 02:13:43.360935;2;2-39-125-21;CA-311;1164
Fri, 01 Feb 2019 02:46:37 GMT;Fri, 01 Feb 2019 14:20:07 GMT;Fri, 01 Feb 2019 07:13:12 GMT;15,582;2_39_139_28_2019-02-01 02:46:37.387497;2;2-39-139-28;CA-303;838
Fri, 01 Feb 2019 03:15:49 GMT;Fri, 01 Feb 2019 05:19:33 GMT;Fri, 01 Feb 2019 03:46:21 GMT;0,904;2_39_131_30_2019-02-01 03:15:48.794753;2;2-39-131-30;CA-305;
Fri, 01 Feb 2019 03:25:25 GMT;Fri, 01 Feb 2019 15:03:11 GMT;Fri, 01 Feb 2019 05:21:12 GMT;12,535;2_39_127_19_2019-02-01 03:25:24.707059;2;2-39-127-19;CA-309;754
Fri, 01 Feb 2019 14:02:42 GMT;Fri, 01 Feb 2019 22:30:55 GMT;Fri, 01 Feb 2019 21:52:22 GMT;51,941;2_39_123_23_2019-02-01 14:02:42.165943;2;2-39-123-23;CA-313;556
Fri, 01 Feb 2019 15:19:17 GMT;Sat, 02 Feb 2019 01:10:24 GMT;Sat, 02 Feb 2019 00:19:58 GMT;10,193;2_39_78_366_2019-02-01 15:19:16.542369;2;2-39-78-366;CA-323;569
Fri, 01 Feb 2019 15:49:59 GMT;Sat, 02 Feb 2019 05:23:36 GMT;Fri, 01 Feb 2019 21:03:23 GMT;15,987;2_39_79_379_2019-02-01 15:49:59.014170;2;2-39-79-379;CA-327;676
Fri, 01 Feb 2019 16:00:37 GMT;Sat, 02 Feb 2019 01:32:56 GMT;Fri, 01 Feb 2019 19:47:08 GMT;9,82;2_39_79_380_2019-02-01 16:00:37.466390;2;2-39-79-380;CA-489;1126
Fri, 01 Feb 2019 16:05:17 GMT;Fri, 01 Feb 2019 18:35:37 GMT;Fri, 01 Feb 2019 18:13:13 GMT;5,423;2_39_79_377_2019-02-01 16:05:17.003660;2;2-39-79-377;CA-325;1083
Fri, 01 Feb 2019 16:11:10 GMT;Sat, 02 Feb 2019 03:18:51 GMT;Sat, 02 Feb 2019 02:14:29 GMT;2,648;2_39_79_383_2019-02-01 16:11:09.964176;2;2-39-79-383;CA-492;
Fri, 01 Feb 2019 16:11:11 GMT;Fri, 01 Feb 2019 20:22:12 GMT;Fri, 01 Feb 2019 17:45:07 GMT;4,91;2_39_139_28_2019-02-01 16:11:10.760579;2;2-39-139-28;CA-303;562
Fri, 01 Feb 2019 16:18:00 GMT;Fri, 01 Feb 2019 18:16:10 GMT;Fri, 01 Feb 2019 18:16:05 GMT;13,511;2_39_95_444_2019-02-01 16:17:59.841896;2;2-39-95-444;CA-497;234
Fri, 01 Feb 2019 16:26:36 GMT;Sat, 02 Feb 2019 01:11:26 GMT;Fri, 01 Feb 2019 20:23:53 GMT;25,759;2_39_92_442_2019-02-01 16:26:35.821655;2;2-39-92-442;CA-498;818
Fri, 01 Feb 2019 16:27:01 GMT;Sat, 02 Feb 2019 01:04:34 GMT;Fri, 01 Feb 2019 19:12:03 GMT;9,093;2_39_128_18_2019-02-01 16:27:01.103275;2;2-39-128-18;CA-308;620
Fri, 01 Feb 2019 16:28:59 GMT;Sat, 02 Feb 2019 01:35:02 GMT;Fri, 01 Feb 2019 18:31:28 GMT;6,583;2_39_138_29_2019-02-01 16:28:59.233366;2;2-39-138-29;CA-304;559
Fri, 01 Feb 2019 16:33:56 GMT;Sat, 02 Feb 2019 02:31:12 GMT;Sat, 02 Feb 2019 01:40:49 GMT;2,717;2_39_79_381_2019-02-01 16:33:56.005374;2;2-39-79-381;CA-490;
Fri, 01 Feb 2019 16:38:29 GMT;Sat, 02 Feb 2019 02:32:11 GMT;Sat, 02 Feb 2019 00:57:09 GMT;1,002;2_39_131_30_2019-02-01 16:38:29.208970;2;2-39-131-30;CA-305;
Fri, 01 Feb 2019 16:43:19 GMT;Sat, 02 Feb 2019 00:58:23 GMT;Sat, 02 Feb 2019 00:55:50 GMT;12,886;2_39_78_360_2019-02-01 16:43:18.913377;2;2-39-78-360;CA-322;1470
Fri, 01 Feb 2019 16:49:54 GMT;Fri, 01 Feb 2019 18:19:30 GMT;Fri, 01 Feb 2019 18:19:24 GMT;0,876;2_39_78_361_2019-02-01 16:49:53.838364;2;2-39-78-361;CA-493;
Fri, 01 Feb 2019 16:57:41 GMT;Fri, 01 Feb 2019 18:07:26 GMT;Fri, 01 Feb 2019 18:07:22 GMT;4,107;2_39_89_25_2019-02-01 16:57:40.633431;2;2-39-89-25;CA-315;1108
Fri, 01 Feb 2019 17:00:08 GMT;Fri, 01 Feb 2019 18:16:23 GMT;Fri, 01 Feb 2019 18:17:20 GMT;7,082;2_39_78_363_2019-02-01 17:00:07.627250;2;2-39-78-363;CA-320;579
Fri, 01 Feb 2019 17:11:52 GMT;Sat, 02 Feb 2019 01:56:50 GMT;Fri, 01 Feb 2019 19:53:41 GMT;17,183;2_39_91_441_2019-02-01 17:11:52.279641;2;2-39-91-441;CA-499;867
Fri, 01 Feb 2019 17:16:37 GMT;Sat, 02 Feb 2019 00:41:28 GMT;Sat, 02 Feb 2019 00:41:07 GMT;50,822;2_39_88_438_2019-02-01 17:16:37.354261;2;2-39-88-438;CA-502;273
Fri, 01 Feb 2019 17:16:40 GMT;Sat, 02 Feb 2019 01:40:25 GMT;Fri, 01 Feb 2019 18:42:18 GMT;4,043;2_39_95_27_2019-02-01 17:16:40.085136;2;2-39-95-27;CA-319;1366
Fri, 01 Feb 2019 17:20:19 GMT;Sat, 02 Feb 2019 00:40:51 GMT;Fri, 01 Feb 2019 20:32:51 GMT;10,514;2_39_126_560_2019-02-01 17:20:19.487162;2;2-39-126-560;CA-506;1534
Fri, 01 Feb 2019 17:25:12 GMT;Sat, 02 Feb 2019 02:08:31 GMT;Fri, 01 Feb 2019 18:53:16 GMT;8,727;2_39_79_376_2019-02-01 17:25:12.125831;2;2-39-79-376;CA-324;714
Fri, 01 Feb 2019 17:31:25 GMT;Fri, 01 Feb 2019 19:46:20 GMT;Fri, 01 Feb 2019 18:54:38 GMT;0,861;2_39_89_439_2019-02-01 17:31:25.292208;2;2-39-89-439;CA-501;
Fri, 01 Feb 2019 17:38:08 GMT;Sat, 02 Feb 2019 02:56:20 GMT;Sat, 02 Feb 2019 02:41:45 GMT;18,34;2_39_78_365_2019-02-01 17:38:08.202601;2;2-39-78-365;CA-321;1274
Fri, 01 Feb 2019 17:39:35 GMT;Sat, 02 Feb 2019 00:35:43 GMT;Fri, 01 Feb 2019 19:41:00 GMT;6,504;2_39_92_436_2019-02-01 17:39:35.326095;2;2-39-92-436;CA-318;858
Fri, 01 Feb 2019 17:44:03 GMT;Sat, 02 Feb 2019 00:11:49 GMT;Fri, 01 Feb 2019 22:26:24 GMT;16,082;2_39_90_26_2019-02-01 17:44:03.482974;2;2-39-90-26;CA-316;1135
Fri, 01 Feb 2019 18:08:52 GMT;Sat, 02 Feb 2019 01:39:57 GMT;Fri, 01 Feb 2019 20:09:34 GMT;12,568;2_39_127_561_2019-02-01 18:08:51.966809;2;2-39-127-561;CA-507;1095
Fri, 01 Feb 2019 18:16:35 GMT;Sat, 02 Feb 2019 02:01:22 GMT;Fri, 01 Feb 2019 23:29:24 GMT;0,898;2_39_78_363_2019-02-01 18:16:35.497676;2;2-39-78-363;CA-320;
Fri, 01 Feb 2019 18:16:49 GMT;Sat, 02 Feb 2019 02:26:08 GMT;Sat, 02 Feb 2019 02:27:06 GMT;8,64;2_39_78_362_2019-02-01 18:16:49.369631;2;2-39-78-362;CA-496;697
Fri, 01 Feb 2019 18:17:31 GMT;Sat, 02 Feb 2019 03:13:11 GMT;Fri, 01 Feb 2019 20:06:51 GMT;11,416;2_39_90_440_2019-02-01 18:17:30.793485;2;2-39-90-440;CA-500;558
Fri, 01 Feb 2019 18:28:10 GMT;Sat, 02 Feb 2019 03:06:38 GMT;Sat, 02 Feb 2019 02:33:00 GMT;8,647;2_39_95_444_2019-02-01 18:28:10.509237;2;2-39-95-444;CA-497;159
Fri, 01 Feb 2019 18:33:23 GMT;Sat, 02 Feb 2019 01:46:35 GMT;Fri, 01 Feb 2019 19:19:24 GMT;1,949;2_39_88_24_2019-02-01 18:33:22.677967;2;2-39-88-24;CA-314;891
Fri, 01 Feb 2019 18:36:56 GMT;Fri, 01 Feb 2019 20:06:22 GMT;Fri, 01 Feb 2019 20:05:52 GMT;0,904;2_39_78_361_2019-02-01 18:36:55.554738;2;2-39-78-361;CA-493;
Fri, 01 Feb 2019 19:02:52 GMT;Sat, 02 Feb 2019 08:50:21 GMT;Fri, 01 Feb 2019 20:07:17 GMT;2,163;2_39_125_21_2019-02-01 19:02:51.947894;2;2-39-125-21;CA-311;1082
Fri, 01 Feb 2019 19:18:11 GMT;Sat, 02 Feb 2019 00:59:02 GMT;Fri, 01 Feb 2019 22:35:43 GMT;20,437;2_39_79_377_2019-02-01 19:18:10.545039;2;2-39-79-377;CA-325;832
Fri, 01 Feb 2019 19:47:22 GMT;Fri, 01 Feb 2019 23:44:33 GMT;Fri, 01 Feb 2019 21:08:21 GMT;3,931;2_39_89_439_2019-02-01 19:47:22.463831;2;2-39-89-439;CA-501;743
Fri, 01 Feb 2019 20:23:48 GMT;Fri, 01 Feb 2019 21:38:29 GMT;Fri, 01 Feb 2019 21:39:29 GMT;0,894;2_39_78_361_2019-02-01 20:23:48.088693;2;2-39-78-361;CA-493;
Fri, 01 Feb 2019 20:33:50 GMT;Sat, 02 Feb 2019 01:07:42 GMT;Fri, 01 Feb 2019 23:10:31 GMT;16,395;2_39_139_28_2019-02-01 20:33:49.672736;2;2-39-139-28;CA-303;734
Fri, 01 Feb 2019 20:54:37 GMT;Sat, 02 Feb 2019 01:10:57 GMT;Sat, 02 Feb 2019 00:04:53 GMT;9,635;2_39_79_378_2019-02-01 20:54:36.870325;2;2-39-79-378;CA-326;777
Fri, 01 Feb 2019 21:01:44 GMT;Sat, 02 Feb 2019 00:22:16 GMT;Fri, 01 Feb 2019 22:22:58 GMT;9,126;2_39_89_25_2019-02-01 21:01:44.308566;2;2-39-89-25;CA-315;234
Fri, 01 Feb 2019 21:19:33 GMT;Sat, 02 Feb 2019 00:25:18 GMT;Fri, 01 Feb 2019 22:37:54 GMT;3,962;2_39_78_364_2019-02-01 21:19:33.339539;2;2-39-78-364;CA-495;1083
Fri, 01 Feb 2019 21:31:00 GMT;Sat, 02 Feb 2019 02:25:31 GMT;Fri, 01 Feb 2019 22:03:23 GMT;1,57;2_39_126_20_2019-02-01 21:31:00.456822;2;2-39-126-20;CA-310;562
Fri, 01 Feb 2019 21:38:39 GMT;Sat, 02 Feb 2019 02:13:06 GMT;Sat, 02 Feb 2019 00:56:56 GMT;13,334;2_39_78_361_2019-02-01 21:38:38.604142;2;2-39-78-361;CA-493;1110
Fri, 01 Feb 2019 21:55:12 GMT;Fri, 01 Feb 2019 22:40:35 GMT;Fri, 01 Feb 2019 22:41:34 GMT;0,938;2_39_124_22_2019-02-01 21:55:12.490395;2;2-39-124-22;CA-312;
Fri, 01 Feb 2019 22:02:01 GMT;Sat, 02 Feb 2019 00:48:59 GMT;Fri, 01 Feb 2019 23:37:04 GMT;9,508;2_39_123_557_2019-02-01 22:02:01.276770;2;2-39-123-557;CA-503;668
Fri, 01 Feb 2019 22:40:55 GMT;Fri, 01 Feb 2019 22:51:33 GMT;Fri, 01 Feb 2019 22:51:29 GMT;0,813;2_39_124_22_2019-02-01 22:40:54.911155;2;2-39-124-22;CA-312;609
Sat, 02 Feb 2019 02:03:09 GMT;Sat, 02 Feb 2019 03:56:23 GMT;Sat, 02 Feb 2019 03:09:25 GMT;7,525;2_39_138_29_2019-02-02 02:03:08.936530;2;2-39-138-29;CA-304;637
Sat, 02 Feb 2019 04:39:39 GMT;Sat, 02 Feb 2019 17:55:32 GMT;Sat, 02 Feb 2019 10:41:12 GMT;39,869;2_39_89_25_2019-02-02 04:39:38.839788;2;2-39-89-25;CA-315;1816
Sat, 02 Feb 2019 05:11:26 GMT;Sat, 02 Feb 2019 06:15:40 GMT;Sat, 02 Feb 2019 06:15:32 GMT;3,755;2_39_139_28_2019-02-02 05:11:26.132321;2;2-39-139-28;CA-303;433
Sat, 02 Feb 2019 16:06:55 GMT;Sat, 02 Feb 2019 17:43:59 GMT;Sat, 02 Feb 2019 17:43:55 GMT;4,955;2_39_125_21_2019-02-02 16:06:55.055203;2;2-39-125-21;CA-311;743
Sat, 02 Feb 2019 16:54:51 GMT;Sat, 02 Feb 2019 18:50:30 GMT;Sat, 02 Feb 2019 18:50:18 GMT;11,932;2_39_139_28_2019-02-02 16:54:50.615184;2;2-39-139-28;CA-303;1346
Sat, 02 Feb 2019 17:00:05 GMT;Sat, 02 Feb 2019 17:44:44 GMT;Sat, 02 Feb 2019 17:44:16 GMT;1,77;2_39_131_30_2019-02-02 17:00:04.686332;2;2-39-131-30;CA-305;365
Sat, 02 Feb 2019 17:36:02 GMT;Sat, 02 Feb 2019 19:59:37 GMT;Sat, 02 Feb 2019 19:59:32 GMT;16,34;2_39_79_379_2019-02-02 17:36:02.331987;2;2-39-79-379;CA-327;248
Sat, 02 Feb 2019 17:41:36 GMT;Sun, 03 Feb 2019 01:30:32 GMT;Sat, 02 Feb 2019 19:37:31 GMT;6,131;2_39_79_377_2019-02-02 17:41:36.179581;2;2-39-79-377;CA-325;1083
Sat, 02 Feb 2019 17:43:55 GMT;Sat, 02 Feb 2019 20:03:09 GMT;Sat, 02 Feb 2019 19:53:06 GMT;14,172;2_39_127_19_2019-02-02 17:43:54.919618;2;2-39-127-19;CA-309;1105
Sat, 02 Feb 2019 17:57:14 GMT;Sat, 02 Feb 2019 23:02:23 GMT;Sat, 02 Feb 2019 22:18:18 GMT;26,841;2_39_89_25_2019-02-02 17:57:14.456906;2;2-39-89-25;CA-315;1816
Sat, 02 Feb 2019 18:18:42 GMT;Sat, 02 Feb 2019 19:57:09 GMT;Sat, 02 Feb 2019 19:06:10 GMT;2,086;2_39_131_30_2019-02-02 18:18:42.120750;2;2-39-131-30;CA-305;891
Sat, 02 Feb 2019 20:24:14 GMT;Sat, 02 Feb 2019 22:23:53 GMT;Sat, 02 Feb 2019 21:54:19 GMT;0,928;2_39_78_365_2019-02-02 20:24:13.921226;2;2-39-78-365;CA-321;
Sat, 02 Feb 2019 20:55:52 GMT;Sat, 02 Feb 2019 21:21:52 GMT;Sat, 02 Feb 2019 21:21:48 GMT;0,641;2_39_131_30_2019-02-02 20:55:51.960043;2;2-39-131-30;CA-305;
Sat, 02 Feb 2019 21:31:47 GMT;Sat, 02 Feb 2019 23:45:35 GMT;Sat, 02 Feb 2019 22:05:32 GMT;0,954;2_39_131_30_2019-02-02 21:31:47.268386;2;2-39-131-30;CA-305;
Sat, 02 Feb 2019 21:56:04 GMT;Sun, 03 Feb 2019 18:52:57 GMT;Sun, 03 Feb 2019 14:26:35 GMT;53,888;2_39_95_27_2019-02-02 21:56:04.257633;2;2-39-95-27;CA-319;292
Sat, 02 Feb 2019 22:25:40 GMT;Sun, 03 Feb 2019 01:48:09 GMT;Sun, 03 Feb 2019 01:47:09 GMT;0,833;2_39_139_28_2019-02-02 22:25:39.614625;2;2-39-139-28;CA-303;
Sat, 02 Feb 2019 23:04:49 GMT;Sun, 03 Feb 2019 21:16:18 GMT;Sun, 03 Feb 2019 02:58:02 GMT;24,485;2_39_91_437_2019-02-02 23:04:48.602238;2;2-39-91-437;CA-317;1225
Sat, 02 Feb 2019 23:20:48 GMT;Sun, 03 Feb 2019 00:14:26 GMT;Sat, 02 Feb 2019 23:50:59 GMT;0,933;2_39_127_19_2019-02-02 23:20:48.299456;2;2-39-127-19;CA-309;
Sun, 03 Feb 2019 01:25:44 GMT;Sun, 03 Feb 2019 02:05:08 GMT;Sun, 03 Feb 2019 02:05:00 GMT;2,249;2_39_131_30_2019-02-03 01:25:44.086115;2;2-39-131-30;CA-305;1366
Sun, 03 Feb 2019 03:27:04 GMT;Sun, 03 Feb 2019 19:21:57 GMT;Sun, 03 Feb 2019 19:21:53 GMT;48,993;2_39_79_381_2019-02-03 03:27:04.392204;2;2-39-79-381;CA-490;342
Sun, 03 Feb 2019 16:16:05 GMT;Sun, 03 Feb 2019 17:29:03 GMT;Sun, 03 Feb 2019 17:28:59 GMT;3,978;2_39_89_25_2019-02-03 16:16:05.149784;2;2-39-89-25;CA-315;743
Sun, 03 Feb 2019 17:12:18 GMT;Sun, 03 Feb 2019 19:26:40 GMT;Sun, 03 Feb 2019 19:16:13 GMT;13,378;2_39_129_17_2019-02-03 17:12:17.666786;2;2-39-129-17;CA-307;1346
Sun, 03 Feb 2019 18:22:08 GMT;Mon, 04 Feb 2019 01:04:48 GMT;Sun, 03 Feb 2019 23:10:07 GMT;31,137;2_39_79_379_2019-02-03 18:22:07.813718;2;2-39-79-379;CA-327;248
Sun, 03 Feb 2019 18:46:09 GMT;Sun, 03 Feb 2019 22:08:07 GMT;Sun, 03 Feb 2019 20:11:16 GMT;4,266;2_39_83_386_2019-02-03 18:46:09.169753;2;2-39-83-386;CA-212;777
Sun, 03 Feb 2019 19:22:10 GMT;Sun, 03 Feb 2019 20:09:11 GMT;Sun, 03 Feb 2019 20:09:07 GMT;5,284;2_39_79_380_2019-02-03 19:22:09.932679;2;2-39-79-380;CA-489;342
Sun, 03 Feb 2019 20:20:34 GMT;Sun, 03 Feb 2019 21:24:49 GMT;Sun, 03 Feb 2019 21:24:48 GMT;3,638;2_39_78_365_2019-02-03 20:20:34.138087;2;2-39-78-365;CA-321;1091
Sun, 03 Feb 2019 20:53:35 GMT;Sat, 09 Feb 2019 17:50:05 GMT;Sun, 03 Feb 2019 23:11:55 GMT;14,162;2_39_123_23_2019-02-03 20:53:35.302183;2;2-39-123-23;CA-313;1826
Sun, 03 Feb 2019 20:54:13 GMT;Sun, 03 Feb 2019 23:04:15 GMT;Sun, 03 Feb 2019 22:45:28 GMT;5,812;2_39_79_377_2019-02-03 20:54:12.581051;2;2-39-79-377;CA-325;1083
Sun, 03 Feb 2019 21:41:09 GMT;Mon, 04 Feb 2019 03:34:03 GMT;Mon, 04 Feb 2019 02:19:49 GMT;16,209;2_39_79_378_2019-02-03 21:41:08.934717;2;2-39-79-378;CA-326;1135
Sun, 03 Feb 2019 22:37:08 GMT;Sun, 03 Feb 2019 23:15:18 GMT;Sun, 03 Feb 2019 23:15:13 GMT;4,205;2_39_139_28_2019-02-03 22:37:08.368812;2;2-39-139-28;CA-303;637
Mon, 04 Feb 2019 00:36:01 GMT;Mon, 04 Feb 2019 01:20:49 GMT;Mon, 04 Feb 2019 01:21:47 GMT;0,873;2_39_79_383_2019-02-04 00:36:01.434107;2;2-39-79-383;CA-492;
Mon, 04 Feb 2019 01:21:13 GMT;Mon, 04 Feb 2019 04:46:23 GMT;Mon, 04 Feb 2019 04:24:07 GMT;19,882;2_39_79_383_2019-02-04 01:21:12.627913;2;2-39-79-383;CA-492;1828
Mon, 04 Feb 2019 15:09:38 GMT;Mon, 04 Feb 2019 20:18:52 GMT;Mon, 04 Feb 2019 20:16:01 GMT;29,831;2_39_78_366_2019-02-04 15:09:37.966356;2;2-39-78-366;CA-323;569
Mon, 04 Feb 2019 16:01:46 GMT;Mon, 04 Feb 2019 20:40:53 GMT;Mon, 04 Feb 2019 18:53:30 GMT;6,578;2_39_79_379_2019-02-04 16:01:45.602013;2;2-39-79-379;CA-327;1083
Mon, 04 Feb 2019 16:10:42 GMT;Tue, 05 Feb 2019 01:17:01 GMT;Tue, 05 Feb 2019 00:28:09 GMT;2,9;2_39_130_31_2019-02-04 16:10:42.377580;2;2-39-130-31;CA-306;891
Mon, 04 Feb 2019 16:25:41 GMT;Tue, 05 Feb 2019 01:07:34 GMT;Tue, 05 Feb 2019 01:07:26 GMT;37,112;2_39_95_444_2019-02-04 16:25:41.287821;2;2-39-95-444;CA-497;234
Mon, 04 Feb 2019 16:26:56 GMT;Tue, 05 Feb 2019 02:18:02 GMT;Mon, 04 Feb 2019 18:40:07 GMT;13,715;2_39_91_437_2019-02-04 16:26:55.620829;2;2-39-91-437;CA-317;945
Mon, 04 Feb 2019 16:35:46 GMT;Tue, 05 Feb 2019 02:10:31 GMT;Mon, 04 Feb 2019 18:21:27 GMT;5,427;2_39_131_30_2019-02-04 16:35:46.235102;2;2-39-131-30;CA-305;562
Mon, 04 Feb 2019 16:36:56 GMT;Tue, 05 Feb 2019 01:34:07 GMT;Mon, 04 Feb 2019 18:39:49 GMT;6,487;2_39_138_29_2019-02-04 16:36:56.177379;2;2-39-138-29;CA-304;559
Mon, 04 Feb 2019 16:41:32 GMT;Tue, 05 Feb 2019 02:54:03 GMT;Mon, 04 Feb 2019 21:39:23 GMT;16,167;2_39_127_19_2019-02-04 16:41:32.228684;2;2-39-127-19;CA-309;712
Mon, 04 Feb 2019 16:49:52 GMT;Tue, 05 Feb 2019 03:35:58 GMT;Tue, 05 Feb 2019 02:39:31 GMT;15,913;2_39_79_383_2019-02-04 16:49:51.617317;2;2-39-79-383;CA-492;632
Mon, 04 Feb 2019 16:57:32 GMT;Tue, 05 Feb 2019 02:03:43 GMT;Mon, 04 Feb 2019 19:42:30 GMT;12,365;2_39_79_380_2019-02-04 16:57:31.598772;2;2-39-79-380;CA-489;69
Mon, 04 Feb 2019 17:07:05 GMT;Tue, 05 Feb 2019 01:11:19 GMT;Mon, 04 Feb 2019 19:29:03 GMT;6,061;2_39_79_377_2019-02-04 17:07:05.048485;2;2-39-79-377;CA-325;1120
Mon, 04 Feb 2019 17:12:09 GMT;Tue, 05 Feb 2019 01:29:40 GMT;Mon, 04 Feb 2019 22:55:07 GMT;35,804;2_39_92_442_2019-02-04 17:12:09.010876;2;2-39-92-442;CA-498;1243
Mon, 04 Feb 2019 17:47:41 GMT;Tue, 05 Feb 2019 02:01:11 GMT;Mon, 04 Feb 2019 20:30:10 GMT;9,908;2_39_79_381_2019-02-04 17:47:41.083385;2;2-39-79-381;CA-490;714
Mon, 04 Feb 2019 18:13:44 GMT;Tue, 05 Feb 2019 03:15:55 GMT;Mon, 04 Feb 2019 21:16:55 GMT;11,614;2_39_90_26_2019-02-04 18:13:44.028511;2;2-39-90-26;CA-316;558
Mon, 04 Feb 2019 18:18:24 GMT;Tue, 05 Feb 2019 02:03:17 GMT;Mon, 04 Feb 2019 20:24:54 GMT;12,562;2_39_95_27_2019-02-04 18:18:24.412057;2;2-39-95-27;CA-319;1095
Mon, 04 Feb 2019 18:31:40 GMT;Tue, 05 Feb 2019 00:35:31 GMT;Mon, 04 Feb 2019 21:47:01 GMT;19,881;2_39_78_361_2019-02-04 18:31:39.986918;2;2-39-78-361;CA-493;629
Mon, 04 Feb 2019 20:25:32 GMT;Tue, 05 Feb 2019 02:56:56 GMT;Mon, 04 Feb 2019 22:31:44 GMT;6,739;2_39_78_365_2019-02-04 20:25:31.888176;2;2-39-78-365;CA-321;1124
Mon, 04 Feb 2019 20:50:14 GMT;Mon, 04 Feb 2019 22:13:30 GMT;Mon, 04 Feb 2019 22:09:41 GMT;0,985;2_39_88_24_2019-02-04 20:50:13.788212;2;2-39-88-24;CA-314;
Mon, 04 Feb 2019 21:07:37 GMT;Tue, 05 Feb 2019 02:23:55 GMT;Tue, 05 Feb 2019 01:39:11 GMT;1,686;2_39_79_379_2019-02-04 21:07:37.235161;2;2-39-79-379;CA-327;
Mon, 04 Feb 2019 21:15:57 GMT;Tue, 05 Feb 2019 01:52:36 GMT;Tue, 05 Feb 2019 01:13:26 GMT;10,7;2_39_79_376_2019-02-04 21:15:57.020396;2;2-39-79-376;CA-324;777
Mon, 04 Feb 2019 23:28:27 GMT;Tue, 05 Feb 2019 07:56:44 GMT;Tue, 05 Feb 2019 00:54:44 GMT;8,531;2_39_78_367_2019-02-04 23:28:27.305769;2;2-39-78-367;CA-494;850
Mon, 04 Feb 2019 23:33:30 GMT;Tue, 05 Feb 2019 02:18:56 GMT;Tue, 05 Feb 2019 01:32:00 GMT;5,979;2_39_129_17_2019-02-04 23:33:29.646987;2;2-39-129-17;CA-307;1366
Tue, 05 Feb 2019 00:05:17 GMT;Tue, 05 Feb 2019 03:18:26 GMT;Tue, 05 Feb 2019 03:18:14 GMT;21,479;2_39_90_440_2019-02-05 00:05:16.752741;2;2-39-90-440;CA-500;1214
Tue, 05 Feb 2019 00:14:20 GMT;Tue, 05 Feb 2019 03:12:35 GMT;Tue, 05 Feb 2019 02:10:19 GMT;12,586;2_39_89_25_2019-02-05 00:14:20.168853;2;2-39-89-25;CA-315;1105
Tue, 05 Feb 2019 01:48:50 GMT;Tue, 05 Feb 2019 03:33:52 GMT;Tue, 05 Feb 2019 02:12:52 GMT;1,038;2_39_139_28_2019-02-05 01:48:50.416444;2;2-39-139-28;CA-303;1746
Tue, 05 Feb 2019 02:05:41 GMT;Tue, 05 Feb 2019 03:47:21 GMT;Tue, 05 Feb 2019 03:47:17 GMT;5,637;2_39_126_20_2019-02-05 02:05:40.824870;2;2-39-126-20;CA-310;1164
Tue, 05 Feb 2019 02:50:12 GMT;Tue, 05 Feb 2019 04:21:06 GMT;Tue, 05 Feb 2019 04:21:01 GMT;9,864;2_39_131_30_2019-02-05 02:50:11.894060;2;2-39-131-30;CA-305;1133
Tue, 05 Feb 2019 03:15:43 GMT;Tue, 05 Feb 2019 04:54:44 GMT;Tue, 05 Feb 2019 04:54:39 GMT;10,818;2_39_129_17_2019-02-05 03:15:42.584857;2;2-39-129-17;CA-307;754
Tue, 05 Feb 2019 03:21:15 GMT;Tue, 05 Feb 2019 04:07:25 GMT;Tue, 05 Feb 2019 03:51:46 GMT;0,856;2_39_138_29_2019-02-05 03:21:14.514676;2;2-39-138-29;CA-304;
Tue, 05 Feb 2019 03:26:50 GMT;Tue, 05 Feb 2019 09:13:40 GMT;Tue, 05 Feb 2019 09:14:40 GMT;2,134;2_39_78_362_2019-02-05 03:26:50.234616;2;2-39-78-362;CA-496;1082
Tue, 05 Feb 2019 04:45:20 GMT;Tue, 05 Feb 2019 14:15:41 GMT;Tue, 05 Feb 2019 09:15:27 GMT;15,433;2_39_131_30_2019-02-05 04:45:19.638094;2;2-39-131-30;CA-305;838
Tue, 05 Feb 2019 05:08:31 GMT;Tue, 05 Feb 2019 07:10:01 GMT;Tue, 05 Feb 2019 07:09:57 GMT;12,325;2_39_129_17_2019-02-05 05:08:30.971642;2;2-39-129-17;CA-307;1099
Tue, 05 Feb 2019 13:50:46 GMT;Tue, 05 Feb 2019 22:38:53 GMT;Tue, 05 Feb 2019 22:37:45 GMT;50,062;2_39_125_21_2019-02-05 13:50:45.575159;2;2-39-125-21;CA-311;556
Tue, 05 Feb 2019 15:12:52 GMT;Tue, 05 Feb 2019 18:29:03 GMT;Tue, 05 Feb 2019 18:28:22 GMT;11,359;2_39_78_366_2019-02-05 15:12:51.611670;2;2-39-78-366;CA-323;569
Tue, 05 Feb 2019 15:17:09 GMT;Wed, 06 Feb 2019 02:06:58 GMT;Tue, 05 Feb 2019 16:42:55 GMT;8,964;2_39_79_380_2019-02-05 15:17:09.444646;2;2-39-79-380;CA-489;714
Tue, 05 Feb 2019 15:49:12 GMT;Wed, 06 Feb 2019 00:43:05 GMT;Wed, 06 Feb 2019 00:43:01 GMT;4,478;2_39_79_379_2019-02-05 15:49:11.688133;2;2-39-79-379;CA-327;1083
Tue, 05 Feb 2019 15:58:47 GMT;Wed, 06 Feb 2019 00:04:40 GMT;Wed, 06 Feb 2019 00:00:59 GMT;26,701;2_39_139_28_2019-02-05 15:58:46.568085;2;2-39-139-28;CA-303;734
Tue, 05 Feb 2019 16:05:05 GMT;Wed, 06 Feb 2019 01:32:43 GMT;Wed, 06 Feb 2019 01:07:09 GMT;17,694;2_39_78_367_2019-02-05 16:05:04.748750;2;2-39-78-367;CA-494;1524
Tue, 05 Feb 2019 16:05:29 GMT;Wed, 06 Feb 2019 01:01:14 GMT;Tue, 05 Feb 2019 17:43:28 GMT;5,035;2_39_89_25_2019-02-05 16:05:29.141087;2;2-39-89-25;CA-315;858
Tue, 05 Feb 2019 16:13:58 GMT;Tue, 05 Feb 2019 16:40:24 GMT;Tue, 05 Feb 2019 16:40:21 GMT;0,732;2_39_78_361_2019-02-05 16:13:57.939921;2;2-39-78-361;CA-493;
Tue, 05 Feb 2019 16:18:30 GMT;Tue, 05 Feb 2019 23:29:45 GMT;Tue, 05 Feb 2019 23:29:40 GMT;46,987;2_39_131_30_2019-02-05 16:18:29.803741;2;2-39-131-30;CA-305;489
Tue, 05 Feb 2019 16:22:22 GMT;Tue, 05 Feb 2019 20:25:31 GMT;Tue, 05 Feb 2019 18:27:19 GMT;6,032;2_39_138_29_2019-02-05 16:22:22.329355;2;2-39-138-29;CA-304;1366
Tue, 05 Feb 2019 16:35:33 GMT;Wed, 06 Feb 2019 01:10:49 GMT;Wed, 06 Feb 2019 01:06:55 GMT;32,481;2_39_78_360_2019-02-05 16:35:32.782798;2;2-39-78-360;CA-322;1470
Tue, 05 Feb 2019 16:36:57 GMT;Tue, 05 Feb 2019 21:38:35 GMT;Tue, 05 Feb 2019 17:17:53 GMT;0,814;2_39_90_440_2019-02-05 16:36:57.476535;2;2-39-90-440;CA-500;
Tue, 05 Feb 2019 16:39:46 GMT;Tue, 05 Feb 2019 20:37:41 GMT;Tue, 05 Feb 2019 18:46:28 GMT;5,84;2_39_127_19_2019-02-05 16:39:46.379425;2;2-39-127-19;CA-309;562
Tue, 05 Feb 2019 16:41:04 GMT;Wed, 06 Feb 2019 02:17:31 GMT;Tue, 05 Feb 2019 18:54:34 GMT;13,744;2_39_90_26_2019-02-05 16:41:03.776710;2;2-39-90-26;CA-316;945
Tue, 05 Feb 2019 16:41:30 GMT;Wed, 06 Feb 2019 00:56:43 GMT;Tue, 05 Feb 2019 18:47:34 GMT;5,752;2_39_89_439_2019-02-05 16:41:29.935089;2;2-39-89-439;CA-501;743
Tue, 05 Feb 2019 16:48:17 GMT;Wed, 06 Feb 2019 01:02:51 GMT;Tue, 05 Feb 2019 19:12:58 GMT;7,36;2_39_79_378_2019-02-05 16:48:16.812709;2;2-39-79-378;CA-326;559
Tue, 05 Feb 2019 16:49:51 GMT;Tue, 05 Feb 2019 19:55:44 GMT;Tue, 05 Feb 2019 18:59:41 GMT;13,025;2_39_95_444_2019-02-05 16:49:51.137479;2;2-39-95-444;CA-497;234
Tue, 05 Feb 2019 16:53:29 GMT;Tue, 05 Feb 2019 18:40:21 GMT;Tue, 05 Feb 2019 18:40:16 GMT;5,97;2_39_95_27_2019-02-05 16:53:29.083808;2;2-39-95-27;CA-319;1108
Tue, 05 Feb 2019 16:55:10 GMT;Wed, 06 Feb 2019 00:33:02 GMT;Tue, 05 Feb 2019 17:48:33 GMT;3,72;2_39_79_377_2019-02-05 16:55:09.595057;2;2-39-79-377;CA-325;1120
Tue, 05 Feb 2019 16:57:54 GMT;Tue, 05 Feb 2019 20:21:27 GMT;Tue, 05 Feb 2019 20:21:25 GMT;0,929;2_39_78_361_2019-02-05 16:57:54.104580;2;2-39-78-361;CA-493;
Tue, 05 Feb 2019 17:05:24 GMT;Wed, 06 Feb 2019 02:29:07 GMT;Tue, 05 Feb 2019 21:08:24 GMT;25,417;2_39_92_436_2019-02-05 17:05:24.143934;2;2-39-92-436;CA-318;579
Tue, 05 Feb 2019 17:06:01 GMT;Wed, 06 Feb 2019 02:32:25 GMT;Tue, 05 Feb 2019 18:57:24 GMT;5,905;2_39_124_22_2019-02-05 17:06:00.929505;2;2-39-124-22;CA-312;712
Tue, 05 Feb 2019 17:13:26 GMT;Wed, 06 Feb 2019 01:52:43 GMT;Tue, 05 Feb 2019 21:52:06 GMT;8,582;2_39_78_365_2019-02-05 17:13:26.487194;2;2-39-78-365;CA-321;515
Tue, 05 Feb 2019 17:28:44 GMT;Wed, 06 Feb 2019 00:56:27 GMT;Tue, 05 Feb 2019 19:59:17 GMT;6,84;2_39_88_24_2019-02-05 17:28:43.791685;2;2-39-88-24;CA-314;620
Tue, 05 Feb 2019 17:31:07 GMT;Wed, 06 Feb 2019 02:54:03 GMT;Wed, 06 Feb 2019 02:33:40 GMT;12,967;2_39_88_438_2019-02-05 17:31:07.104912;2;2-39-88-438;CA-502;1534
Tue, 05 Feb 2019 18:03:48 GMT;Wed, 06 Feb 2019 00:36:53 GMT;Wed, 06 Feb 2019 00:36:13 GMT;7,961;2_39_78_363_2019-02-05 18:03:48.330279;2;2-39-78-363;CA-320;1137
Tue, 05 Feb 2019 18:14:04 GMT;Wed, 06 Feb 2019 01:57:49 GMT;Wed, 06 Feb 2019 01:33:27 GMT;13,955;2_39_78_364_2019-02-05 18:14:04.343498;2;2-39-78-364;CA-495;1095
Tue, 05 Feb 2019 18:15:30 GMT;Wed, 06 Feb 2019 01:57:06 GMT;Tue, 05 Feb 2019 20:22:16 GMT;12,247;2_39_92_442_2019-02-05 18:15:30.014674;2;2-39-92-442;CA-498;69
Tue, 05 Feb 2019 18:16:42 GMT;Wed, 06 Feb 2019 03:11:07 GMT;Tue, 05 Feb 2019 20:27:36 GMT;12,724;2_39_79_383_2019-02-05 18:16:42.066575;2;2-39-79-383;CA-492;558
Tue, 05 Feb 2019 18:57:06 GMT;Wed, 06 Feb 2019 01:41:52 GMT;Wed, 06 Feb 2019 01:41:12 GMT;0,954;2_39_95_27_2019-02-05 18:57:06.133850;2;2-39-95-27;CA-319;
Tue, 05 Feb 2019 19:05:29 GMT;Tue, 05 Feb 2019 20:47:00 GMT;Tue, 05 Feb 2019 20:46:54 GMT;2,99;2_39_79_381_2019-02-05 19:05:29.478443;2;2-39-79-381;CA-490;1091
Tue, 05 Feb 2019 19:15:16 GMT;Wed, 06 Feb 2019 05:49:32 GMT;Wed, 06 Feb 2019 05:31:58 GMT;0,848;2_39_91_437_2019-02-05 19:15:15.916273;2;2-39-91-437;CA-317;
Tue, 05 Feb 2019 19:18:37 GMT;Wed, 06 Feb 2019 03:13:05 GMT;Wed, 06 Feb 2019 03:14:03 GMT;7,834;2_39_78_362_2019-02-05 19:18:36.657552;2;2-39-78-362;CA-496;697
Tue, 05 Feb 2019 20:38:57 GMT;Wed, 06 Feb 2019 02:15:13 GMT;Wed, 06 Feb 2019 01:11:06 GMT;0,687;2_39_78_361_2019-02-05 20:38:56.911425;2;2-39-78-361;CA-493;
Tue, 05 Feb 2019 20:52:39 GMT;Tue, 05 Feb 2019 23:38:51 GMT;Tue, 05 Feb 2019 23:38:45 GMT;8,123;2_39_79_381_2019-02-05 20:52:38.846884;2;2-39-79-381;CA-490;1135
Tue, 05 Feb 2019 21:01:07 GMT;Tue, 05 Feb 2019 22:29:19 GMT;Tue, 05 Feb 2019 22:24:29 GMT;7,075;2_39_127_19_2019-02-05 21:01:07.301528;2;2-39-127-19;CA-309;1001
Tue, 05 Feb 2019 21:11:49 GMT;Wed, 06 Feb 2019 01:03:04 GMT;Wed, 06 Feb 2019 00:23:07 GMT;10,063;2_39_91_441_2019-02-05 21:11:48.525159;2;2-39-91-441;CA-499;777
Tue, 05 Feb 2019 23:09:35 GMT;Wed, 06 Feb 2019 00:28:16 GMT;Wed, 06 Feb 2019 00:28:11 GMT;4,222;2_39_127_19_2019-02-05 23:09:34.693756;2;2-39-127-19;CA-309;1236
Tue, 05 Feb 2019 23:10:19 GMT;Wed, 06 Feb 2019 01:31:59 GMT;Wed, 06 Feb 2019 01:31:54 GMT;7,652;2_39_90_440_2019-02-05 23:10:18.744482;2;2-39-90-440;CA-500;1285
Tue, 05 Feb 2019 23:58:15 GMT;Wed, 06 Feb 2019 01:56:48 GMT;Wed, 06 Feb 2019 01:28:09 GMT;4,381;2_39_131_30_2019-02-05 23:58:15.483779;2;2-39-131-30;CA-305;1366
Wed, 06 Feb 2019 00:41:24 GMT;Wed, 06 Feb 2019 02:29:50 GMT;Wed, 06 Feb 2019 01:17:00 GMT;1,586;2_39_129_17_2019-02-06 00:41:24.261723;2;2-39-129-17;CA-307;1746
Wed, 06 Feb 2019 01:15:42 GMT;Wed, 06 Feb 2019 03:02:57 GMT;Wed, 06 Feb 2019 03:02:52 GMT;12,175;2_39_88_24_2019-02-06 01:15:41.749545;2;2-39-88-24;CA-314;1039
Wed, 06 Feb 2019 02:12:06 GMT;Wed, 06 Feb 2019 13:58:36 GMT;Wed, 06 Feb 2019 06:45:15 GMT;15,647;2_39_131_30_2019-02-06 02:12:06.123369;2;2-39-131-30;CA-305;838
Wed, 06 Feb 2019 02:32:44 GMT;Wed, 06 Feb 2019 03:48:47 GMT;Wed, 06 Feb 2019 03:03:11 GMT;0,835;2_39_127_19_2019-02-06 02:32:43.739957;2;2-39-127-19;CA-309;
Wed, 06 Feb 2019 02:34:40 GMT;Wed, 06 Feb 2019 04:56:48 GMT;Wed, 06 Feb 2019 03:05:11 GMT;0,861;2_39_130_31_2019-02-06 02:34:39.747789;2;2-39-130-31;CA-306;
Wed, 06 Feb 2019 03:18:14 GMT;Wed, 06 Feb 2019 14:49:39 GMT;Wed, 06 Feb 2019 05:23:41 GMT;13,199;2_39_129_17_2019-02-06 03:18:14.506613;2;2-39-129-17;CA-307;754
Wed, 06 Feb 2019 03:56:04 GMT;Wed, 06 Feb 2019 06:27:08 GMT;Wed, 06 Feb 2019 06:26:56 GMT;16,596;2_39_127_19_2019-02-06 03:56:04.401544;2;2-39-127-19;CA-309;637
Wed, 06 Feb 2019 04:19:06 GMT;Wed, 06 Feb 2019 04:55:17 GMT;Wed, 06 Feb 2019 04:55:13 GMT;3,913;2_39_139_28_2019-02-06 04:19:05.943135;2;2-39-139-28;CA-303;1263
Wed, 06 Feb 2019 05:37:39 GMT;Wed, 06 Feb 2019 08:41:25 GMT;Wed, 06 Feb 2019 08:41:20 GMT;10,721;2_39_79_378_2019-02-06 05:37:38.787365;2;2-39-79-378;CA-326;1135
Wed, 06 Feb 2019 13:58:59 GMT;Wed, 06 Feb 2019 15:12:36 GMT;Wed, 06 Feb 2019 15:12:32 GMT;4,098;2_39_89_25_2019-02-06 13:58:58.686382;2;2-39-89-25;CA-315;743
Wed, 06 Feb 2019 15:05:23 GMT;Wed, 06 Feb 2019 17:28:27 GMT;Wed, 06 Feb 2019 17:15:27 GMT;11,069;2_39_78_366_2019-02-06 15:05:22.562233;2;2-39-78-366;CA-323;569
Wed, 06 Feb 2019 16:00:36 GMT;Thu, 07 Feb 2019 05:40:39 GMT;Wed, 06 Feb 2019 21:42:58 GMT;15,891;2_39_79_379_2019-02-06 16:00:35.924813;2;2-39-79-379;CA-327;676
Wed, 06 Feb 2019 16:05:46 GMT;Wed, 06 Feb 2019 17:45:12 GMT;Wed, 06 Feb 2019 17:45:10 GMT;5,641;2_39_78_367_2019-02-06 16:05:45.639833;2;2-39-78-367;CA-494;1524
Wed, 06 Feb 2019 16:21:45 GMT;Thu, 07 Feb 2019 05:24:43 GMT;Wed, 06 Feb 2019 19:31:10 GMT;8,989;2_39_79_383_2019-02-06 16:21:45.242748;2;2-39-79-383;CA-492;632
Wed, 06 Feb 2019 16:31:29 GMT;Thu, 07 Feb 2019 01:33:11 GMT;Wed, 06 Feb 2019 19:09:17 GMT;8,664;2_39_139_28_2019-02-06 16:31:28.530948;2;2-39-139-28;CA-303;559
Wed, 06 Feb 2019 16:32:41 GMT;Thu, 07 Feb 2019 02:47:58 GMT;Wed, 06 Feb 2019 18:44:57 GMT;13,578;2_39_92_436_2019-02-06 16:32:41.315489;2;2-39-92-436;CA-318;945
Wed, 06 Feb 2019 16:34:58 GMT;Thu, 07 Feb 2019 00:18:51 GMT;Wed, 06 Feb 2019 19:42:16 GMT;10,155;2_39_124_558_2019-02-06 16:34:57.895006;2;2-39-124-558;CA-504;1534
Wed, 06 Feb 2019 16:38:05 GMT;Wed, 06 Feb 2019 20:33:08 GMT;Wed, 06 Feb 2019 17:08:32 GMT;0,817;2_39_90_440_2019-02-06 16:38:04.655898;2;2-39-90-440;CA-500;
Wed, 06 Feb 2019 16:39:39 GMT;Thu, 07 Feb 2019 02:47:03 GMT;Wed, 06 Feb 2019 18:36:01 GMT;6,348;2_39_131_30_2019-02-06 16:39:38.792012;2;2-39-131-30;CA-305;712
Wed, 06 Feb 2019 16:43:18 GMT;Wed, 06 Feb 2019 23:25:09 GMT;Wed, 06 Feb 2019 23:18:11 GMT;11,335;2_39_78_363_2019-02-06 16:43:17.574068;2;2-39-78-363;CA-320;1470
Wed, 06 Feb 2019 16:46:57 GMT;Wed, 06 Feb 2019 20:18:50 GMT;Wed, 06 Feb 2019 18:31:34 GMT;5,396;2_39_127_19_2019-02-06 16:46:57.195255;2;2-39-127-19;CA-309;562
Wed, 06 Feb 2019 16:52:02 GMT;Thu, 07 Feb 2019 03:59:47 GMT;Wed, 06 Feb 2019 18:50:59 GMT;11,306;2_39_89_25_2019-02-06 16:52:02.404807;2;2-39-89-25;CA-315;431
Wed, 06 Feb 2019 16:58:54 GMT;Wed, 06 Feb 2019 17:55:31 GMT;Wed, 06 Feb 2019 17:55:27 GMT;3,208;2_39_91_437_2019-02-06 16:58:54.265272;2;2-39-91-437;CA-317;1108
Wed, 06 Feb 2019 17:02:42 GMT;Thu, 07 Feb 2019 01:34:12 GMT;Thu, 07 Feb 2019 01:34:00 GMT;30,678;2_39_83_386_2019-02-06 17:02:42.061034;2;2-39-83-386;CA-212;1154
Wed, 06 Feb 2019 17:04:58 GMT;Thu, 07 Feb 2019 02:00:54 GMT;Wed, 06 Feb 2019 18:55:33 GMT;5,44;2_39_89_439_2019-02-06 17:04:57.532571;2;2-39-89-439;CA-501;743
Wed, 06 Feb 2019 17:06:53 GMT;Thu, 07 Feb 2019 04:44:37 GMT;Wed, 06 Feb 2019 18:34:06 GMT;4,056;2_39_78_365_2019-02-06 17:06:52.734622;2;2-39-78-365;CA-321;891
Wed, 06 Feb 2019 17:07:24 GMT;Thu, 07 Feb 2019 02:04:36 GMT;Wed, 06 Feb 2019 19:45:01 GMT;12,072;2_39_79_380_2019-02-06 17:07:23.772391;2;2-39-79-380;CA-489;69
Wed, 06 Feb 2019 17:19:24 GMT;Thu, 07 Feb 2019 02:01:32 GMT;Wed, 06 Feb 2019 22:05:06 GMT;15,971;2_39_79_381_2019-02-06 17:19:24.314521;2;2-39-79-381;CA-490;714
Wed, 06 Feb 2019 17:39:51 GMT;Thu, 07 Feb 2019 01:41:12 GMT;Thu, 07 Feb 2019 01:18:36 GMT;1,535;2_39_125_21_2019-02-06 17:39:51.210477;2;2-39-125-21;CA-311;
Wed, 06 Feb 2019 17:41:53 GMT;Thu, 07 Feb 2019 02:03:28 GMT;Thu, 07 Feb 2019 00:27:45 GMT;0,699;2_39_78_366_2019-02-06 17:41:53.065264;2;2-39-78-366;CA-323;
Wed, 06 Feb 2019 17:42:22 GMT;Thu, 07 Feb 2019 01:09:57 GMT;Wed, 06 Feb 2019 20:17:49 GMT;6,821;2_39_131_565_2019-02-06 17:42:21.866298;2;2-39-131-565;CA-511;620
Wed, 06 Feb 2019 18:01:44 GMT;Thu, 07 Feb 2019 03:13:56 GMT;Wed, 06 Feb 2019 20:05:15 GMT;12,132;2_39_88_438_2019-02-06 18:01:44.270506;2;2-39-88-438;CA-502;558
Wed, 06 Feb 2019 18:02:38 GMT;Thu, 07 Feb 2019 01:37:39 GMT;Wed, 06 Feb 2019 22:05:54 GMT;12,612;2_39_79_376_2019-02-06 18:02:38.019185;2;2-39-79-376;CA-324;1095
Wed, 06 Feb 2019 18:21:51 GMT;Thu, 07 Feb 2019 00:37:19 GMT;Wed, 06 Feb 2019 20:02:00 GMT;5,235;2_39_91_437_2019-02-06 18:21:51.296233;2;2-39-91-437;CA-317;858
Wed, 06 Feb 2019 18:47:45 GMT;Thu, 07 Feb 2019 01:55:23 GMT;Thu, 07 Feb 2019 01:55:02 GMT;5,753;2_39_79_378_2019-02-06 18:47:45.126070;2;2-39-79-378;CA-326;697
Wed, 06 Feb 2019 19:04:10 GMT;Thu, 07 Feb 2019 00:29:04 GMT;Thu, 07 Feb 2019 00:30:02 GMT;7,151;2_39_78_362_2019-02-06 19:04:09.845107;2;2-39-78-362;CA-496;1001
Wed, 06 Feb 2019 19:33:30 GMT;Thu, 07 Feb 2019 09:07:27 GMT;Wed, 06 Feb 2019 20:40:53 GMT;2,286;2_39_88_24_2019-02-06 19:33:30.246780;2;2-39-88-24;CA-314;1082
Wed, 06 Feb 2019 20:30:17 GMT;Thu, 07 Feb 2019 01:08:48 GMT;Wed, 06 Feb 2019 22:18:33 GMT;5,558;2_39_79_377_2019-02-06 20:30:17.235924;2;2-39-79-377;CA-325;1083
Wed, 06 Feb 2019 21:02:58 GMT;Thu, 07 Feb 2019 02:12:58 GMT;Wed, 06 Feb 2019 23:11:41 GMT;6,873;2_39_78_361_2019-02-06 21:02:58.070770;2;2-39-78-361;CA-493;1124
Wed, 06 Feb 2019 21:04:01 GMT;Thu, 07 Feb 2019 03:01:38 GMT;Wed, 06 Feb 2019 21:25:29 GMT;0,928;2_39_127_19_2019-02-06 21:04:00.668800;2;2-39-127-19;CA-309;562
Wed, 06 Feb 2019 21:05:19 GMT;Thu, 07 Feb 2019 01:01:33 GMT;Thu, 07 Feb 2019 00:45:11 GMT;10,917;2_39_78_364_2019-02-06 21:05:19.101659;2;2-39-78-364;CA-495;777
Wed, 06 Feb 2019 21:49:46 GMT;Thu, 07 Feb 2019 02:07:21 GMT;Thu, 07 Feb 2019 01:22:21 GMT;0,943;2_39_92_442_2019-02-06 21:49:46.159365;2;2-39-92-442;CA-498;
Wed, 06 Feb 2019 22:44:06 GMT;Thu, 07 Feb 2019 01:38:29 GMT;Thu, 07 Feb 2019 00:41:55 GMT;0,897;2_39_90_440_2019-02-06 22:44:06.355841;2;2-39-90-440;CA-500;
Wed, 06 Feb 2019 23:32:48 GMT;Thu, 07 Feb 2019 00:31:35 GMT;Thu, 07 Feb 2019 00:31:31 GMT;3,12;2_39_130_31_2019-02-06 23:32:48.445627;2;2-39-130-31;CA-306;1236
Wed, 06 Feb 2019 23:49:17 GMT;Thu, 07 Feb 2019 04:45:11 GMT;Thu, 07 Feb 2019 02:10:33 GMT;7,53;2_39_90_26_2019-02-06 23:49:16.580836;2;2-39-90-26;CA-316;515
Thu, 07 Feb 2019 00:46:38 GMT;Thu, 07 Feb 2019 01:20:24 GMT;Thu, 07 Feb 2019 01:21:21 GMT;0,685;2_39_78_362_2019-02-07 00:46:37.865043;2;2-39-78-362;CA-496;
Thu, 07 Feb 2019 01:05:41 GMT;Thu, 07 Feb 2019 02:36:19 GMT;Thu, 07 Feb 2019 01:39:45 GMT;1,552;2_39_130_31_2019-02-07 01:05:40.644944;2;2-39-130-31;CA-306;1746
Thu, 07 Feb 2019 01:13:11 GMT;Thu, 07 Feb 2019 14:13:31 GMT;Thu, 07 Feb 2019 05:47:27 GMT;15,764;2_39_129_17_2019-02-07 01:13:11.453183;2;2-39-129-17;CA-307;838
Thu, 07 Feb 2019 02:26:54 GMT;Thu, 07 Feb 2019 03:37:43 GMT;Thu, 07 Feb 2019 03:37:34 GMT;3,907;2_39_139_28_2019-02-07 02:26:54.407342;2;2-39-139-28;CA-303;1712
Thu, 07 Feb 2019 02:37:54 GMT;Thu, 07 Feb 2019 03:52:19 GMT;Thu, 07 Feb 2019 03:48:18 GMT;3,889;2_39_128_18_2019-02-07 02:37:53.847259;2;2-39-128-18;CA-308;1752
Thu, 07 Feb 2019 03:08:50 GMT;Thu, 07 Feb 2019 03:52:31 GMT;Thu, 07 Feb 2019 03:38:58 GMT;0,853;2_39_138_29_2019-02-07 03:08:49.816025;2;2-39-138-29;CA-304;
Thu, 07 Feb 2019 03:43:26 GMT;Thu, 07 Feb 2019 14:57:30 GMT;Thu, 07 Feb 2019 05:48:13 GMT;13,051;2_39_125_21_2019-02-07 03:43:26.061058;2;2-39-125-21;CA-311;754
Thu, 07 Feb 2019 14:06:59 GMT;Thu, 07 Feb 2019 15:20:52 GMT;Thu, 07 Feb 2019 15:05:02 GMT;2,679;2_39_89_25_2019-02-07 14:06:58.799577;2;2-39-89-25;CA-315;743
Thu, 07 Feb 2019 15:11:13 GMT;Fri, 08 Feb 2019 00:27:53 GMT;Thu, 07 Feb 2019 21:43:50 GMT;0,977;2_39_78_366_2019-02-07 15:11:13.361443;2;2-39-78-366;CA-323;
Thu, 07 Feb 2019 16:07:37 GMT;Fri, 08 Feb 2019 00:18:22 GMT;Thu, 07 Feb 2019 18:04:15 GMT;6,085;2_39_90_26_2019-02-07 16:07:37.112710;2;2-39-90-26;CA-316;858
Thu, 07 Feb 2019 16:18:00 GMT;Thu, 07 Feb 2019 19:16:15 GMT;Thu, 07 Feb 2019 19:16:11 GMT;19,128;2_39_92_442_2019-02-07 16:18:00.249006;2;2-39-92-442;CA-498;818
Thu, 07 Feb 2019 16:22:47 GMT;Fri, 08 Feb 2019 03:58:34 GMT;Fri, 08 Feb 2019 03:03:27 GMT;1,32;2_39_79_379_2019-02-07 16:22:46.556806;2;2-39-79-379;CA-327;
Thu, 07 Feb 2019 16:29:34 GMT;Fri, 08 Feb 2019 02:25:05 GMT;Thu, 07 Feb 2019 18:39:44 GMT;13,512;2_39_95_27_2019-02-07 16:29:34.282057;2;2-39-95-27;CA-319;945
Thu, 07 Feb 2019 16:35:50 GMT;Fri, 08 Feb 2019 00:11:23 GMT;Fri, 08 Feb 2019 00:11:47 GMT;23,725;2_39_83_386_2019-02-07 16:35:49.925701;2;2-39-83-386;CA-212;1154
Thu, 07 Feb 2019 16:37:31 GMT;Fri, 08 Feb 2019 00:28:34 GMT;Thu, 07 Feb 2019 19:33:37 GMT;11,664;2_39_78_363_2019-02-07 16:37:30.780653;2;2-39-78-363;CA-320;1470
Thu, 07 Feb 2019 16:38:55 GMT;Thu, 07 Feb 2019 17:41:22 GMT;Thu, 07 Feb 2019 17:40:36 GMT;0,978;2_39_78_367_2019-02-07 16:38:55.037252;2;2-39-78-367;CA-494;
Thu, 07 Feb 2019 16:46:13 GMT;Fri, 08 Feb 2019 03:24:36 GMT;Thu, 07 Feb 2019 18:48:06 GMT;6,685;2_39_131_30_2019-02-07 16:46:12.998757;2;2-39-131-30;CA-305;712
Thu, 07 Feb 2019 16:50:23 GMT;Fri, 08 Feb 2019 03:10:46 GMT;Thu, 07 Feb 2019 18:37:17 GMT;5,418;2_39_139_28_2019-02-07 16:50:22.600519;2;2-39-139-28;CA-303;562
Thu, 07 Feb 2019 17:00:01 GMT;Thu, 07 Feb 2019 17:56:42 GMT;Thu, 07 Feb 2019 17:56:31 GMT;3,203;2_39_91_437_2019-02-07 17:00:01.124238;2;2-39-91-437;CA-317;1108
Thu, 07 Feb 2019 17:00:14 GMT;Fri, 08 Feb 2019 03:50:22 GMT;Thu, 07 Feb 2019 19:17:45 GMT;7,396;2_39_88_438_2019-02-07 17:00:13.672124;2;2-39-88-438;CA-502;1534
Thu, 07 Feb 2019 17:05:19 GMT;Fri, 08 Feb 2019 02:06:46 GMT;Thu, 07 Feb 2019 22:19:11 GMT;27,757;2_39_79_377_2019-02-07 17:05:19.345031;2;2-39-79-377;CA-325;579
Thu, 07 Feb 2019 17:06:18 GMT;Fri, 08 Feb 2019 04:53:12 GMT;Thu, 07 Feb 2019 18:44:20 GMT;4,863;2_39_89_25_2019-02-07 17:06:17.511338;2;2-39-89-25;CA-315;743
Thu, 07 Feb 2019 17:08:34 GMT;Fri, 08 Feb 2019 01:36:03 GMT;Thu, 07 Feb 2019 21:58:19 GMT;8,105;2_39_79_380_2019-02-07 17:08:33.848165;2;2-39-79-380;CA-489;714
Thu, 07 Feb 2019 17:13:25 GMT;Fri, 08 Feb 2019 01:15:02 GMT;Thu, 07 Feb 2019 23:09:12 GMT;15,496;2_39_79_378_2019-02-07 17:13:25.243902;2;2-39-79-378;CA-326;1090
Thu, 07 Feb 2019 17:16:34 GMT;Thu, 07 Feb 2019 22:44:33 GMT;Thu, 07 Feb 2019 22:44:29 GMT;10,169;2_39_79_381_2019-02-07 17:16:33.520324;2;2-39-79-381;CA-490;832
Thu, 07 Feb 2019 17:17:13 GMT;Fri, 08 Feb 2019 01:34:24 GMT;Thu, 07 Feb 2019 19:03:36 GMT;10,716;2_39_129_17_2019-02-07 17:17:13.164043;2;2-39-129-17;CA-307;69
Thu, 07 Feb 2019 17:20:51 GMT;Fri, 08 Feb 2019 00:11:28 GMT;Thu, 07 Feb 2019 19:50:43 GMT;16,229;2_39_95_444_2019-02-07 17:20:51.123765;2;2-39-95-444;CA-497;234
Thu, 07 Feb 2019 17:33:21 GMT;Fri, 08 Feb 2019 01:48:37 GMT;Thu, 07 Feb 2019 18:51:57 GMT;3,997;2_39_125_21_2019-02-07 17:33:20.585545;2;2-39-125-21;CA-311;567
Thu, 07 Feb 2019 17:43:22 GMT;Thu, 07 Feb 2019 22:57:41 GMT;Thu, 07 Feb 2019 22:56:41 GMT;15,754;2_39_78_361_2019-02-07 17:43:22.164135;2;2-39-78-361;CA-493;1524
Thu, 07 Feb 2019 17:56:06 GMT;Fri, 08 Feb 2019 00:58:49 GMT;Thu, 07 Feb 2019 23:52:41 GMT;0,877;2_39_127_19_2019-02-07 17:56:05.791417;2;2-39-127-19;CA-309;
Thu, 07 Feb 2019 18:16:11 GMT;Fri, 08 Feb 2019 03:07:35 GMT;Thu, 07 Feb 2019 20:09:25 GMT;11,285;2_39_123_557_2019-02-07 18:16:11.232230;2;2-39-123-557;CA-503;558
Thu, 07 Feb 2019 18:18:46 GMT;Thu, 07 Feb 2019 20:46:41 GMT;Thu, 07 Feb 2019 20:03:31 GMT;7,085;2_39_91_437_2019-02-07 18:18:45.916136;2;2-39-91-437;CA-317;1001
Thu, 07 Feb 2019 18:21:29 GMT;Fri, 08 Feb 2019 02:05:54 GMT;Thu, 07 Feb 2019 20:43:35 GMT;11,599;2_39_78_365_2019-02-07 18:21:29.295685;2;2-39-78-365;CA-321;1095
Thu, 07 Feb 2019 18:30:59 GMT;Thu, 07 Feb 2019 22:54:02 GMT;Thu, 07 Feb 2019 22:53:49 GMT;1,472;2_39_79_376_2019-02-07 18:30:59.003443;2;2-39-79-376;CA-324;
Thu, 07 Feb 2019 19:37:39 GMT;Fri, 08 Feb 2019 09:07:32 GMT;Thu, 07 Feb 2019 20:39:50 GMT;2,034;2_39_126_20_2019-02-07 19:37:38.698734;2;2-39-126-20;CA-310;1082
Thu, 07 Feb 2019 20:00:36 GMT;Thu, 07 Feb 2019 23:00:57 GMT;Thu, 07 Feb 2019 23:00:52 GMT;9,472;2_39_79_383_2019-02-07 20:00:35.558200;2;2-39-79-383;CA-492;1135
Thu, 07 Feb 2019 20:04:30 GMT;Fri, 08 Feb 2019 02:48:37 GMT;Thu, 07 Feb 2019 20:59:55 GMT;2,292;2_39_88_24_2019-02-07 20:04:29.864388;2;2-39-88-24;CA-314;891
Thu, 07 Feb 2019 20:42:47 GMT;Thu, 07 Feb 2019 23:46:57 GMT;Thu, 07 Feb 2019 23:07:01 GMT;7,335;2_39_90_440_2019-02-07 20:42:47.418896;2;2-39-90-440;CA-500;515
Thu, 07 Feb 2019 20:48:58 GMT;Fri, 08 Feb 2019 00:34:11 GMT;Thu, 07 Feb 2019 21:17:44 GMT;2,336;2_39_91_437_2019-02-07 20:48:58.416891;2;2-39-91-437;CA-317;1001
Thu, 07 Feb 2019 21:07:01 GMT;Fri, 08 Feb 2019 01:19:34 GMT;Thu, 07 Feb 2019 23:14:59 GMT;6,701;2_39_92_436_2019-02-07 21:07:01.061164;2;2-39-92-436;CA-318;1124
Thu, 07 Feb 2019 21:18:18 GMT;Thu, 07 Feb 2019 23:58:21 GMT;Thu, 07 Feb 2019 23:58:17 GMT;14,85;2_39_78_367_2019-02-07 21:18:17.818959;2;2-39-78-367;CA-494;564
Thu, 07 Feb 2019 21:19:10 GMT;Thu, 07 Feb 2019 23:44:15 GMT;Thu, 07 Feb 2019 23:34:00 GMT;0,823;2_39_91_441_2019-02-07 21:19:10.321605;2;2-39-91-441;CA-499;
Thu, 07 Feb 2019 21:31:03 GMT;Fri, 08 Feb 2019 03:16:40 GMT;Fri, 08 Feb 2019 03:16:03 GMT;9,969;2_39_78_364_2019-02-07 21:31:02.658593;2;2-39-78-364;CA-495;777
Thu, 07 Feb 2019 21:33:59 GMT;Thu, 07 Feb 2019 22:40:16 GMT;Thu, 07 Feb 2019 22:40:11 GMT;7,381;2_39_89_439_2019-02-07 21:33:59.438972;2;2-39-89-439;CA-501;1104
Thu, 07 Feb 2019 21:43:16 GMT;Fri, 08 Feb 2019 00:45:01 GMT;Fri, 08 Feb 2019 00:44:33 GMT;7,891;2_39_78_360_2019-02-07 21:43:16.117101;2;2-39-78-360;CA-322;1137
Thu, 07 Feb 2019 23:22:00 GMT;Fri, 08 Feb 2019 01:38:41 GMT;Fri, 08 Feb 2019 01:38:32 GMT;6,444;2_39_79_376_2019-02-07 23:22:00.416150;2;2-39-79-376;CA-324;1285
Thu, 07 Feb 2019 23:25:18 GMT;Fri, 08 Feb 2019 00:32:45 GMT;Fri, 08 Feb 2019 00:32:41 GMT;3,626;2_39_124_22_2019-02-07 23:25:18.013863;2;2-39-124-22;CA-312;1236
Thu, 07 Feb 2019 23:33:21 GMT;Fri, 08 Feb 2019 01:22:07 GMT;Fri, 08 Feb 2019 01:21:58 GMT;6,612;2_39_79_381_2019-02-07 23:33:20.843649;2;2-39-79-381;CA-490;637
Fri, 08 Feb 2019 00:57:12 GMT;Fri, 08 Feb 2019 02:40:23 GMT;Fri, 08 Feb 2019 01:32:04 GMT;1,57;2_39_130_31_2019-02-08 00:57:12.355054;2;2-39-130-31;CA-306;1746
Fri, 08 Feb 2019 01:23:43 GMT;Fri, 08 Feb 2019 14:33:55 GMT;Fri, 08 Feb 2019 05:55:45 GMT;15,488;2_39_127_19_2019-02-08 01:23:42.729741;2;2-39-127-19;CA-309;838
Fri, 08 Feb 2019 02:24:31 GMT;Fri, 08 Feb 2019 03:26:11 GMT;Fri, 08 Feb 2019 02:55:34 GMT;0,686;2_39_129_17_2019-02-08 02:24:30.976655;2;2-39-129-17;CA-307;
Fri, 08 Feb 2019 02:27:14 GMT;Fri, 08 Feb 2019 05:21:05 GMT;Fri, 08 Feb 2019 05:20:57 GMT;19,214;2_39_125_21_2019-02-08 02:27:14.473523;2;2-39-125-21;CA-311;637
Fri, 08 Feb 2019 04:10:52 GMT;Fri, 08 Feb 2019 14:54:50 GMT;Fri, 08 Feb 2019 06:16:19 GMT;12,904;2_39_139_28_2019-02-08 04:10:51.711118;2;2-39-139-28;CA-303;754
Fri, 08 Feb 2019 04:14:46 GMT;Fri, 08 Feb 2019 06:23:10 GMT;Fri, 08 Feb 2019 06:21:54 GMT;6,279;2_39_95_27_2019-02-08 04:14:45.603685;2;2-39-95-27;CA-319;1222
Fri, 08 Feb 2019 04:23:38 GMT;Fri, 08 Feb 2019 05:44:59 GMT;Fri, 08 Feb 2019 05:44:52 GMT;9,043;2_39_138_29_2019-02-08 04:23:38.404443;2;2-39-138-29;CA-304;1263
Fri, 08 Feb 2019 15:07:37 GMT;Sat, 09 Feb 2019 01:11:19 GMT;Fri, 08 Feb 2019 23:16:59 GMT;14,316;2_39_78_366_2019-02-08 15:07:37.086932;2;2-39-78-366;CA-323;569
Fri, 08 Feb 2019 16:01:23 GMT;Sat, 09 Feb 2019 00:31:58 GMT;Fri, 08 Feb 2019 17:54:12 GMT;5,941;2_39_89_25_2019-02-08 16:01:22.886142;2;2-39-89-25;CA-315;858
Fri, 08 Feb 2019 16:01:29 GMT;Fri, 08 Feb 2019 23:24:15 GMT;Fri, 08 Feb 2019 16:53:25 GMT;2,228;2_39_131_30_2019-02-08 16:01:28.794921;2;2-39-131-30;CA-305;891
Fri, 08 Feb 2019 16:12:33 GMT;Fri, 08 Feb 2019 21:55:11 GMT;Fri, 08 Feb 2019 21:56:10 GMT;1,041;2_39_92_442_2019-02-08 16:12:32.738554;2;2-39-92-442;CA-498;
Fri, 08 Feb 2019 16:30:12 GMT;Sat, 09 Feb 2019 01:33:29 GMT;Fri, 08 Feb 2019 19:53:43 GMT;13,71;2_39_139_28_2019-02-08 16:30:11.632816;2;2-39-139-28;CA-303;559
Fri, 08 Feb 2019 16:30:49 GMT;Sat, 09 Feb 2019 01:53:05 GMT;Sat, 09 Feb 2019 00:03:28 GMT;16,467;2_39_78_364_2019-02-08 16:30:48.579674;2;2-39-78-364;CA-495;1524
Fri, 08 Feb 2019 16:31:48 GMT;Fri, 08 Feb 2019 20:53:31 GMT;Fri, 08 Feb 2019 18:16:20 GMT;5,429;2_39_127_19_2019-02-08 16:31:47.615521;2;2-39-127-19;CA-309;562
Fri, 08 Feb 2019 16:33:42 GMT;Fri, 08 Feb 2019 21:44:04 GMT;Fri, 08 Feb 2019 21:43:09 GMT;14,072;2_39_78_360_2019-02-08 16:33:42.258411;2;2-39-78-360;CA-322;1470
Fri, 08 Feb 2019 16:52:31 GMT;Sat, 09 Feb 2019 02:42:15 GMT;Fri, 08 Feb 2019 18:34:19 GMT;5,677;2_39_129_17_2019-02-08 16:52:31.327339;2;2-39-129-17;CA-307;712
Fri, 08 Feb 2019 16:57:57 GMT;Sat, 09 Feb 2019 00:22:53 GMT;Fri, 08 Feb 2019 19:03:06 GMT;9,858;2_39_79_376_2019-02-08 16:57:56.569448;2;2-39-79-376;CA-324;1095
Fri, 08 Feb 2019 16:59:08 GMT;Sat, 09 Feb 2019 01:35:53 GMT;Fri, 08 Feb 2019 19:57:42 GMT;10,032;2_39_79_381_2019-02-08 16:59:07.928944;2;2-39-79-381;CA-490;1154
Fri, 08 Feb 2019 16:59:31 GMT;Fri, 08 Feb 2019 18:08:23 GMT;Fri, 08 Feb 2019 18:08:19 GMT;3,924;2_39_91_437_2019-02-08 16:59:31.004935;2;2-39-91-437;CA-317;1108
Fri, 08 Feb 2019 17:03:05 GMT;Fri, 08 Feb 2019 20:25:22 GMT;Fri, 08 Feb 2019 19:02:21 GMT;11,813;2_39_89_439_2019-02-08 17:03:04.898046;2;2-39-89-439;CA-501;69
Fri, 08 Feb 2019 17:07:48 GMT;Sat, 09 Feb 2019 02:58:22 GMT;Fri, 08 Feb 2019 18:20:21 GMT;3,701;2_39_125_21_2019-02-08 17:07:47.582308;2;2-39-125-21;CA-311;567
Fri, 08 Feb 2019 17:09:08 GMT;Sat, 09 Feb 2019 01:07:40 GMT;Fri, 08 Feb 2019 20:27:29 GMT;9,532;2_39_79_382_2019-02-08 17:09:08.351841;2;2-39-79-382;CA-491;632
Fri, 08 Feb 2019 17:09:29 GMT;Sat, 09 Feb 2019 00:00:47 GMT;Sat, 09 Feb 2019 00:01:44 GMT;12,142;2_39_78_363_2019-02-08 17:09:28.824743;2;2-39-78-363;CA-320;579
Fri, 08 Feb 2019 17:20:23 GMT;Sat, 09 Feb 2019 00:16:23 GMT;Fri, 08 Feb 2019 20:00:23 GMT;8,69;2_39_88_438_2019-02-08 17:20:22.908490;2;2-39-88-438;CA-502;1534
Fri, 08 Feb 2019 17:23:20 GMT;Sat, 09 Feb 2019 01:35:44 GMT;Fri, 08 Feb 2019 19:02:03 GMT;4,702;2_39_138_566_2019-02-08 17:23:20.471416;2;2-39-138-566;CA-512;743
Fri, 08 Feb 2019 18:03:44 GMT;Sat, 09 Feb 2019 03:11:25 GMT;Fri, 08 Feb 2019 19:57:22 GMT;11,519;2_39_90_26_2019-02-08 18:03:43.961508;2;2-39-90-26;CA-316;558
Fri, 08 Feb 2019 18:16:01 GMT;Sat, 09 Feb 2019 00:05:14 GMT;Fri, 08 Feb 2019 23:58:52 GMT;29,883;2_39_78_365_2019-02-08 18:16:00.785953;2;2-39-78-365;CA-321;832
Fri, 08 Feb 2019 18:45:22 GMT;Fri, 08 Feb 2019 20:13:39 GMT;Fri, 08 Feb 2019 20:13:22 GMT;1,22;2_39_130_564_2019-02-08 18:45:22.258535;2;2-39-130-564;CA-510;
Fri, 08 Feb 2019 19:09:48 GMT;Fri, 08 Feb 2019 21:55:14 GMT;Fri, 08 Feb 2019 21:01:19 GMT;12,07;2_39_91_437_2019-02-08 19:09:47.861883;2;2-39-91-437;CA-317;1087
Fri, 08 Feb 2019 20:12:26 GMT;Sat, 09 Feb 2019 07:44:25 GMT;Fri, 08 Feb 2019 21:17:11 GMT;2,152;2_39_92_436_2019-02-08 20:12:26.046478;2;2-39-92-436;CA-318;1082
Fri, 08 Feb 2019 20:47:55 GMT;Sat, 09 Feb 2019 01:19:41 GMT;Fri, 08 Feb 2019 23:25:44 GMT;8,132;2_39_79_380_2019-02-08 20:47:54.934055;2;2-39-79-380;CA-489;1285
Fri, 08 Feb 2019 21:08:55 GMT;Sat, 09 Feb 2019 02:46:31 GMT;Fri, 08 Feb 2019 21:38:59 GMT;2,934;2_39_89_439_2019-02-08 21:08:54.920478;2;2-39-89-439;CA-501;69
Fri, 08 Feb 2019 21:12:06 GMT;Sat, 09 Feb 2019 02:16:10 GMT;Fri, 08 Feb 2019 22:41:12 GMT;2,512;2_39_79_378_2019-02-08 21:12:06.484570;2;2-39-79-378;CA-326;
Fri, 08 Feb 2019 21:31:13 GMT;Sat, 09 Feb 2019 02:39:02 GMT;Sat, 09 Feb 2019 02:40:01 GMT;7,271;2_39_78_362_2019-02-08 21:31:13.423283;2;2-39-78-362;CA-496;1124
Fri, 08 Feb 2019 21:55:39 GMT;Sat, 09 Feb 2019 04:16:19 GMT;Sat, 09 Feb 2019 04:08:53 GMT;37,376;2_39_92_442_2019-02-08 21:55:39.052119;2;2-39-92-442;CA-498;818
Fri, 08 Feb 2019 22:14:06 GMT;Sat, 09 Feb 2019 02:24:55 GMT;Sat, 09 Feb 2019 01:30:32 GMT;19,446;2_39_91_437_2019-02-08 22:14:05.691255;2;2-39-91-437;CA-317;431
Fri, 08 Feb 2019 22:20:45 GMT;Sat, 09 Feb 2019 02:09:30 GMT;Sat, 09 Feb 2019 00:07:59 GMT;11,373;2_39_79_377_2019-02-08 22:20:44.518976;2;2-39-79-377;CA-325;714
Sat, 09 Feb 2019 00:00:52 GMT;Sat, 09 Feb 2019 08:24:55 GMT;Sat, 09 Feb 2019 04:47:27 GMT;10,576;2_39_78_363_2019-02-09 00:00:51.985556;2;2-39-78-363;CA-320;579
Sat, 09 Feb 2019 00:36:28 GMT;Sat, 09 Feb 2019 01:21:31 GMT;Sat, 09 Feb 2019 01:21:27 GMT;4,927;2_39_131_30_2019-02-09 00:36:27.911081;2;2-39-131-30;CA-305;67
Sat, 09 Feb 2019 00:59:23 GMT;Sat, 09 Feb 2019 02:53:05 GMT;Sat, 09 Feb 2019 01:33:20 GMT;3,442;2_39_88_24_2019-02-09 00:59:23.218956;2;2-39-88-24;CA-314;1346
Sat, 09 Feb 2019 01:02:22 GMT;Sun, 10 Feb 2019 00:49:53 GMT;Sat, 09 Feb 2019 03:09:58 GMT;13,325;2_39_89_25_2019-02-09 01:02:22.054830;2;2-39-89-25;CA-315;754
Sat, 09 Feb 2019 01:36:38 GMT;Sun, 10 Feb 2019 04:41:03 GMT;Sun, 10 Feb 2019 04:15:05 GMT;15,584;2_39_139_28_2019-02-09 01:36:38.160240;2;2-39-139-28;CA-303;838
Sat, 09 Feb 2019 06:19:15 GMT;Sat, 09 Feb 2019 17:21:25 GMT;Sat, 09 Feb 2019 16:14:40 GMT;63,62;2_39_79_378_2019-02-09 06:19:14.614270;2;2-39-79-378;CA-326;1816
Sat, 09 Feb 2019 16:41:15 GMT;Sat, 09 Feb 2019 17:55:33 GMT;Sat, 09 Feb 2019 17:55:28 GMT;4,153;2_39_95_27_2019-02-09 16:41:15.495484;2;2-39-95-27;CA-319;743
Sat, 09 Feb 2019 17:00:39 GMT;Sat, 09 Feb 2019 18:41:28 GMT;Sat, 09 Feb 2019 18:41:24 GMT;11,32;2_39_131_30_2019-02-09 17:00:39.199147;2;2-39-131-30;CA-305;248
Sat, 09 Feb 2019 18:00:46 GMT;Sat, 09 Feb 2019 18:25:19 GMT;Sat, 09 Feb 2019 18:25:15 GMT;2,739;2_39_129_17_2019-02-09 18:00:45.665854;2;2-39-129-17;CA-307;291
Sat, 09 Feb 2019 18:06:30 GMT;Sat, 09 Feb 2019 20:33:46 GMT;Sat, 09 Feb 2019 19:26:41 GMT;7,865;2_39_127_19_2019-02-09 18:06:30.345136;2;2-39-127-19;CA-309;1133
Sat, 09 Feb 2019 19:01:14 GMT;Sat, 09 Feb 2019 23:27:46 GMT;Sat, 09 Feb 2019 21:35:03 GMT;15,886;2_39_131_30_2019-02-09 19:01:14.269045;2;2-39-131-30;CA-305;291
Sat, 09 Feb 2019 21:19:46 GMT;Sun, 10 Feb 2019 00:11:36 GMT;Sun, 10 Feb 2019 00:11:31 GMT;10,023;2_39_79_377_2019-02-09 21:19:46.105885;2;2-39-79-377;CA-325;1108
Sun, 10 Feb 2019 00:06:23 GMT;Sun, 10 Feb 2019 00:43:14 GMT;Sun, 10 Feb 2019 00:43:09 GMT;2,05;2_39_131_30_2019-02-10 00:06:22.924966;2;2-39-131-30;CA-305;1366
Sun, 10 Feb 2019 00:38:33 GMT;Sun, 10 Feb 2019 04:18:55 GMT;Sun, 10 Feb 2019 03:41:16 GMT;9,664;2_39_83_386_2019-02-10 00:38:33.471488;2;2-39-83-386;CA-212;777
Sun, 10 Feb 2019 01:05:40 GMT;Sun, 10 Feb 2019 03:44:33 GMT;Sun, 10 Feb 2019 02:59:36 GMT;12,086;2_39_79_379_2019-02-10 01:05:39.952970;2;2-39-79-379;CA-327;637
Sun, 10 Feb 2019 01:11:45 GMT;Sun, 10 Feb 2019 05:03:40 GMT;Sun, 10 Feb 2019 03:31:21 GMT;8,288;2_39_78_365_2019-02-10 01:11:45.454616;2;2-39-78-365;CA-321;1091
Sun, 10 Feb 2019 02:09:04 GMT;Sun, 10 Feb 2019 04:04:28 GMT;Sun, 10 Feb 2019 04:04:23 GMT;12,898;2_39_128_18_2019-02-10 02:09:04.027260;2;2-39-128-18;CA-308;243
Sun, 10 Feb 2019 02:20:50 GMT;Sun, 10 Feb 2019 03:58:02 GMT;Sun, 10 Feb 2019 02:45:54 GMT;1,053;2_39_131_30_2019-02-10 02:20:49.541511;2;2-39-131-30;CA-305;1746
Sun, 10 Feb 2019 06:27:35 GMT;Sun, 10 Feb 2019 17:58:27 GMT;Sun, 10 Feb 2019 11:35:52 GMT;31,492;2_39_89_25_2019-02-10 06:27:35.315627;2;2-39-89-25;CA-315;292
Sun, 10 Feb 2019 16:22:28 GMT;Sun, 10 Feb 2019 18:09:08 GMT;Sun, 10 Feb 2019 16:52:44 GMT;0,81;2_39_125_21_2019-02-10 16:22:28.026000;2;2-39-125-21;CA-311;
Sun, 10 Feb 2019 16:51:42 GMT;Sun, 10 Feb 2019 19:33:40 GMT;Sun, 10 Feb 2019 17:22:02 GMT;0,924;2_39_139_28_2019-02-10 16:51:42.340453;2;2-39-139-28;CA-303;
Sun, 10 Feb 2019 17:14:03 GMT;Sun, 10 Feb 2019 18:46:55 GMT;Sun, 10 Feb 2019 18:46:50 GMT;4,954;2_39_131_30_2019-02-10 17:14:02.828064;2;2-39-131-30;CA-305;1236
Sun, 10 Feb 2019 18:59:16 GMT;Mon, 11 Feb 2019 02:52:32 GMT;Sun, 10 Feb 2019 23:59:55 GMT;31,524;2_39_79_377_2019-02-10 18:59:15.524788;2;2-39-79-377;CA-325;248
Sun, 10 Feb 2019 20:16:45 GMT;Mon, 11 Feb 2019 00:29:17 GMT;Mon, 11 Feb 2019 00:29:09 GMT;26,489;2_39_79_380_2019-02-10 20:16:45.266877;2;2-39-79-380;CA-489;342
Sun, 10 Feb 2019 20:17:09 GMT;Sun, 10 Feb 2019 21:56:43 GMT;Sun, 10 Feb 2019 21:56:38 GMT;5,798;2_39_95_27_2019-02-10 20:17:08.532264;2;2-39-95-27;CA-319;1108
Mon, 11 Feb 2019 02:58:22 GMT;Mon, 11 Feb 2019 16:13:28 GMT;Mon, 11 Feb 2019 10:58:12 GMT;52,128;2_39_139_28_2019-02-11 02:58:22.440225;2;2-39-139-28;CA-303;489
Mon, 11 Feb 2019 05:17:39 GMT;Mon, 11 Feb 2019 15:01:47 GMT;Mon, 11 Feb 2019 11:06:55 GMT;32,801;2_39_79_379_2019-02-11 05:17:39.049730;2;2-39-79-379;CA-327;300
Mon, 11 Feb 2019 16:10:27 GMT;Tue, 12 Feb 2019 02:06:57 GMT;Tue, 12 Feb 2019 01:48:09 GMT;1,441;2_39_79_381_2019-02-11 16:10:27.364603;2;2-39-79-381;CA-490;
Mon, 11 Feb 2019 16:14:37 GMT;Tue, 12 Feb 2019 00:40:16 GMT;Tue, 12 Feb 2019 00:17:36 GMT;7,095;2_39_92_442_2019-02-11 16:14:36.964668;2;2-39-92-442;CA-498;1001
Mon, 11 Feb 2019 16:17:39 GMT;Tue, 12 Feb 2019 05:42:20 GMT;Mon, 11 Feb 2019 21:04:55 GMT;15,772;2_39_79_379_2019-02-11 16:17:39.148633;2;2-39-79-379;CA-327;676
Mon, 11 Feb 2019 16:20:27 GMT;Tue, 12 Feb 2019 02:01:01 GMT;Mon, 11 Feb 2019 23:32:21 GMT;14,894;2_39_78_366_2019-02-11 16:20:27.293327;2;2-39-78-366;CA-323;569
Mon, 11 Feb 2019 16:28:47 GMT;Tue, 12 Feb 2019 03:01:23 GMT;Tue, 12 Feb 2019 02:29:51 GMT;0,786;2_39_95_27_2019-02-11 16:28:46.774411;2;2-39-95-27;CA-319;
Mon, 11 Feb 2019 16:31:56 GMT;Tue, 12 Feb 2019 01:15:44 GMT;Mon, 11 Feb 2019 18:37:58 GMT;13,91;2_39_83_386_2019-02-11 16:31:56.387109;2;2-39-83-386;CA-212;1154
Mon, 11 Feb 2019 16:32:15 GMT;Tue, 12 Feb 2019 01:06:32 GMT;Mon, 11 Feb 2019 20:30:47 GMT;24,882;2_39_95_444_2019-02-11 16:32:14.673820;2;2-39-95-444;CA-497;234
Mon, 11 Feb 2019 16:41:51 GMT;Tue, 12 Feb 2019 00:20:26 GMT;Mon, 11 Feb 2019 21:25:39 GMT;15,977;2_39_131_30_2019-02-11 16:41:50.769455;2;2-39-131-30;CA-305;712
Mon, 11 Feb 2019 16:44:48 GMT;Mon, 11 Feb 2019 19:51:04 GMT;Mon, 11 Feb 2019 18:23:15 GMT;4,953;2_39_139_28_2019-02-11 16:44:48.092600;2;2-39-139-28;CA-303;562
Mon, 11 Feb 2019 16:51:31 GMT;Tue, 12 Feb 2019 03:46:23 GMT;Mon, 11 Feb 2019 17:57:15 GMT;2,975;2_39_89_25_2019-02-11 16:51:30.837076;2;2-39-89-25;CA-315;743
Mon, 11 Feb 2019 17:03:33 GMT;Tue, 12 Feb 2019 00:22:01 GMT;Mon, 11 Feb 2019 21:21:47 GMT;14,088;2_39_88_438_2019-02-11 17:03:32.615355;2;2-39-88-438;CA-502;1534
Mon, 11 Feb 2019 18:10:18 GMT;Tue, 12 Feb 2019 00:11:36 GMT;Mon, 11 Feb 2019 23:32:12 GMT;18,628;2_39_78_363_2019-02-11 18:10:17.913419;2;2-39-78-363;CA-320;1470
Mon, 11 Feb 2019 18:20:26 GMT;Tue, 12 Feb 2019 03:14:55 GMT;Mon, 11 Feb 2019 20:39:28 GMT;12,079;2_39_79_380_2019-02-11 18:20:25.689657;2;2-39-79-380;CA-489;558
Mon, 11 Feb 2019 18:30:07 GMT;Tue, 12 Feb 2019 02:20:58 GMT;Mon, 11 Feb 2019 19:51:41 GMT;3,816;2_39_91_437_2019-02-11 18:30:07.116047;2;2-39-91-437;CA-317;891
Mon, 11 Feb 2019 18:42:09 GMT;Tue, 12 Feb 2019 03:32:22 GMT;Mon, 11 Feb 2019 22:01:06 GMT;6,988;2_39_78_365_2019-02-11 18:42:09.387616;2;2-39-78-365;CA-321;1124
Mon, 11 Feb 2019 19:22:00 GMT;Tue, 12 Feb 2019 03:06:29 GMT;Tue, 12 Feb 2019 02:29:49 GMT;39,883;2_39_79_383_2019-02-11 19:22:00.442740;2;2-39-79-383;CA-492;1208
Mon, 11 Feb 2019 20:06:45 GMT;Tue, 12 Feb 2019 00:10:21 GMT;Mon, 11 Feb 2019 21:38:06 GMT;4,8;2_39_123_23_2019-02-11 20:06:44.687685;2;2-39-123-23;CA-313;858
Mon, 11 Feb 2019 21:18:45 GMT;Tue, 12 Feb 2019 02:54:52 GMT;Tue, 12 Feb 2019 00:25:03 GMT;9,432;2_39_79_377_2019-02-11 21:18:45.423010;2;2-39-79-377;CA-325;777
Mon, 11 Feb 2019 21:20:26 GMT;Tue, 12 Feb 2019 02:25:33 GMT;Mon, 11 Feb 2019 21:53:14 GMT;1,521;2_39_127_19_2019-02-11 21:20:26.123479;2;2-39-127-19;CA-309;562
Mon, 11 Feb 2019 23:15:57 GMT;Tue, 12 Feb 2019 00:18:48 GMT;Tue, 12 Feb 2019 00:18:40 GMT;3,075;2_39_129_17_2019-02-11 23:15:56.553005;2;2-39-129-17;CA-307;1236
Mon, 11 Feb 2019 23:24:05 GMT;Tue, 12 Feb 2019 00:15:06 GMT;Tue, 12 Feb 2019 00:14:57 GMT;5,403;2_39_88_24_2019-02-11 23:24:05.377744;2;2-39-88-24;CA-314;744
Mon, 11 Feb 2019 23:27:13 GMT;Tue, 12 Feb 2019 08:29:59 GMT;Tue, 12 Feb 2019 05:56:15 GMT;0,898;2_39_78_361_2019-02-11 23:27:13.303542;2;2-39-78-361;CA-493;
Mon, 11 Feb 2019 23:38:37 GMT;Tue, 12 Feb 2019 00:34:55 GMT;Tue, 12 Feb 2019 00:34:48 GMT;2,965;2_39_78_364_2019-02-11 23:38:37.382319;2;2-39-78-364;CA-495;1161
Tue, 12 Feb 2019 00:19:38 GMT;Tue, 12 Feb 2019 01:55:00 GMT;Tue, 12 Feb 2019 01:55:58 GMT;0,812;2_39_88_24_2019-02-12 00:19:37.774723;2;2-39-88-24;CA-314;
Tue, 12 Feb 2019 01:21:09 GMT;Tue, 12 Feb 2019 04:52:18 GMT;Tue, 12 Feb 2019 03:23:42 GMT;12,931;2_39_123_23_2019-02-12 01:21:09.053992;2;2-39-123-23;CA-313;754
Tue, 12 Feb 2019 01:55:03 GMT;Tue, 12 Feb 2019 02:36:26 GMT;Tue, 12 Feb 2019 02:36:22 GMT;2,241;2_39_88_24_2019-02-12 01:55:03.288055;2;2-39-88-24;CA-314;1366
Tue, 12 Feb 2019 02:55:46 GMT;Tue, 12 Feb 2019 03:30:04 GMT;Tue, 12 Feb 2019 03:29:59 GMT;3,551;2_39_129_17_2019-02-12 02:55:46.054249;2;2-39-129-17;CA-307;313
Tue, 12 Feb 2019 03:07:10 GMT;Tue, 12 Feb 2019 05:59:38 GMT;Tue, 12 Feb 2019 05:59:30 GMT;17,77;2_39_125_21_2019-02-12 03:07:09.878730;2;2-39-125-21;CA-311;1225
Tue, 12 Feb 2019 12:46:38 GMT;Tue, 12 Feb 2019 22:15:33 GMT;Tue, 12 Feb 2019 16:41:06 GMT;24,871;2_39_95_444_2019-02-12 12:46:38.200674;2;2-39-95-444;CA-497;234
Tue, 12 Feb 2019 13:47:44 GMT;Tue, 12 Feb 2019 19:02:51 GMT;Tue, 12 Feb 2019 18:41:46 GMT;31,215;2_39_125_21_2019-02-12 13:47:43.974085;2;2-39-125-21;CA-311;556
Tue, 12 Feb 2019 14:05:14 GMT;Tue, 12 Feb 2019 15:18:14 GMT;Tue, 12 Feb 2019 15:18:10 GMT;3,891;2_39_89_25_2019-02-12 14:05:13.936034;2;2-39-89-25;CA-315;743
Tue, 12 Feb 2019 16:17:14 GMT;Wed, 13 Feb 2019 02:42:06 GMT;Tue, 12 Feb 2019 17:09:54 GMT;2,399;2_39_78_363_2019-02-12 16:17:13.528997;2;2-39-78-363;CA-320;891
Tue, 12 Feb 2019 16:22:21 GMT;Wed, 13 Feb 2019 03:32:38 GMT;Tue, 12 Feb 2019 22:09:25 GMT;15,026;2_39_79_382_2019-02-12 16:22:20.742291;2;2-39-79-382;CA-491;632
Tue, 12 Feb 2019 16:22:44 GMT;Wed, 13 Feb 2019 01:13:32 GMT;Tue, 12 Feb 2019 19:38:02 GMT;12,859;2_39_139_28_2019-02-12 16:22:44.480312;2;2-39-139-28;CA-303;559
Tue, 12 Feb 2019 16:27:28 GMT;Tue, 12 Feb 2019 20:06:27 GMT;Tue, 12 Feb 2019 18:18:47 GMT;5,446;2_39_131_30_2019-02-12 16:27:28.342729;2;2-39-131-30;CA-305;1366
Tue, 12 Feb 2019 16:27:59 GMT;Wed, 13 Feb 2019 01:49:45 GMT;Wed, 13 Feb 2019 01:25:42 GMT;4,531;2_39_79_379_2019-02-12 16:27:58.710096;2;2-39-79-379;CA-327;
Tue, 12 Feb 2019 16:33:14 GMT;Wed, 13 Feb 2019 00:55:00 GMT;Tue, 12 Feb 2019 17:23:25 GMT;2,09;2_39_79_380_2019-02-12 16:33:13.673770;2;2-39-79-380;CA-489;1126
Tue, 12 Feb 2019 16:39:39 GMT;Tue, 12 Feb 2019 19:29:25 GMT;Tue, 12 Feb 2019 18:34:22 GMT;7,87;2_39_79_377_2019-02-12 16:39:38.609426;2;2-39-79-377;CA-325;1137
Tue, 12 Feb 2019 16:41:00 GMT;Wed, 13 Feb 2019 01:47:39 GMT;Tue, 12 Feb 2019 23:35:25 GMT;44,373;2_39_92_442_2019-02-12 16:41:00.188584;2;2-39-92-442;CA-498;1243
Tue, 12 Feb 2019 16:47:25 GMT;Wed, 13 Feb 2019 00:55:50 GMT;Wed, 13 Feb 2019 00:54:51 GMT;11,217;2_39_78_365_2019-02-12 16:47:25.463521;2;2-39-78-365;CA-321;1470
Tue, 12 Feb 2019 16:49:54 GMT;Wed, 13 Feb 2019 00:02:51 GMT;Tue, 12 Feb 2019 17:19:27 GMT;2,093;2_39_79_378_2019-02-12 16:49:53.675307;2;2-39-79-378;CA-326;1120
Tue, 12 Feb 2019 16:54:25 GMT;Wed, 13 Feb 2019 02:19:43 GMT;Tue, 12 Feb 2019 18:50:48 GMT;6,078;2_39_127_19_2019-02-12 16:54:25.215091;2;2-39-127-19;CA-309;562
Tue, 12 Feb 2019 16:56:11 GMT;Wed, 13 Feb 2019 02:05:19 GMT;Tue, 12 Feb 2019 19:10:06 GMT;13,707;2_39_128_18_2019-02-12 16:56:10.896016;2;2-39-128-18;CA-308;945
Tue, 12 Feb 2019 16:59:52 GMT;Tue, 12 Feb 2019 20:54:13 GMT;Tue, 12 Feb 2019 20:54:08 GMT;9,917;2_39_79_383_2019-02-12 16:59:52.248531;2;2-39-79-383;CA-492;1104
Tue, 12 Feb 2019 17:00:18 GMT;Wed, 13 Feb 2019 01:28:19 GMT;Tue, 12 Feb 2019 19:23:01 GMT;7,621;2_39_95_27_2019-02-12 17:00:17.850928;2;2-39-95-27;CA-319;515
Tue, 12 Feb 2019 17:01:15 GMT;Tue, 12 Feb 2019 17:40:36 GMT;Tue, 12 Feb 2019 17:40:32 GMT;2,189;2_39_91_437_2019-02-12 17:01:14.934029;2;2-39-91-437;CA-317;1108
Tue, 12 Feb 2019 17:15:11 GMT;Tue, 12 Feb 2019 23:16:45 GMT;Tue, 12 Feb 2019 20:54:32 GMT;12,496;2_39_124_22_2019-02-12 17:15:11.404020;2;2-39-124-22;CA-312;712
Tue, 12 Feb 2019 17:19:17 GMT;Wed, 13 Feb 2019 01:26:02 GMT;Tue, 12 Feb 2019 18:45:23 GMT;8,366;2_39_83_386_2019-02-12 17:19:17.337977;2;2-39-83-386;CA-212;1154
Tue, 12 Feb 2019 17:19:26 GMT;Tue, 12 Feb 2019 23:58:45 GMT;Tue, 12 Feb 2019 18:52:39 GMT;4,56;2_39_89_25_2019-02-12 17:19:25.704356;2;2-39-89-25;CA-315;743
Tue, 12 Feb 2019 17:34:13 GMT;Wed, 13 Feb 2019 02:35:57 GMT;Wed, 13 Feb 2019 02:35:54 GMT;47,06;2_39_78_360_2019-02-12 17:34:13.151472;2;2-39-78-360;CA-322;579
Tue, 12 Feb 2019 18:10:06 GMT;Wed, 13 Feb 2019 03:14:07 GMT;Tue, 12 Feb 2019 21:14:15 GMT;13,413;2_39_123_23_2019-02-12 18:10:06.017197;2;2-39-123-23;CA-313;958
Tue, 12 Feb 2019 18:17:40 GMT;Wed, 13 Feb 2019 03:10:52 GMT;Tue, 12 Feb 2019 22:43:07 GMT;0,875;2_39_78_366_2019-02-12 18:17:40.065497;2;2-39-78-366;CA-323;
Tue, 12 Feb 2019 18:36:49 GMT;Wed, 13 Feb 2019 02:09:01 GMT;Wed, 13 Feb 2019 02:08:51 GMT;14,403;2_39_78_367_2019-02-12 18:36:48.610019;2;2-39-78-367;CA-494;714
Tue, 12 Feb 2019 18:39:38 GMT;Tue, 12 Feb 2019 23:42:05 GMT;Tue, 12 Feb 2019 21:38:40 GMT;9,539;2_39_90_440_2019-02-12 18:39:37.858628;2;2-39-90-440;CA-500;1534
Tue, 12 Feb 2019 18:48:14 GMT;Thu, 14 Feb 2019 04:02:50 GMT;Wed, 13 Feb 2019 04:04:41 GMT;52,374;2_39_78_364_2019-02-12 18:48:13.706276;2;2-39-78-364;CA-495;1286
Tue, 12 Feb 2019 19:08:43 GMT;Tue, 12 Feb 2019 19:47:13 GMT;Tue, 12 Feb 2019 19:47:11 GMT;2,114;2_39_78_361_2019-02-12 19:08:42.510411;2;2-39-78-361;CA-493;832
Tue, 12 Feb 2019 19:11:16 GMT;Wed, 13 Feb 2019 00:53:49 GMT;Wed, 13 Feb 2019 00:54:49 GMT;1,215;2_39_78_362_2019-02-12 19:11:15.589059;2;2-39-78-362;CA-496;
Tue, 12 Feb 2019 19:34:09 GMT;Wed, 13 Feb 2019 11:17:49 GMT;Tue, 12 Feb 2019 20:35:35 GMT;2,023;2_39_91_437_2019-02-12 19:34:08.838805;2;2-39-91-437;CA-317;1082
Tue, 12 Feb 2019 20:20:19 GMT;Wed, 13 Feb 2019 00:52:37 GMT;Tue, 12 Feb 2019 21:37:18 GMT;2,076;2_39_79_377_2019-02-12 20:20:19.012994;2;2-39-79-377;CA-325;1137
Tue, 12 Feb 2019 20:57:34 GMT;Tue, 12 Feb 2019 21:23:42 GMT;Tue, 12 Feb 2019 21:23:34 GMT;2,635;2_39_90_26_2019-02-12 20:57:33.897077;2;2-39-90-26;CA-316;744
Tue, 12 Feb 2019 21:00:59 GMT;Wed, 13 Feb 2019 01:25:59 GMT;Wed, 13 Feb 2019 01:25:55 GMT;21,639;2_39_79_383_2019-02-12 21:00:59.039000;2;2-39-79-383;CA-492;569
Tue, 12 Feb 2019 21:07:27 GMT;Tue, 12 Feb 2019 23:58:17 GMT;Tue, 12 Feb 2019 23:16:54 GMT;7,034;2_39_78_361_2019-02-12 21:07:26.967427;2;2-39-78-361;CA-493;1124
Tue, 12 Feb 2019 21:07:49 GMT;Wed, 13 Feb 2019 02:58:48 GMT;Wed, 13 Feb 2019 00:21:06 GMT;9,97;2_39_79_381_2019-02-12 21:07:49.327404;2;2-39-79-381;CA-490;777
Tue, 12 Feb 2019 21:36:04 GMT;Wed, 13 Feb 2019 01:07:45 GMT;Wed, 13 Feb 2019 01:00:59 GMT;17,912;2_39_123_557_2019-02-12 21:36:04.165452;2;2-39-123-557;CA-503;832
Tue, 12 Feb 2019 21:48:50 GMT;Wed, 13 Feb 2019 01:13:41 GMT;Tue, 12 Feb 2019 23:57:50 GMT;13,486;2_39_88_438_2019-02-12 21:48:50.330480;2;2-39-88-438;CA-502;1104
Tue, 12 Feb 2019 22:29:28 GMT;Wed, 13 Feb 2019 01:45:12 GMT;Wed, 13 Feb 2019 01:45:03 GMT;21,487;2_39_95_444_2019-02-12 22:29:28.234710;2;2-39-95-444;CA-497;1086
Tue, 12 Feb 2019 22:59:06 GMT;Wed, 13 Feb 2019 00:28:17 GMT;Wed, 13 Feb 2019 00:28:13 GMT;4,836;2_39_88_24_2019-02-12 22:59:06.108403;2;2-39-88-24;CA-314;1161
Wed, 13 Feb 2019 00:31:24 GMT;Wed, 13 Feb 2019 02:09:15 GMT;Wed, 13 Feb 2019 00:58:46 GMT;1,175;2_39_131_30_2019-02-13 00:31:23.711403;2;2-39-131-30;CA-305;1746
Wed, 13 Feb 2019 00:55:45 GMT;Wed, 13 Feb 2019 01:27:08 GMT;Wed, 13 Feb 2019 01:27:04 GMT;2,526;2_39_89_25_2019-02-13 00:55:44.942114;2;2-39-89-25;CA-315;243
Wed, 13 Feb 2019 01:43:51 GMT;Wed, 13 Feb 2019 06:33:53 GMT;Wed, 13 Feb 2019 06:33:37 GMT;32,109;2_39_79_378_2019-02-13 01:43:51.502428;2;2-39-79-378;CA-326;637
Wed, 13 Feb 2019 02:08:10 GMT;Wed, 13 Feb 2019 03:19:06 GMT;Wed, 13 Feb 2019 03:19:02 GMT;3,885;2_39_130_31_2019-02-13 02:08:10.056088;2;2-39-130-31;CA-306;1164
Wed, 13 Feb 2019 03:32:34 GMT;Wed, 13 Feb 2019 06:43:58 GMT;Wed, 13 Feb 2019 05:34:08 GMT;12,717;2_39_123_23_2019-02-13 03:32:34.405673;2;2-39-123-23;CA-313;754
Wed, 13 Feb 2019 04:21:52 GMT;Wed, 13 Feb 2019 05:40:25 GMT;Wed, 13 Feb 2019 05:40:16 GMT;8,655;2_39_138_29_2019-02-13 04:21:51.840233;2;2-39-138-29;CA-304;1263
Wed, 13 Feb 2019 04:43:10 GMT;Wed, 13 Feb 2019 06:10:23 GMT;Wed, 13 Feb 2019 06:10:19 GMT;8,508;2_39_130_31_2019-02-13 04:43:10.337623;2;2-39-130-31;CA-306;1099
Wed, 13 Feb 2019 15:23:24 GMT;Thu, 14 Feb 2019 01:59:41 GMT;Thu, 14 Feb 2019 01:05:29 GMT;22,976;2_39_139_28_2019-02-13 15:23:23.626186;2;2-39-139-28;CA-303;710
Wed, 13 Feb 2019 15:48:21 GMT;Thu, 14 Feb 2019 01:40:46 GMT;Wed, 13 Feb 2019 17:08:22 GMT;4,171;2_39_79_382_2019-02-13 15:48:21.193607;2;2-39-79-382;CA-491;1524
Wed, 13 Feb 2019 15:55:34 GMT;Thu, 14 Feb 2019 01:17:10 GMT;Thu, 14 Feb 2019 01:18:10 GMT;7,16;2_39_78_362_2019-02-13 15:55:34.039035;2;2-39-78-362;CA-496;1001
Wed, 13 Feb 2019 16:00:12 GMT;Wed, 13 Feb 2019 18:31:49 GMT;Wed, 13 Feb 2019 18:31:40 GMT;6,171;2_39_79_379_2019-02-13 16:00:12.424760;2;2-39-79-379;CA-327;1083
Wed, 13 Feb 2019 16:29:05 GMT;Thu, 14 Feb 2019 02:59:28 GMT;Wed, 13 Feb 2019 18:38:32 GMT;13,633;2_39_123_23_2019-02-13 16:29:05.235276;2;2-39-123-23;CA-313;945
Wed, 13 Feb 2019 16:29:32 GMT;Thu, 14 Feb 2019 02:13:33 GMT;Thu, 14 Feb 2019 02:14:31 GMT;0,876;2_39_79_380_2019-02-13 16:29:32.308744;2;2-39-79-380;CA-489;
Wed, 13 Feb 2019 16:34:11 GMT;Thu, 14 Feb 2019 01:33:12 GMT;Wed, 13 Feb 2019 18:42:03 GMT;7,193;2_39_138_29_2019-02-13 16:34:10.675383;2;2-39-138-29;CA-304;559
Wed, 13 Feb 2019 16:38:38 GMT;Thu, 14 Feb 2019 02:22:09 GMT;Wed, 13 Feb 2019 18:24:22 GMT;5,487;2_39_131_30_2019-02-13 16:38:38.167929;2;2-39-131-30;CA-305;562
Wed, 13 Feb 2019 16:43:19 GMT;Thu, 14 Feb 2019 00:29:34 GMT;Wed, 13 Feb 2019 20:59:31 GMT;10,394;2_39_79_378_2019-02-13 16:43:19.148002;2;2-39-79-378;CA-326;1470
Wed, 13 Feb 2019 16:43:31 GMT;Wed, 13 Feb 2019 20:40:13 GMT;Wed, 13 Feb 2019 17:13:47 GMT;0,824;2_39_90_440_2019-02-13 16:43:30.836499;2;2-39-90-440;CA-500;
Wed, 13 Feb 2019 16:44:28 GMT;Thu, 14 Feb 2019 00:29:56 GMT;Wed, 13 Feb 2019 20:13:39 GMT;22,214;2_39_95_27_2019-02-13 16:44:28.147899;2;2-39-95-27;CA-319;1104
Wed, 13 Feb 2019 16:44:42 GMT;Thu, 14 Feb 2019 01:43:02 GMT;Thu, 14 Feb 2019 01:37:16 GMT;45,583;2_39_78_366_2019-02-13 16:44:41.549021;2;2-39-78-366;CA-323;569
Wed, 13 Feb 2019 16:44:50 GMT;Thu, 14 Feb 2019 03:00:45 GMT;Wed, 13 Feb 2019 18:38:11 GMT;6,306;2_39_129_17_2019-02-13 16:44:49.567548;2;2-39-129-17;CA-307;712
Wed, 13 Feb 2019 16:53:27 GMT;Wed, 13 Feb 2019 23:10:11 GMT;Wed, 13 Feb 2019 18:52:42 GMT;5,94;2_39_126_20_2019-02-13 16:53:26.588903;2;2-39-126-20;CA-310;1366
Wed, 13 Feb 2019 17:03:35 GMT;Thu, 14 Feb 2019 03:12:05 GMT;Wed, 13 Feb 2019 18:18:23 GMT;3,965;2_39_89_25_2019-02-13 17:03:34.698389;2;2-39-89-25;CA-315;567
Wed, 13 Feb 2019 17:04:08 GMT;Thu, 14 Feb 2019 01:48:03 GMT;Wed, 13 Feb 2019 18:59:20 GMT;5,787;2_39_91_437_2019-02-13 17:04:08.363187;2;2-39-91-437;CA-317;743
Wed, 13 Feb 2019 17:08:31 GMT;Wed, 13 Feb 2019 18:11:38 GMT;Wed, 13 Feb 2019 18:11:34 GMT;3,223;2_39_79_377_2019-02-13 17:08:31.061426;2;2-39-79-377;CA-325;1108
Wed, 13 Feb 2019 17:10:35 GMT;Thu, 14 Feb 2019 00:09:22 GMT;Wed, 13 Feb 2019 18:52:53 GMT;5,296;2_39_78_365_2019-02-13 17:10:35.173467;2;2-39-78-365;CA-321;858
Wed, 13 Feb 2019 17:13:46 GMT;Wed, 13 Feb 2019 18:54:12 GMT;Wed, 13 Feb 2019 18:22:51 GMT;7,531;2_39_83_386_2019-02-13 17:13:46.115991;2;2-39-83-386;CA-212;1154
Wed, 13 Feb 2019 17:14:24 GMT;Wed, 13 Feb 2019 19:47:06 GMT;Wed, 13 Feb 2019 19:45:07 GMT;0,947;2_39_124_22_2019-02-13 17:14:23.933389;2;2-39-124-22;CA-312;
Wed, 13 Feb 2019 17:17:01 GMT;Thu, 14 Feb 2019 00:41:27 GMT;Wed, 13 Feb 2019 17:48:51 GMT;2,037;2_39_79_376_2019-02-13 17:17:00.564238;2;2-39-79-376;CA-324;1120
Wed, 13 Feb 2019 17:24:40 GMT;Thu, 14 Feb 2019 01:56:30 GMT;Wed, 13 Feb 2019 17:55:03 GMT;0,879;2_39_78_367_2019-02-13 17:24:39.726260;2;2-39-78-367;CA-494;
Wed, 13 Feb 2019 17:26:23 GMT;Thu, 14 Feb 2019 01:55:32 GMT;Wed, 13 Feb 2019 20:14:31 GMT;9,164;2_39_124_558_2019-02-13 17:26:22.935675;2;2-39-124-558;CA-504;1534
Wed, 13 Feb 2019 17:54:26 GMT;Wed, 13 Feb 2019 22:50:53 GMT;Wed, 13 Feb 2019 22:49:13 GMT;7,897;2_39_78_363_2019-02-13 17:54:25.919928;2;2-39-78-363;CA-320;1137
Wed, 13 Feb 2019 18:12:21 GMT;Thu, 14 Feb 2019 03:16:33 GMT;Wed, 13 Feb 2019 20:14:33 GMT;12,422;2_39_92_436_2019-02-13 18:12:20.528073;2;2-39-92-436;CA-318;558
Wed, 13 Feb 2019 18:26:02 GMT;Wed, 13 Feb 2019 22:16:26 GMT;Wed, 13 Feb 2019 22:16:23 GMT;8,119;2_39_79_383_2019-02-13 18:26:02.214433;2;2-39-79-383;CA-492;428
Wed, 13 Feb 2019 18:42:49 GMT;Wed, 13 Feb 2019 20:28:39 GMT;Wed, 13 Feb 2019 19:14:04 GMT;0,922;2_39_88_24_2019-02-13 18:42:48.970481;2;2-39-88-24;CA-314;
Wed, 13 Feb 2019 18:48:40 GMT;Thu, 14 Feb 2019 02:42:36 GMT;Thu, 14 Feb 2019 02:11:00 GMT;5,559;2_39_79_379_2019-02-13 18:48:40.312945;2;2-39-79-379;CA-327;
Wed, 13 Feb 2019 19:48:49 GMT;Thu, 14 Feb 2019 17:22:20 GMT;Thu, 14 Feb 2019 15:11:38 GMT;0,887;2_39_124_22_2019-02-13 19:48:48.605945;2;2-39-124-22;CA-312;
Wed, 13 Feb 2019 20:18:27 GMT;Thu, 14 Feb 2019 08:45:41 GMT;Wed, 13 Feb 2019 21:22:02 GMT;2,1;2_39_92_442_2019-02-13 20:18:27.378617;2;2-39-92-442;CA-498;1082
Wed, 13 Feb 2019 20:40:59 GMT;Thu, 14 Feb 2019 01:32:55 GMT;Wed, 13 Feb 2019 21:28:23 GMT;1,432;2_39_79_377_2019-02-13 20:40:58.818703;2;2-39-79-377;CA-325;1083
Wed, 13 Feb 2019 21:10:07 GMT;Thu, 14 Feb 2019 01:41:56 GMT;Wed, 13 Feb 2019 23:18:02 GMT;6,848;2_39_78_361_2019-02-13 21:10:07.250365;2;2-39-78-361;CA-493;1124
Wed, 13 Feb 2019 21:10:41 GMT;Thu, 14 Feb 2019 01:46:24 GMT;Thu, 14 Feb 2019 00:19:42 GMT;9,906;2_39_79_381_2019-02-13 21:10:41.259590;2;2-39-79-381;CA-490;777
Wed, 13 Feb 2019 22:00:07 GMT;Wed, 13 Feb 2019 23:38:18 GMT;Wed, 13 Feb 2019 22:59:40 GMT;0,837;2_39_95_444_2019-02-13 22:00:07.025859;2;2-39-95-444;CA-497;
Wed, 13 Feb 2019 22:08:02 GMT;Thu, 14 Feb 2019 01:53:02 GMT;Wed, 13 Feb 2019 23:33:56 GMT;7,894;2_39_89_439_2019-02-13 22:08:01.677444;2;2-39-89-439;CA-501;431
Wed, 13 Feb 2019 22:46:47 GMT;Thu, 14 Feb 2019 04:34:05 GMT;Thu, 14 Feb 2019 01:20:59 GMT;7,508;2_39_79_383_2019-02-13 22:46:46.729252;2;2-39-79-383;CA-492;515
Thu, 14 Feb 2019 01:05:45 GMT;Thu, 14 Feb 2019 03:20:16 GMT;Thu, 14 Feb 2019 03:20:07 GMT;14,41;2_39_128_18_2019-02-14 01:05:45.062776;2;2-39-128-18;CA-308;362
Thu, 14 Feb 2019 01:57:23 GMT;Thu, 14 Feb 2019 03:17:53 GMT;Thu, 14 Feb 2019 02:28:02 GMT;0,948;2_39_79_381_2019-02-14 01:57:22.682642;2;2-39-79-381;CA-490;
Thu, 14 Feb 2019 02:08:46 GMT;Thu, 14 Feb 2019 03:55:54 GMT;Thu, 14 Feb 2019 02:41:00 GMT;3,067;2_39_127_19_2019-02-14 02:08:46.326007;2;2-39-127-19;CA-309;1346
Thu, 14 Feb 2019 02:13:49 GMT;Thu, 14 Feb 2019 03:29:01 GMT;Thu, 14 Feb 2019 02:43:49 GMT;0,836;2_39_79_380_2019-02-14 02:13:48.947559;2;2-39-79-380;CA-489;
Thu, 14 Feb 2019 02:22:29 GMT;Thu, 14 Feb 2019 03:49:10 GMT;Thu, 14 Feb 2019 03:49:06 GMT;4,772;2_39_139_28_2019-02-14 02:22:28.620828;2;2-39-139-28;CA-303;1164
Thu, 14 Feb 2019 03:02:19 GMT;Thu, 14 Feb 2019 14:25:17 GMT;Thu, 14 Feb 2019 07:36:23 GMT;15,506;2_39_131_30_2019-02-14 03:02:18.999455;2;2-39-131-30;CA-305;838
Thu, 14 Feb 2019 05:18:42 GMT;Thu, 14 Feb 2019 06:27:00 GMT;Thu, 14 Feb 2019 06:26:56 GMT;7,25;2_39_127_19_2019-02-14 05:18:42.018821;2;2-39-127-19;CA-309;637
Thu, 14 Feb 2019 13:58:49 GMT;Thu, 14 Feb 2019 14:57:12 GMT;Thu, 14 Feb 2019 14:57:04 GMT;3,222;2_39_89_25_2019-02-14 13:58:48.719742;2;2-39-89-25;CA-315;743
Thu, 14 Feb 2019 15:19:17 GMT;Fri, 15 Feb 2019 00:49:17 GMT;Thu, 14 Feb 2019 23:12:05 GMT;5,261;2_39_78_366_2019-02-14 15:19:17.153341;2;2-39-78-366;CA-323;569
Thu, 14 Feb 2019 15:58:25 GMT;Fri, 15 Feb 2019 02:37:02 GMT;Fri, 15 Feb 2019 02:38:02 GMT;14,436;2_39_78_362_2019-02-14 15:58:24.572419;2;2-39-78-362;CA-496;1524
Thu, 14 Feb 2019 16:04:12 GMT;Fri, 15 Feb 2019 00:35:50 GMT;Thu, 14 Feb 2019 17:17:33 GMT;3,798;2_39_88_24_2019-02-14 16:04:11.644684;2;2-39-88-24;CA-314;858
Thu, 14 Feb 2019 16:11:57 GMT;Thu, 14 Feb 2019 23:33:46 GMT;Thu, 14 Feb 2019 18:34:20 GMT;15,936;2_39_95_444_2019-02-14 16:11:56.900531;2;2-39-95-444;CA-497;234
Thu, 14 Feb 2019 16:28:20 GMT;Fri, 15 Feb 2019 01:26:46 GMT;Thu, 14 Feb 2019 18:35:41 GMT;6,557;2_39_139_28_2019-02-14 16:28:20.381512;2;2-39-139-28;CA-303;559
Thu, 14 Feb 2019 16:32:39 GMT;Fri, 15 Feb 2019 01:43:14 GMT;Thu, 14 Feb 2019 17:55:59 GMT;2,886;2_39_79_381_2019-02-14 16:32:38.883303;2;2-39-79-381;CA-490;1126
Thu, 14 Feb 2019 16:36:12 GMT;Fri, 15 Feb 2019 01:25:10 GMT;Thu, 14 Feb 2019 17:57:18 GMT;8,997;2_39_83_386_2019-02-14 16:36:11.813016;2;2-39-83-386;CA-212;1154
Thu, 14 Feb 2019 16:40:36 GMT;Thu, 14 Feb 2019 22:14:58 GMT;Thu, 14 Feb 2019 18:38:29 GMT;6,045;2_39_131_30_2019-02-14 16:40:36.398742;2;2-39-131-30;CA-305;562
Thu, 14 Feb 2019 16:46:20 GMT;Thu, 14 Feb 2019 23:05:42 GMT;Thu, 14 Feb 2019 19:44:34 GMT;9,228;2_39_124_558_2019-02-14 16:46:19.511781;2;2-39-124-558;CA-504;1534
Thu, 14 Feb 2019 16:48:05 GMT;Fri, 15 Feb 2019 02:43:39 GMT;Thu, 14 Feb 2019 23:38:49 GMT;44,878;2_39_92_442_2019-02-14 16:48:05.171955;2;2-39-92-442;CA-498;818
Thu, 14 Feb 2019 16:51:04 GMT;Fri, 15 Feb 2019 01:07:25 GMT;Fri, 15 Feb 2019 01:02:05 GMT;1,366;2_39_79_379_2019-02-14 16:51:04.491410;2;2-39-79-379;CA-327;
Thu, 14 Feb 2019 16:52:59 GMT;Fri, 15 Feb 2019 00:40:40 GMT;Thu, 14 Feb 2019 18:34:28 GMT;5,194;2_39_78_363_2019-02-14 16:52:59.271688;2;2-39-78-363;CA-320;891
Thu, 14 Feb 2019 16:53:20 GMT;Thu, 14 Feb 2019 22:41:10 GMT;Thu, 14 Feb 2019 19:08:25 GMT;13,781;2_39_126_20_2019-02-14 16:53:19.936601;2;2-39-126-20;CA-310;945
Thu, 14 Feb 2019 17:00:33 GMT;Fri, 15 Feb 2019 01:56:12 GMT;Thu, 14 Feb 2019 19:00:39 GMT;6,708;2_39_129_17_2019-02-14 17:00:32.988301;2;2-39-129-17;CA-307;712
Thu, 14 Feb 2019 17:03:30 GMT;Fri, 15 Feb 2019 02:26:33 GMT;Thu, 14 Feb 2019 18:54:02 GMT;5,597;2_39_89_25_2019-02-14 17:03:30.421355;2;2-39-89-25;CA-315;743
Thu, 14 Feb 2019 17:11:20 GMT;Thu, 14 Feb 2019 23:52:44 GMT;Thu, 14 Feb 2019 21:17:20 GMT;24,217;2_39_79_377_2019-02-14 17:11:20.326639;2;2-39-79-377;CA-325;1104
Thu, 14 Feb 2019 17:23:24 GMT;Thu, 14 Feb 2019 22:21:21 GMT;Thu, 14 Feb 2019 22:21:16 GMT;25,118;2_39_79_378_2019-02-14 17:23:23.744088;2;2-39-79-378;CA-326;1238
Thu, 14 Feb 2019 17:27:04 GMT;Fri, 15 Feb 2019 03:04:50 GMT;Thu, 14 Feb 2019 19:35:55 GMT;12,469;2_39_90_26_2019-02-14 17:27:03.662992;2;2-39-90-26;CA-316;558
Thu, 14 Feb 2019 17:37:59 GMT;Thu, 14 Feb 2019 19:47:57 GMT;Thu, 14 Feb 2019 18:09:06 GMT;0,804;2_39_83_387_2019-02-14 17:37:58.789454;2;2-39-83-387;CA-149;
Thu, 14 Feb 2019 17:45:54 GMT;Fri, 15 Feb 2019 00:41:19 GMT;Fri, 15 Feb 2019 00:30:20 GMT;7,548;2_39_79_383_2019-02-14 17:45:54.199177;2;2-39-79-383;CA-492;1001
Thu, 14 Feb 2019 17:49:06 GMT;Thu, 14 Feb 2019 20:02:33 GMT;Thu, 14 Feb 2019 20:02:32 GMT;6,37;2_39_78_367_2019-02-14 17:49:05.537632;2;2-39-78-367;CA-494;632
Thu, 14 Feb 2019 18:24:06 GMT;Fri, 15 Feb 2019 01:37:10 GMT;Thu, 14 Feb 2019 19:34:37 GMT;3,759;2_39_127_19_2019-02-14 18:24:06.009445;2;2-39-127-19;CA-309;567
Thu, 14 Feb 2019 18:34:00 GMT;Thu, 14 Feb 2019 19:23:43 GMT;Thu, 14 Feb 2019 19:23:29 GMT;4,992;2_39_78_360_2019-02-14 18:34:00.159686;2;2-39-78-360;CA-322;1470
Thu, 14 Feb 2019 19:43:32 GMT;Thu, 14 Feb 2019 22:35:52 GMT;Thu, 14 Feb 2019 22:17:21 GMT;0,956;2_39_79_382_2019-02-14 19:43:31.844311;2;2-39-79-382;CA-491;
Thu, 14 Feb 2019 19:46:06 GMT;Thu, 14 Feb 2019 22:26:21 GMT;Thu, 14 Feb 2019 21:24:22 GMT;5,441;2_39_78_360_2019-02-14 19:46:06.286214;2;2-39-78-360;CA-322;1137
Thu, 14 Feb 2019 20:00:24 GMT;Fri, 15 Feb 2019 02:01:22 GMT;Fri, 15 Feb 2019 01:46:19 GMT;1,058;2_39_79_376_2019-02-14 20:00:23.767334;2;2-39-79-376;CA-324;
Thu, 14 Feb 2019 20:18:37 GMT;Fri, 15 Feb 2019 11:33:18 GMT;Thu, 14 Feb 2019 21:27:33 GMT;2,36;2_39_78_364_2019-02-14 20:18:36.778891;2;2-39-78-364;CA-495;1082
Thu, 14 Feb 2019 20:46:16 GMT;Fri, 15 Feb 2019 01:07:20 GMT;Thu, 14 Feb 2019 22:49:04 GMT;6,64;2_39_90_440_2019-02-14 20:46:15.608270;2;2-39-90-440;CA-500;1124
Thu, 14 Feb 2019 21:10:33 GMT;Fri, 15 Feb 2019 00:41:42 GMT;Fri, 15 Feb 2019 00:40:29 GMT;9,358;2_39_78_361_2019-02-14 21:10:33.469178;2;2-39-78-361;CA-493;777
Thu, 14 Feb 2019 21:34:37 GMT;Fri, 15 Feb 2019 02:29:22 GMT;Thu, 14 Feb 2019 23:10:11 GMT;10,742;2_39_89_439_2019-02-14 21:34:36.606595;2;2-39-89-439;CA-501;714
Fri, 15 Feb 2019 00:09:34 GMT;Fri, 15 Feb 2019 03:50:10 GMT;Fri, 15 Feb 2019 00:30:42 GMT;0,912;2_39_123_23_2019-02-15 00:09:33.629995;2;2-39-123-23;CA-313;1746
Fri, 15 Feb 2019 00:37:06 GMT;Fri, 15 Feb 2019 14:39:10 GMT;Fri, 15 Feb 2019 05:00:32 GMT;15,182;2_39_131_30_2019-02-15 00:37:06.233865;2;2-39-131-30;CA-305;838
Fri, 15 Feb 2019 00:38:20 GMT;Fri, 15 Feb 2019 01:45:50 GMT;Fri, 15 Feb 2019 01:45:45 GMT;3,952;2_39_79_377_2019-02-15 00:38:19.820182;2;2-39-79-377;CA-325;1108
Fri, 15 Feb 2019 01:59:20 GMT;Fri, 15 Feb 2019 15:44:11 GMT;Fri, 15 Feb 2019 06:27:34 GMT;15,514;2_39_139_28_2019-02-15 01:59:20.467920;2;2-39-139-28;CA-303;1152
Fri, 15 Feb 2019 04:02:50 GMT;Fri, 15 Feb 2019 05:10:37 GMT;Fri, 15 Feb 2019 05:10:32 GMT;7,641;2_39_79_377_2019-02-15 04:02:49.894671;2;2-39-79-377;CA-325;754
Fri, 15 Feb 2019 04:22:12 GMT;Fri, 15 Feb 2019 05:39:18 GMT;Fri, 15 Feb 2019 05:39:14 GMT;8,836;2_39_138_29_2019-02-15 04:22:11.721214;2;2-39-138-29;CA-304;1263
Fri, 15 Feb 2019 05:07:26 GMT;Fri, 15 Feb 2019 05:44:37 GMT;Fri, 15 Feb 2019 05:44:28 GMT;4,317;2_39_126_20_2019-02-15 05:07:25.906099;2;2-39-126-20;CA-310;637
Fri, 15 Feb 2019 15:22:06 GMT;Sat, 16 Feb 2019 00:03:14 GMT;Fri, 15 Feb 2019 21:55:39 GMT;6,447;2_39_78_366_2019-02-15 15:22:06.142528;2;2-39-78-366;CA-323;569
Fri, 15 Feb 2019 15:45:14 GMT;Sat, 16 Feb 2019 02:46:37 GMT;Fri, 15 Feb 2019 16:58:48 GMT;4,031;2_39_131_30_2019-02-15 15:45:14.296552;2;2-39-131-30;CA-305;567
Fri, 15 Feb 2019 15:55:51 GMT;Sat, 16 Feb 2019 00:21:11 GMT;Fri, 15 Feb 2019 17:02:15 GMT;3,513;2_39_123_23_2019-02-15 15:55:51.379866;2;2-39-123-23;CA-313;858
Fri, 15 Feb 2019 15:57:01 GMT;Fri, 15 Feb 2019 18:29:08 GMT;Fri, 15 Feb 2019 18:00:02 GMT;6,333;2_39_79_379_2019-02-15 15:57:01.282169;2;2-39-79-379;CA-327;1083
Fri, 15 Feb 2019 16:12:39 GMT;Sat, 16 Feb 2019 02:14:11 GMT;Fri, 15 Feb 2019 18:07:14 GMT;5,739;2_39_138_29_2019-02-15 16:12:38.587998;2;2-39-138-29;CA-304;1366
Fri, 15 Feb 2019 16:17:28 GMT;Fri, 15 Feb 2019 22:35:35 GMT;Fri, 15 Feb 2019 18:23:50 GMT;13,384;2_39_125_21_2019-02-15 16:17:28.196810;2;2-39-125-21;CA-311;945
Fri, 15 Feb 2019 16:25:22 GMT;Sat, 16 Feb 2019 01:29:58 GMT;Fri, 15 Feb 2019 18:28:34 GMT;6,624;2_39_139_28_2019-02-15 16:25:22.094719;2;2-39-139-28;CA-303;559
Fri, 15 Feb 2019 16:26:53 GMT;Sat, 16 Feb 2019 00:04:32 GMT;Fri, 15 Feb 2019 22:15:30 GMT;0,954;2_39_79_380_2019-02-15 16:26:52.917188;2;2-39-79-380;CA-489;
Fri, 15 Feb 2019 16:38:05 GMT;Sat, 16 Feb 2019 02:10:24 GMT;Fri, 15 Feb 2019 19:17:16 GMT;4,311;2_39_79_381_2019-02-15 16:38:04.828888;2;2-39-79-381;CA-490;
Fri, 15 Feb 2019 16:43:03 GMT;Sat, 16 Feb 2019 02:24:06 GMT;Fri, 15 Feb 2019 17:57:23 GMT;8,172;2_39_79_383_2019-02-15 16:43:02.542110;2;2-39-79-383;CA-492;714
Fri, 15 Feb 2019 16:43:41 GMT;Sat, 16 Feb 2019 00:50:01 GMT;Sat, 16 Feb 2019 00:49:57 GMT;45,763;2_39_78_361_2019-02-15 16:43:41.332671;2;2-39-78-361;CA-493;1086
Fri, 15 Feb 2019 16:47:06 GMT;Fri, 15 Feb 2019 21:10:56 GMT;Fri, 15 Feb 2019 20:41:54 GMT;7,514;2_39_79_378_2019-02-15 16:47:06.194831;2;2-39-79-378;CA-326;1285
Fri, 15 Feb 2019 17:05:21 GMT;Sat, 16 Feb 2019 01:14:28 GMT;Fri, 15 Feb 2019 18:30:16 GMT;9,519;2_39_83_386_2019-02-15 17:05:21.319518;2;2-39-83-386;CA-212;1154
Fri, 15 Feb 2019 17:12:01 GMT;Sat, 16 Feb 2019 02:38:49 GMT;Fri, 15 Feb 2019 18:58:05 GMT;6,039;2_39_129_17_2019-02-15 17:12:01.163390;2;2-39-129-17;CA-307;712
Fri, 15 Feb 2019 17:15:39 GMT;Sat, 16 Feb 2019 01:52:38 GMT;Fri, 15 Feb 2019 18:03:02 GMT;2,09;2_39_78_363_2019-02-15 17:15:39.371765;2;2-39-78-363;CA-320;891
Fri, 15 Feb 2019 17:19:19 GMT;Sat, 16 Feb 2019 01:30:35 GMT;Fri, 15 Feb 2019 18:43:42 GMT;4,176;2_39_89_25_2019-02-15 17:19:18.923551;2;2-39-89-25;CA-315;743
Fri, 15 Feb 2019 17:47:54 GMT;Fri, 15 Feb 2019 23:00:01 GMT;Fri, 15 Feb 2019 22:59:57 GMT;34,412;2_39_92_436_2019-02-15 17:47:53.617752;2;2-39-92-436;CA-318;579
Fri, 15 Feb 2019 18:00:17 GMT;Sat, 16 Feb 2019 03:16:31 GMT;Fri, 15 Feb 2019 19:58:34 GMT;12,133;2_39_90_26_2019-02-15 18:00:17.096801;2;2-39-90-26;CA-316;558
Fri, 15 Feb 2019 18:06:01 GMT;Fri, 15 Feb 2019 19:07:18 GMT;Fri, 15 Feb 2019 19:07:09 GMT;7,023;2_39_124_22_2019-02-15 18:06:00.938173;2;2-39-124-22;CA-312;1039
Fri, 15 Feb 2019 18:10:30 GMT;Sat, 16 Feb 2019 02:07:15 GMT;Fri, 15 Feb 2019 20:09:50 GMT;11,687;2_39_92_442_2019-02-15 18:10:29.840444;2;2-39-92-442;CA-498;1095
Fri, 15 Feb 2019 18:20:53 GMT;Sat, 16 Feb 2019 01:58:36 GMT;Sat, 16 Feb 2019 00:52:55 GMT;45,207;2_39_88_438_2019-02-15 18:20:53.028574;2;2-39-88-438;CA-502;342
Fri, 15 Feb 2019 18:38:01 GMT;Sat, 16 Feb 2019 00:38:24 GMT;Fri, 15 Feb 2019 21:08:53 GMT;6,656;2_39_130_564_2019-02-15 18:38:01.325891;2;2-39-130-564;CA-510;620
Fri, 15 Feb 2019 18:47:59 GMT;Sat, 16 Feb 2019 04:18:59 GMT;Fri, 15 Feb 2019 21:35:16 GMT;13,216;2_39_79_379_2019-02-15 18:47:58.964522;2;2-39-79-379;CA-327;697
Fri, 15 Feb 2019 19:20:54 GMT;Sat, 16 Feb 2019 00:17:43 GMT;Sat, 16 Feb 2019 00:18:42 GMT;26,773;2_39_78_362_2019-02-15 19:20:54.117574;2;2-39-78-362;CA-496;832
Fri, 15 Feb 2019 19:40:41 GMT;Sat, 16 Feb 2019 03:03:49 GMT;Sat, 16 Feb 2019 01:08:05 GMT;16,515;2_39_79_376_2019-02-15 19:40:40.985490;2;2-39-79-376;CA-324;1274
Fri, 15 Feb 2019 20:29:51 GMT;Sat, 16 Feb 2019 10:20:02 GMT;Fri, 15 Feb 2019 21:45:05 GMT;2,406;2_39_78_367_2019-02-15 20:29:50.585929;2;2-39-78-367;CA-494;1082
Fri, 15 Feb 2019 21:23:13 GMT;Sat, 16 Feb 2019 06:57:10 GMT;Sat, 16 Feb 2019 03:37:22 GMT;40,599;2_39_79_378_2019-02-15 21:23:12.967409;2;2-39-79-378;CA-326;1238
Fri, 15 Feb 2019 21:26:47 GMT;Sat, 16 Feb 2019 02:42:08 GMT;Fri, 15 Feb 2019 23:31:38 GMT;6,605;2_39_78_365_2019-02-15 21:26:46.666273;2;2-39-78-365;CA-321;1124
Fri, 15 Feb 2019 23:28:49 GMT;Sat, 16 Feb 2019 01:13:14 GMT;Sat, 16 Feb 2019 01:13:10 GMT;6,119;2_39_91_437_2019-02-15 23:28:48.813883;2;2-39-91-437;CA-317;515
Sat, 16 Feb 2019 00:00:09 GMT;Sat, 16 Feb 2019 01:53:42 GMT;Sat, 16 Feb 2019 00:19:50 GMT;0,831;2_39_90_440_2019-02-16 00:00:08.983817;2;2-39-90-440;CA-500;1746
Sat, 16 Feb 2019 01:23:36 GMT;Sat, 16 Feb 2019 01:58:28 GMT;Sat, 16 Feb 2019 01:58:24 GMT;3,904;2_39_130_31_2019-02-16 01:23:35.787670;2;2-39-130-31;CA-306;637
Sat, 16 Feb 2019 01:24:06 GMT;Sat, 16 Feb 2019 03:44:38 GMT;Sat, 16 Feb 2019 03:44:34 GMT;15,683;2_39_92_436_2019-02-16 01:24:05.591283;2;2-39-92-436;CA-318;1039
Sat, 16 Feb 2019 02:07:54 GMT;Sun, 17 Feb 2019 01:13:19 GMT;Sat, 16 Feb 2019 05:48:30 GMT;23,468;2_39_88_24_2019-02-16 02:07:54.261628;2;2-39-88-24;CA-314;1225
Sat, 16 Feb 2019 02:15:47 GMT;Sat, 16 Feb 2019 05:06:25 GMT;Sat, 16 Feb 2019 05:06:16 GMT;18,572;2_39_124_22_2019-02-16 02:15:46.709471;2;2-39-124-22;CA-312;243
Sat, 16 Feb 2019 02:31:02 GMT;Tue, 19 Feb 2019 05:22:16 GMT;Tue, 19 Feb 2019 05:10:08 GMT;44,899;2_39_95_27_2019-02-16 02:31:02.405020;2;2-39-95-27;CA-319;292
Sat, 16 Feb 2019 03:00:29 GMT;Sat, 16 Feb 2019 03:54:28 GMT;Sat, 16 Feb 2019 03:54:23 GMT;3,207;2_39_131_30_2019-02-16 03:00:28.830739;2;2-39-131-30;CA-305;433
Sat, 16 Feb 2019 03:02:20 GMT;Sat, 16 Feb 2019 05:11:26 GMT;Sat, 16 Feb 2019 05:11:00 GMT;0,944;2_39_78_365_2019-02-16 03:02:19.831740;2;2-39-78-365;CA-321;
Sat, 16 Feb 2019 15:49:38 GMT;Sat, 16 Feb 2019 17:37:48 GMT;Sat, 16 Feb 2019 16:49:33 GMT;6,126;2_39_139_28_2019-02-16 15:49:37.708662;2;2-39-139-28;CA-303;675
Sat, 16 Feb 2019 17:26:15 GMT;Sat, 16 Feb 2019 21:12:54 GMT;Sat, 16 Feb 2019 20:27:58 GMT;19,882;2_39_131_30_2019-02-16 17:26:15.123456;2;2-39-131-30;CA-305;291
Sat, 16 Feb 2019 17:50:16 GMT;Sat, 16 Feb 2019 20:07:20 GMT;Sat, 16 Feb 2019 20:07:12 GMT;15,985;2_39_95_444_2019-02-16 17:50:16.041727;2;2-39-95-444;CA-497;569
Sat, 16 Feb 2019 18:42:14 GMT;Sat, 16 Feb 2019 20:18:31 GMT;Sat, 16 Feb 2019 19:58:17 GMT;7,889;2_39_127_19_2019-02-16 18:42:14.227260;2;2-39-127-19;CA-309;1133
Sat, 16 Feb 2019 18:46:38 GMT;Sun, 17 Feb 2019 01:14:43 GMT;Sat, 16 Feb 2019 23:38:17 GMT;32,383;2_39_79_377_2019-02-16 18:46:37.726417;2;2-39-79-377;CA-325;248
Sat, 16 Feb 2019 18:55:52 GMT;Sat, 16 Feb 2019 22:30:26 GMT;Sat, 16 Feb 2019 19:57:12 GMT;6,994;2_39_124_22_2019-02-16 18:55:51.798167;2;2-39-124-22;CA-312;1754
Sat, 16 Feb 2019 19:39:23 GMT;Sun, 17 Feb 2019 23:27:57 GMT;Sun, 17 Feb 2019 17:12:04 GMT;15,624;2_39_130_31_2019-02-16 19:39:22.926136;2;2-39-130-31;CA-306;838
Sat, 16 Feb 2019 20:25:38 GMT;Sun, 17 Feb 2019 03:39:03 GMT;Sun, 17 Feb 2019 00:15:10 GMT;17,639;2_39_90_26_2019-02-16 20:25:37.656237;2;2-39-90-26;CA-316;1085
Sat, 16 Feb 2019 21:07:35 GMT;Sun, 17 Feb 2019 00:21:01 GMT;Sun, 17 Feb 2019 00:20:56 GMT;11,172;2_39_127_19_2019-02-16 21:07:35.064898;2;2-39-127-19;CA-309;1021
Sat, 16 Feb 2019 21:17:27 GMT;Mon, 18 Feb 2019 01:32:16 GMT;Sat, 16 Feb 2019 23:29:43 GMT;13,484;2_39_79_379_2019-02-16 21:17:26.749878;2;2-39-79-379;CA-327;754
Sat, 16 Feb 2019 22:28:31 GMT;Sun, 17 Feb 2019 02:17:23 GMT;Sun, 17 Feb 2019 01:31:36 GMT;9,762;2_39_83_386_2019-02-16 22:28:31.358531;2;2-39-83-386;CA-212;777
Sat, 16 Feb 2019 23:28:59 GMT;Sun, 17 Feb 2019 00:41:21 GMT;Sun, 17 Feb 2019 00:41:13 GMT;8,033;2_39_125_21_2019-02-16 23:28:58.650931;2;2-39-125-21;CA-311;1902
Sun, 17 Feb 2019 00:48:28 GMT;Sun, 17 Feb 2019 06:05:49 GMT;Sun, 17 Feb 2019 05:42:22 GMT;16,069;2_39_131_30_2019-02-17 00:48:28.012293;2;2-39-131-30;CA-305;1327
Sun, 17 Feb 2019 01:06:55 GMT;Sun, 17 Feb 2019 02:37:41 GMT;Sun, 17 Feb 2019 01:54:47 GMT;2,237;2_39_127_19_2019-02-17 01:06:55.026352;2;2-39-127-19;CA-309;1746
Sun, 17 Feb 2019 01:15:05 GMT;Sun, 17 Feb 2019 06:48:38 GMT;Sun, 17 Feb 2019 02:15:40 GMT;6,492;2_39_78_366_2019-02-17 01:15:05.318176;2;2-39-78-366;CA-323;1816
Sun, 17 Feb 2019 01:30:46 GMT;Sun, 17 Feb 2019 02:12:37 GMT;Sun, 17 Feb 2019 02:01:12 GMT;0,943;2_39_91_437_2019-02-17 01:30:46.258219;2;2-39-91-437;CA-317;
Sun, 17 Feb 2019 02:27:51 GMT;Sun, 17 Feb 2019 02:58:32 GMT;Sun, 17 Feb 2019 02:58:04 GMT;0,952;2_39_92_436_2019-02-17 02:27:51.438661;2;2-39-92-436;CA-318;
Sun, 17 Feb 2019 02:59:00 GMT;Sun, 17 Feb 2019 03:30:16 GMT;Sun, 17 Feb 2019 03:29:56 GMT;0,977;2_39_92_442_2019-02-17 02:59:00.107625;2;2-39-92-442;CA-498;
Sun, 17 Feb 2019 03:30:27 GMT;Sun, 17 Feb 2019 03:57:38 GMT;Sun, 17 Feb 2019 03:57:34 GMT;0,85;2_39_92_436_2019-02-17 03:30:26.819851;2;2-39-92-436;CA-318;
Sun, 17 Feb 2019 03:34:28 GMT;Sun, 17 Feb 2019 04:21:42 GMT;Sun, 17 Feb 2019 04:21:37 GMT;2,426;2_39_82_384_2019-02-17 03:34:28.376125;2;2-39-82-384;CA-213;777
Sun, 17 Feb 2019 03:46:05 GMT;Sun, 17 Feb 2019 16:39:07 GMT;Sun, 17 Feb 2019 10:09:28 GMT;44,57;2_39_92_442_2019-02-17 03:46:05.485855;2;2-39-92-442;CA-498;1243
Sun, 17 Feb 2019 05:30:55 GMT;Sun, 17 Feb 2019 06:01:32 GMT;Sun, 17 Feb 2019 06:01:28 GMT;0,786;2_39_78_361_2019-02-17 05:30:55.101933;2;2-39-78-361;CA-493;
Sun, 17 Feb 2019 06:50:51 GMT;Sun, 17 Feb 2019 18:55:36 GMT;Sun, 17 Feb 2019 15:30:01 GMT;56,572;2_39_79_377_2019-02-17 06:50:50.970857;2;2-39-79-377;CA-325;1816
Sun, 17 Feb 2019 16:04:06 GMT;Sun, 17 Feb 2019 17:14:43 GMT;Sun, 17 Feb 2019 17:14:37 GMT;3,85;2_39_78_366_2019-02-17 16:04:06.105503;2;2-39-78-366;CA-323;1083
Sun, 17 Feb 2019 16:11:54 GMT;Sun, 17 Feb 2019 17:27:42 GMT;Sun, 17 Feb 2019 17:27:30 GMT;4,139;2_39_89_25_2019-02-17 16:11:54.225349;2;2-39-89-25;CA-315;743
Sun, 17 Feb 2019 17:55:13 GMT;Sun, 17 Feb 2019 19:35:18 GMT;Sun, 17 Feb 2019 19:35:02 GMT;11,013;2_39_131_30_2019-02-17 17:55:12.875358;2;2-39-131-30;CA-305;1346
Sun, 17 Feb 2019 18:11:47 GMT;Sun, 17 Feb 2019 20:20:35 GMT;Sun, 17 Feb 2019 19:02:05 GMT;2,452;2_39_138_29_2019-02-17 18:11:46.941342;2;2-39-138-29;CA-304;1021
Sun, 17 Feb 2019 18:21:17 GMT;Mon, 18 Feb 2019 05:46:49 GMT;Sun, 17 Feb 2019 19:30:46 GMT;6,275;2_39_79_381_2019-02-17 18:21:17.116237;2;2-39-79-381;CA-490;565
Sun, 17 Feb 2019 18:31:52 GMT;Sun, 17 Feb 2019 22:49:34 GMT;Sun, 17 Feb 2019 20:58:10 GMT;7,719;2_39_83_386_2019-02-17 18:31:51.535507;2;2-39-83-386;CA-212;777
Sun, 17 Feb 2019 18:57:02 GMT;Sun, 17 Feb 2019 20:25:14 GMT;Sun, 17 Feb 2019 20:25:09 GMT;4,49;2_39_127_19_2019-02-17 18:57:01.639831;2;2-39-127-19;CA-309;1236
Sun, 17 Feb 2019 20:57:00 GMT;Mon, 18 Feb 2019 01:58:47 GMT;Mon, 18 Feb 2019 00:33:35 GMT;17,622;2_39_79_380_2019-02-17 20:56:59.534255;2;2-39-79-380;CA-489;1142
Sun, 17 Feb 2019 21:59:37 GMT;Sun, 17 Feb 2019 23:49:38 GMT;Sun, 17 Feb 2019 23:49:35 GMT;12,314;2_39_138_29_2019-02-17 21:59:37.237673;2;2-39-138-29;CA-304;313
Sun, 17 Feb 2019 22:38:45 GMT;Sun, 17 Feb 2019 23:01:09 GMT;Sun, 17 Feb 2019 23:01:04 GMT;0,554;2_39_131_30_2019-02-17 22:38:44.848516;2;2-39-131-30;CA-305;
Mon, 18 Feb 2019 02:28:16 GMT;Mon, 18 Feb 2019 03:54:44 GMT;Mon, 18 Feb 2019 02:58:45 GMT;0,983;2_39_131_30_2019-02-18 02:28:16.489559;2;2-39-131-30;CA-305;
Mon, 18 Feb 2019 15:53:03 GMT;Tue, 19 Feb 2019 00:05:58 GMT;Mon, 18 Feb 2019 20:09:54 GMT;27,753;2_39_131_30_2019-02-18 15:53:02.963358;2;2-39-131-30;CA-305;710
Mon, 18 Feb 2019 16:51:03 GMT;Mon, 18 Feb 2019 17:55:09 GMT;Mon, 18 Feb 2019 17:55:04 GMT;3,826;2_39_79_377_2019-02-18 16:51:02.718320;2;2-39-79-377;CA-325;1108
Mon, 18 Feb 2019 17:09:04 GMT;Tue, 19 Feb 2019 00:44:45 GMT;Tue, 19 Feb 2019 00:44:40 GMT;52,724;2_39_92_442_2019-02-18 17:09:04.157968;2;2-39-92-442;CA-498;818
Mon, 18 Feb 2019 17:46:32 GMT;Mon, 18 Feb 2019 18:17:20 GMT;Mon, 18 Feb 2019 18:18:06 GMT;0,888;2_39_83_386_2019-02-18 17:46:31.658281;2;2-39-83-386;CA-212;
Mon, 18 Feb 2019 18:17:24 GMT;Mon, 18 Feb 2019 20:34:56 GMT;Mon, 18 Feb 2019 18:48:07 GMT;0,889;2_39_83_386_2019-02-18 18:17:23.760883;2;2-39-83-386;CA-212;
Mon, 18 Feb 2019 18:21:34 GMT;Mon, 18 Feb 2019 22:33:22 GMT;Mon, 18 Feb 2019 20:22:47 GMT;6,156;2_39_91_437_2019-02-18 18:21:33.527049;2;2-39-91-437;CA-317;1222
Mon, 18 Feb 2019 18:23:48 GMT;Mon, 18 Feb 2019 20:12:38 GMT;Mon, 18 Feb 2019 19:34:36 GMT;3,355;2_39_126_20_2019-02-18 18:23:47.985552;2;2-39-126-20;CA-310;891
Mon, 18 Feb 2019 19:04:05 GMT;Mon, 18 Feb 2019 21:59:07 GMT;Mon, 18 Feb 2019 21:10:10 GMT;0,876;2_39_79_380_2019-02-18 19:04:04.745061;2;2-39-79-380;CA-489;
Mon, 18 Feb 2019 20:14:49 GMT;Tue, 19 Feb 2019 04:38:58 GMT;Tue, 19 Feb 2019 00:45:24 GMT;15,651;2_39_79_379_2019-02-18 20:14:49.311495;2;2-39-79-379;CA-327;676
Mon, 18 Feb 2019 22:12:45 GMT;Tue, 19 Feb 2019 00:01:15 GMT;Mon, 18 Feb 2019 23:35:10 GMT;8,805;2_39_130_31_2019-02-18 22:12:45.281431;2;2-39-130-31;CA-306;1346
Mon, 18 Feb 2019 22:41:32 GMT;Tue, 19 Feb 2019 03:59:45 GMT;Tue, 19 Feb 2019 03:59:40 GMT;35,864;2_39_79_380_2019-02-18 22:41:32.061535;2;2-39-79-380;CA-489;342
Mon, 18 Feb 2019 23:53:36 GMT;Tue, 19 Feb 2019 00:26:21 GMT;Tue, 19 Feb 2019 00:26:16 GMT;2,451;2_39_129_17_2019-02-18 23:53:35.761643;2;2-39-129-17;CA-307;1309
Mon, 18 Feb 2019 23:53:39 GMT;Tue, 19 Feb 2019 01:40:30 GMT;Tue, 19 Feb 2019 01:40:23 GMT;12,042;2_39_138_29_2019-02-18 23:53:38.632173;2;2-39-138-29;CA-304;313
Tue, 19 Feb 2019 01:08:42 GMT;Tue, 19 Feb 2019 03:12:00 GMT;Tue, 19 Feb 2019 02:23:38 GMT;7,878;2_39_129_17_2019-02-19 01:08:42.441164;2;2-39-129-17;CA-307;1133
Tue, 19 Feb 2019 01:49:52 GMT;Tue, 19 Feb 2019 03:48:41 GMT;Tue, 19 Feb 2019 03:48:30 GMT;13,332;2_39_131_30_2019-02-19 01:49:52.080961;2;2-39-131-30;CA-305;1274
Tue, 19 Feb 2019 02:29:18 GMT;Tue, 19 Feb 2019 03:28:48 GMT;Tue, 19 Feb 2019 03:28:36 GMT;3,499;2_39_138_29_2019-02-19 02:29:18.086202;2;2-39-138-29;CA-304;433
Tue, 19 Feb 2019 02:51:22 GMT;Tue, 19 Feb 2019 03:51:39 GMT;Tue, 19 Feb 2019 03:23:28 GMT;0,935;2_39_130_31_2019-02-19 02:51:21.867900;2;2-39-130-31;CA-306;
Tue, 19 Feb 2019 03:56:02 GMT;Tue, 19 Feb 2019 05:52:48 GMT;Tue, 19 Feb 2019 05:52:44 GMT;6,245;2_39_79_377_2019-02-19 03:56:01.782433;2;2-39-79-377;CA-325;1083
Tue, 19 Feb 2019 04:21:08 GMT;Tue, 19 Feb 2019 14:22:05 GMT;Tue, 19 Feb 2019 08:46:12 GMT;15,544;2_39_131_30_2019-02-19 04:21:07.555062;2;2-39-131-30;CA-305;838
Tue, 19 Feb 2019 15:20:09 GMT;Wed, 20 Feb 2019 02:19:12 GMT;Wed, 20 Feb 2019 02:19:06 GMT;32,189;2_39_78_366_2019-02-19 15:20:08.716514;2;2-39-78-366;CA-323;569
Tue, 19 Feb 2019 15:36:55 GMT;Wed, 20 Feb 2019 05:29:03 GMT;Tue, 19 Feb 2019 21:30:27 GMT;15,568;2_39_79_379_2019-02-19 15:36:55.314601;2;2-39-79-379;CA-327;676
Tue, 19 Feb 2019 16:15:02 GMT;Wed, 20 Feb 2019 03:20:57 GMT;Tue, 19 Feb 2019 23:07:33 GMT;13,314;2_39_79_383_2019-02-19 16:15:02.290093;2;2-39-79-383;CA-492;632
Tue, 19 Feb 2019 16:27:18 GMT;Wed, 20 Feb 2019 01:06:13 GMT;Tue, 19 Feb 2019 17:19:34 GMT;2,754;2_39_79_380_2019-02-19 16:27:17.647563;2;2-39-79-380;CA-489;1126
Tue, 19 Feb 2019 16:33:11 GMT;Tue, 19 Feb 2019 21:12:38 GMT;Tue, 19 Feb 2019 17:24:47 GMT;2,166;2_39_131_30_2019-02-19 16:33:10.549315;2;2-39-131-30;CA-305;1366
Tue, 19 Feb 2019 16:35:47 GMT;Wed, 20 Feb 2019 00:27:52 GMT;Wed, 20 Feb 2019 00:27:47 GMT;17,479;2_39_78_360_2019-02-19 16:35:47.232542;2;2-39-78-360;CA-322;1470
Tue, 19 Feb 2019 16:37:48 GMT;Wed, 20 Feb 2019 02:05:55 GMT;Wed, 20 Feb 2019 02:05:51 GMT;46,308;2_39_79_382_2019-02-19 16:37:47.720000;2;2-39-79-382;CA-491;1086
Tue, 19 Feb 2019 16:44:05 GMT;Wed, 20 Feb 2019 01:43:00 GMT;Wed, 20 Feb 2019 01:42:49 GMT;24,535;2_39_78_361_2019-02-19 16:44:04.521673;2;2-39-78-361;CA-493;1257
Tue, 19 Feb 2019 16:46:55 GMT;Wed, 20 Feb 2019 00:11:02 GMT;Tue, 19 Feb 2019 22:21:12 GMT;7,904;2_39_79_378_2019-02-19 16:46:54.789695;2;2-39-79-378;CA-326;1137
Tue, 19 Feb 2019 16:55:22 GMT;Wed, 20 Feb 2019 00:37:16 GMT;Tue, 19 Feb 2019 19:34:30 GMT;8,014;2_39_79_377_2019-02-19 16:55:22.479708;2;2-39-79-377;CA-325;1120
Tue, 19 Feb 2019 16:59:56 GMT;Wed, 20 Feb 2019 02:05:35 GMT;Tue, 19 Feb 2019 19:04:03 GMT;13,61;2_39_124_22_2019-02-19 16:59:56.041312;2;2-39-124-22;CA-312;945
Tue, 19 Feb 2019 17:02:43 GMT;Wed, 20 Feb 2019 01:45:58 GMT;Tue, 19 Feb 2019 18:47:47 GMT;4,924;2_39_89_25_2019-02-19 17:02:42.780853;2;2-39-89-25;CA-315;743
Tue, 19 Feb 2019 17:09:11 GMT;Wed, 20 Feb 2019 02:19:01 GMT;Wed, 20 Feb 2019 02:18:57 GMT;24,916;2_39_78_363_2019-02-19 17:09:10.924751;2;2-39-78-363;CA-320;579
Tue, 19 Feb 2019 17:12:52 GMT;Tue, 19 Feb 2019 23:31:05 GMT;Tue, 19 Feb 2019 22:16:03 GMT;4,971;2_39_124_558_2019-02-19 17:12:51.982376;2;2-39-124-558;CA-504;1534
Tue, 19 Feb 2019 17:19:59 GMT;Wed, 20 Feb 2019 01:00:51 GMT;Tue, 19 Feb 2019 22:05:13 GMT;30,689;2_39_83_386_2019-02-19 17:19:59.357883;2;2-39-83-386;CA-212;1154
Tue, 19 Feb 2019 17:26:20 GMT;Wed, 20 Feb 2019 03:23:05 GMT;Tue, 19 Feb 2019 21:02:10 GMT;12,587;2_39_129_17_2019-02-19 17:26:20.164957;2;2-39-129-17;CA-307;712
Tue, 19 Feb 2019 17:37:59 GMT;Wed, 20 Feb 2019 00:39:58 GMT;Tue, 19 Feb 2019 22:02:52 GMT;0,919;2_39_131_565_2019-02-19 17:37:59.322065;2;2-39-131-565;CA-511;
Tue, 19 Feb 2019 17:43:51 GMT;Tue, 19 Feb 2019 22:30:09 GMT;Tue, 19 Feb 2019 19:59:32 GMT;7,625;2_39_91_437_2019-02-19 17:43:51.508981;2;2-39-91-437;CA-317;515
Tue, 19 Feb 2019 17:57:14 GMT;Wed, 20 Feb 2019 02:57:35 GMT;Wed, 20 Feb 2019 02:02:29 GMT;16,127;2_39_78_367_2019-02-19 17:57:13.815885;2;2-39-78-367;CA-494;714
Tue, 19 Feb 2019 18:13:44 GMT;Tue, 19 Feb 2019 20:42:41 GMT;Tue, 19 Feb 2019 20:23:04 GMT;3,201;2_39_79_376_2019-02-19 18:13:43.937441;2;2-39-79-376;CA-324;1001
Tue, 19 Feb 2019 18:27:28 GMT;Wed, 20 Feb 2019 03:08:00 GMT;Wed, 20 Feb 2019 02:47:31 GMT;15,164;2_39_78_364_2019-02-19 18:27:28.240955;2;2-39-78-364;CA-495;558
Tue, 19 Feb 2019 18:30:10 GMT;Wed, 20 Feb 2019 01:00:48 GMT;Tue, 19 Feb 2019 21:46:37 GMT;13,572;2_39_95_27_2019-02-19 18:30:09.758655;2;2-39-95-27;CA-319;559
Tue, 19 Feb 2019 18:47:20 GMT;Wed, 20 Feb 2019 04:15:45 GMT;Tue, 19 Feb 2019 19:36:00 GMT;2,077;2_39_123_23_2019-02-19 18:47:20.120111;2;2-39-123-23;CA-313;891
Tue, 19 Feb 2019 19:20:11 GMT;Wed, 20 Feb 2019 00:16:59 GMT;Wed, 20 Feb 2019 00:16:55 GMT;8,373;2_39_78_365_2019-02-19 19:20:11.392543;2;2-39-78-365;CA-321;1091
Tue, 19 Feb 2019 21:45:26 GMT;Wed, 20 Feb 2019 00:22:36 GMT;Tue, 19 Feb 2019 23:46:20 GMT;4,677;2_39_88_24_2019-02-19 21:45:26.241355;2;2-39-88-24;CA-314;1001
Wed, 20 Feb 2019 01:41:17 GMT;Wed, 20 Feb 2019 03:01:44 GMT;Wed, 20 Feb 2019 02:04:11 GMT;0,969;2_39_91_437_2019-02-20 01:41:16.620087;2;2-39-91-437;CA-317;1746
Wed, 20 Feb 2019 02:25:18 GMT;Wed, 20 Feb 2019 03:53:26 GMT;Wed, 20 Feb 2019 03:53:18 GMT;4,901;2_39_138_29_2019-02-20 02:25:17.686394;2;2-39-138-29;CA-304;1712
Wed, 20 Feb 2019 03:52:20 GMT;Wed, 20 Feb 2019 08:31:40 GMT;Wed, 20 Feb 2019 08:31:35 GMT;16,279;2_39_89_25_2019-02-20 03:52:19.890680;2;2-39-89-25;CA-315;1135
Wed, 20 Feb 2019 04:02:57 GMT;Wed, 20 Feb 2019 05:12:58 GMT;Wed, 20 Feb 2019 05:12:54 GMT;6,591;2_39_138_29_2019-02-20 04:02:57.446261;2;2-39-138-29;CA-304;1309
Wed, 20 Feb 2019 04:05:23 GMT;Wed, 20 Feb 2019 05:45:25 GMT;Wed, 20 Feb 2019 05:45:16 GMT;9,975;2_39_129_17_2019-02-20 04:05:23.064026;2;2-39-129-17;CA-307;637
Wed, 20 Feb 2019 04:27:06 GMT;Wed, 20 Feb 2019 05:44:16 GMT;Wed, 20 Feb 2019 05:44:12 GMT;7,873;2_39_131_30_2019-02-20 04:27:05.946066;2;2-39-131-30;CA-305;1263
Wed, 20 Feb 2019 05:19:45 GMT;Wed, 20 Feb 2019 05:38:20 GMT;Wed, 20 Feb 2019 05:38:12 GMT;0,515;2_39_127_19_2019-02-20 05:19:44.652077;2;2-39-127-19;CA-309;
Wed, 20 Feb 2019 15:15:16 GMT;Wed, 20 Feb 2019 20:14:40 GMT;Wed, 20 Feb 2019 20:10:45 GMT;24,994;2_39_78_366_2019-02-20 15:15:15.934899;2;2-39-78-366;CA-323;569
Wed, 20 Feb 2019 16:05:42 GMT;Thu, 21 Feb 2019 00:21:43 GMT;Wed, 20 Feb 2019 23:28:07 GMT;49,891;2_39_95_444_2019-02-20 16:05:42.184641;2;2-39-95-444;CA-497;234
Wed, 20 Feb 2019 16:18:48 GMT;Wed, 20 Feb 2019 20:36:12 GMT;Wed, 20 Feb 2019 20:36:07 GMT;25,24;2_39_79_382_2019-02-20 16:18:48.021494;2;2-39-79-382;CA-491;1208
Wed, 20 Feb 2019 16:27:37 GMT;Thu, 21 Feb 2019 01:30:35 GMT;Wed, 20 Feb 2019 18:48:14 GMT;7,561;2_39_138_29_2019-02-20 16:27:37.300599;2;2-39-138-29;CA-304;559
Wed, 20 Feb 2019 16:29:59 GMT;Wed, 20 Feb 2019 18:50:51 GMT;Wed, 20 Feb 2019 17:18:14 GMT;1,923;2_39_129_17_2019-02-20 16:29:58.562000;2;2-39-129-17;CA-307;891
Wed, 20 Feb 2019 16:36:12 GMT;Thu, 21 Feb 2019 01:42:46 GMT;Wed, 20 Feb 2019 18:56:33 GMT;13,66;2_39_90_26_2019-02-20 16:36:12.353423;2;2-39-90-26;CA-316;431
Wed, 20 Feb 2019 16:41:20 GMT;Wed, 20 Feb 2019 22:05:45 GMT;Wed, 20 Feb 2019 22:05:04 GMT;27,087;2_39_78_360_2019-02-20 16:41:19.856328;2;2-39-78-360;CA-322;1470
Wed, 20 Feb 2019 16:45:19 GMT;Thu, 21 Feb 2019 03:12:09 GMT;Thu, 21 Feb 2019 01:14:51 GMT;1,022;2_39_131_30_2019-02-20 16:45:19.448709;2;2-39-131-30;CA-305;
Wed, 20 Feb 2019 16:47:12 GMT;Wed, 20 Feb 2019 18:29:28 GMT;Wed, 20 Feb 2019 18:29:23 GMT;5,812;2_39_130_31_2019-02-20 16:47:11.842928;2;2-39-130-31;CA-306;1366
Wed, 20 Feb 2019 16:51:45 GMT;Thu, 21 Feb 2019 01:04:32 GMT;Wed, 20 Feb 2019 19:21:14 GMT;7,046;2_39_138_566_2019-02-20 16:51:45.152432;2;2-39-138-566;CA-512;620
Wed, 20 Feb 2019 17:00:27 GMT;Thu, 21 Feb 2019 02:11:07 GMT;Thu, 21 Feb 2019 02:10:11 GMT;10,633;2_39_88_24_2019-02-20 17:00:26.510765;2;2-39-88-24;CA-314;1364
Wed, 20 Feb 2019 17:00:31 GMT;Thu, 21 Feb 2019 02:06:42 GMT;Wed, 20 Feb 2019 18:10:59 GMT;6,621;2_39_79_379_2019-02-20 17:00:30.973291;2;2-39-79-379;CA-327;714
Wed, 20 Feb 2019 17:01:14 GMT;Thu, 21 Feb 2019 00:11:06 GMT;Thu, 21 Feb 2019 00:06:06 GMT;0,899;2_39_79_377_2019-02-20 17:01:14.427923;2;2-39-79-377;CA-325;
Wed, 20 Feb 2019 17:06:33 GMT;Thu, 21 Feb 2019 00:34:08 GMT;Wed, 20 Feb 2019 18:21:52 GMT;3,988;2_39_92_436_2019-02-20 17:06:32.516294;2;2-39-92-436;CA-318;858
Wed, 20 Feb 2019 17:08:56 GMT;Thu, 21 Feb 2019 01:10:28 GMT;Wed, 20 Feb 2019 18:42:27 GMT;4,671;2_39_89_25_2019-02-20 17:08:56.373389;2;2-39-89-25;CA-315;743
Wed, 20 Feb 2019 17:40:09 GMT;Thu, 21 Feb 2019 01:36:23 GMT;Wed, 20 Feb 2019 21:04:40 GMT;12,069;2_39_79_383_2019-02-20 17:40:08.889707;2;2-39-79-383;CA-492;1095
Wed, 20 Feb 2019 17:41:08 GMT;Thu, 21 Feb 2019 01:46:58 GMT;Thu, 21 Feb 2019 01:46:53 GMT;21,354;2_39_83_386_2019-02-20 17:41:08.505521;2;2-39-83-386;CA-212;1154
Wed, 20 Feb 2019 17:51:29 GMT;Thu, 21 Feb 2019 01:21:00 GMT;Wed, 20 Feb 2019 21:14:13 GMT;10,958;2_39_88_438_2019-02-20 17:51:29.223556;2;2-39-88-438;CA-502;1534
Wed, 20 Feb 2019 18:01:02 GMT;Wed, 20 Feb 2019 23:02:34 GMT;Wed, 20 Feb 2019 20:13:42 GMT;14,001;2_39_123_23_2019-02-20 18:01:01.837210;2;2-39-123-23;CA-313;630
Wed, 20 Feb 2019 18:05:58 GMT;Thu, 21 Feb 2019 02:59:25 GMT;Wed, 20 Feb 2019 19:25:11 GMT;4,334;2_39_95_27_2019-02-20 18:05:57.960485;2;2-39-95-27;CA-319;567
Wed, 20 Feb 2019 18:10:35 GMT;Wed, 20 Feb 2019 22:51:53 GMT;Wed, 20 Feb 2019 20:40:04 GMT;15,163;2_39_91_441_2019-02-20 18:10:35.089993;2;2-39-91-441;CA-499;850
Wed, 20 Feb 2019 18:15:27 GMT;Thu, 21 Feb 2019 03:14:17 GMT;Wed, 20 Feb 2019 21:09:02 GMT;11,78;2_39_79_380_2019-02-20 18:15:27.126653;2;2-39-79-380;CA-489;558
Wed, 20 Feb 2019 18:27:41 GMT;Thu, 21 Feb 2019 00:02:41 GMT;Wed, 20 Feb 2019 23:43:16 GMT;5,089;2_39_78_367_2019-02-20 18:27:40.698226;2;2-39-78-367;CA-494;1001
Wed, 20 Feb 2019 18:28:51 GMT;Wed, 20 Feb 2019 19:26:35 GMT;Wed, 20 Feb 2019 19:26:31 GMT;5,788;2_39_92_442_2019-02-20 18:28:50.789911;2;2-39-92-442;CA-498;668
Wed, 20 Feb 2019 18:41:01 GMT;Thu, 21 Feb 2019 00:06:28 GMT;Wed, 20 Feb 2019 20:55:47 GMT;14,277;2_39_130_31_2019-02-20 18:41:00.913587;2;2-39-130-31;CA-306;1912
Wed, 20 Feb 2019 18:59:32 GMT;Thu, 21 Feb 2019 08:53:16 GMT;Wed, 20 Feb 2019 20:02:39 GMT;2,154;2_39_78_364_2019-02-20 18:59:31.716139;2;2-39-78-364;CA-495;1082
Wed, 20 Feb 2019 19:26:44 GMT;Wed, 20 Feb 2019 22:11:06 GMT;Wed, 20 Feb 2019 22:09:35 GMT;7,874;2_39_78_363_2019-02-20 19:26:43.649400;2;2-39-78-363;CA-320;1137
Wed, 20 Feb 2019 19:29:47 GMT;Thu, 21 Feb 2019 00:56:51 GMT;Thu, 21 Feb 2019 00:56:47 GMT;9,626;2_39_79_381_2019-02-20 19:29:46.959514;2;2-39-79-381;CA-490;832
Wed, 20 Feb 2019 19:30:23 GMT;Thu, 21 Feb 2019 02:03:16 GMT;Wed, 20 Feb 2019 20:19:34 GMT;2,126;2_39_91_437_2019-02-20 19:30:22.905265;2;2-39-91-437;CA-317;891
Wed, 20 Feb 2019 19:42:33 GMT;Thu, 21 Feb 2019 00:13:49 GMT;Wed, 20 Feb 2019 21:21:07 GMT;10,944;2_39_124_22_2019-02-20 19:42:33.186116;2;2-39-124-22;CA-312;1087
Wed, 20 Feb 2019 20:31:34 GMT;Thu, 21 Feb 2019 01:56:00 GMT;Thu, 21 Feb 2019 00:12:45 GMT;6,146;2_39_78_365_2019-02-20 20:31:34.474116;2;2-39-78-365;CA-321;1083
Wed, 20 Feb 2019 20:48:56 GMT;Thu, 21 Feb 2019 02:00:32 GMT;Thu, 21 Feb 2019 01:39:47 GMT;0,677;2_39_78_366_2019-02-20 20:48:55.822330;2;2-39-78-366;CA-323;
Wed, 20 Feb 2019 20:55:09 GMT;Wed, 20 Feb 2019 22:12:08 GMT;Wed, 20 Feb 2019 21:29:50 GMT;0,87;2_39_79_376_2019-02-20 20:55:09.362130;2;2-39-79-376;CA-324;
Wed, 20 Feb 2019 21:03:16 GMT;Thu, 21 Feb 2019 02:38:16 GMT;Thu, 21 Feb 2019 02:39:13 GMT;6,787;2_39_78_362_2019-02-20 21:03:16.144681;2;2-39-78-362;CA-496;1124
Wed, 20 Feb 2019 21:14:23 GMT;Thu, 21 Feb 2019 00:39:42 GMT;Wed, 20 Feb 2019 22:52:10 GMT;6,035;2_39_125_21_2019-02-20 21:14:23.382732;2;2-39-125-21;CA-311;1126
Wed, 20 Feb 2019 22:01:18 GMT;Wed, 20 Feb 2019 23:38:31 GMT;Wed, 20 Feb 2019 23:38:26 GMT;5,219;2_39_126_20_2019-02-20 22:01:18.433328;2;2-39-126-20;CA-310;1236
Wed, 20 Feb 2019 22:18:43 GMT;Wed, 20 Feb 2019 23:00:26 GMT;Wed, 20 Feb 2019 23:00:21 GMT;3,996;2_39_79_382_2019-02-20 22:18:42.827230;2;2-39-79-382;CA-491;637
Wed, 20 Feb 2019 22:19:33 GMT;Thu, 21 Feb 2019 04:34:34 GMT;Thu, 21 Feb 2019 01:13:47 GMT;15,9;2_39_79_376_2019-02-20 22:19:33.023130;2;2-39-79-376;CA-324;1915
Wed, 20 Feb 2019 22:27:38 GMT;Thu, 21 Feb 2019 01:04:16 GMT;Thu, 21 Feb 2019 01:03:43 GMT;1,01;2_39_78_363_2019-02-20 22:27:37.586537;2;2-39-78-363;CA-320;
Wed, 20 Feb 2019 22:53:03 GMT;Thu, 21 Feb 2019 04:20:59 GMT;Thu, 21 Feb 2019 00:12:19 GMT;4,428;2_39_89_439_2019-02-20 22:53:02.702513;2;2-39-89-439;CA-501;1091
Wed, 20 Feb 2019 23:25:01 GMT;Thu, 21 Feb 2019 01:52:04 GMT;Thu, 21 Feb 2019 00:18:32 GMT;2,329;2_39_123_23_2019-02-20 23:25:01.470958;2;2-39-123-23;CA-313;1366
Wed, 20 Feb 2019 23:35:15 GMT;Thu, 21 Feb 2019 02:44:36 GMT;Thu, 21 Feb 2019 02:43:04 GMT;19,678;2_39_90_440_2019-02-20 23:35:15.423400;2;2-39-90-440;CA-500;629
Thu, 21 Feb 2019 00:48:24 GMT;Thu, 21 Feb 2019 01:57:00 GMT;Thu, 21 Feb 2019 01:56:55 GMT;3,918;2_39_130_31_2019-02-21 00:48:23.905336;2;2-39-130-31;CA-306;774
Thu, 21 Feb 2019 01:11:25 GMT;Thu, 21 Feb 2019 01:53:32 GMT;Thu, 21 Feb 2019 01:42:25 GMT;0,876;2_39_125_21_2019-02-21 01:11:25.472983;2;2-39-125-21;CA-311;
Thu, 21 Feb 2019 01:28:59 GMT;Thu, 21 Feb 2019 14:18:19 GMT;Thu, 21 Feb 2019 05:53:26 GMT;15,284;2_39_127_19_2019-02-21 01:28:59.134043;2;2-39-127-19;CA-309;838
Thu, 21 Feb 2019 01:46:04 GMT;Thu, 21 Feb 2019 04:01:57 GMT;Thu, 21 Feb 2019 04:01:29 GMT;15,189;2_39_126_20_2019-02-21 01:46:03.702502;2;2-39-126-20;CA-310;1274
Thu, 21 Feb 2019 01:56:37 GMT;Thu, 21 Feb 2019 03:01:22 GMT;Thu, 21 Feb 2019 02:26:53 GMT;0,829;2_39_125_21_2019-02-21 01:56:37.077909;2;2-39-125-21;CA-311;
Thu, 21 Feb 2019 02:04:20 GMT;Thu, 21 Feb 2019 02:36:55 GMT;Thu, 21 Feb 2019 02:34:33 GMT;0,888;2_39_124_22_2019-02-21 02:04:20.343184;2;2-39-124-22;CA-312;
Thu, 21 Feb 2019 02:22:24 GMT;Thu, 21 Feb 2019 15:25:45 GMT;Thu, 21 Feb 2019 08:11:25 GMT;37,641;2_39_138_29_2019-02-21 02:22:24.305081;2;2-39-138-29;CA-304;489
Thu, 21 Feb 2019 02:26:30 GMT;Thu, 21 Feb 2019 05:48:14 GMT;Thu, 21 Feb 2019 05:14:27 GMT;12,929;2_39_78_365_2019-02-21 02:26:29.550154;2;2-39-78-365;CA-321;754
Thu, 21 Feb 2019 02:33:27 GMT;Thu, 21 Feb 2019 04:39:33 GMT;Thu, 21 Feb 2019 03:53:42 GMT;3,396;2_39_130_31_2019-02-21 02:33:26.719013;2;2-39-130-31;CA-306;1564
Thu, 21 Feb 2019 02:47:21 GMT;Thu, 21 Feb 2019 04:42:53 GMT;Thu, 21 Feb 2019 03:17:49 GMT;0,843;2_39_129_17_2019-02-21 02:47:21.298118;2;2-39-129-17;CA-307;
Thu, 21 Feb 2019 02:54:08 GMT;Thu, 21 Feb 2019 03:39:29 GMT;Thu, 21 Feb 2019 03:39:21 GMT;4,701;2_39_91_437_2019-02-21 02:54:08.036902;2;2-39-91-437;CA-317;637
Thu, 21 Feb 2019 03:00:09 GMT;Thu, 21 Feb 2019 04:17:59 GMT;Thu, 21 Feb 2019 04:17:27 GMT;8,476;2_39_88_24_2019-02-21 03:00:09.115569;2;2-39-88-24;CA-314;1215
Thu, 21 Feb 2019 04:59:15 GMT;Thu, 21 Feb 2019 05:25:27 GMT;Thu, 21 Feb 2019 05:25:23 GMT;0,754;2_39_130_31_2019-02-21 04:59:15.213704;2;2-39-130-31;CA-306;
Thu, 21 Feb 2019 15:42:21 GMT;Thu, 21 Feb 2019 18:35:30 GMT;Thu, 21 Feb 2019 18:22:49 GMT;9,074;2_39_78_366_2019-02-21 15:42:21.068155;2;2-39-78-366;CA-323;569
Thu, 21 Feb 2019 16:00:40 GMT;Fri, 22 Feb 2019 01:07:26 GMT;Thu, 21 Feb 2019 19:41:01 GMT;4,574;2_39_88_24_2019-02-21 16:00:40.245182;2;2-39-88-24;CA-314;858
Thu, 21 Feb 2019 16:01:47 GMT;Thu, 21 Feb 2019 22:09:55 GMT;Thu, 21 Feb 2019 18:52:20 GMT;19,201;2_39_131_30_2019-02-21 16:01:46.693622;2;2-39-131-30;CA-305;734
Thu, 21 Feb 2019 16:16:30 GMT;Fri, 22 Feb 2019 00:40:58 GMT;Thu, 21 Feb 2019 17:08:26 GMT;3,058;2_39_79_380_2019-02-21 16:16:29.970767;2;2-39-79-380;CA-489;1126
Thu, 21 Feb 2019 16:16:38 GMT;Fri, 22 Feb 2019 01:06:56 GMT;Thu, 21 Feb 2019 22:46:31 GMT;4,727;2_39_78_367_2019-02-21 16:16:38.332470;2;2-39-78-367;CA-494;1001
Thu, 21 Feb 2019 16:26:54 GMT;Fri, 22 Feb 2019 01:31:54 GMT;Thu, 21 Feb 2019 18:38:19 GMT;6,975;2_39_138_29_2019-02-21 16:26:54.359382;2;2-39-138-29;CA-304;559
Thu, 21 Feb 2019 16:40:18 GMT;Thu, 21 Feb 2019 18:48:42 GMT;Thu, 21 Feb 2019 18:34:26 GMT;10,399;2_39_78_360_2019-02-21 16:40:18.244368;2;2-39-78-360;CA-322;1470
Thu, 21 Feb 2019 16:49:40 GMT;Fri, 22 Feb 2019 01:07:38 GMT;Fri, 22 Feb 2019 01:07:33 GMT;27,856;2_39_79_379_2019-02-21 16:49:39.654180;2;2-39-79-379;CA-327;579
Thu, 21 Feb 2019 16:53:49 GMT;Thu, 21 Feb 2019 23:44:07 GMT;Thu, 21 Feb 2019 18:37:01 GMT;10,802;2_39_129_17_2019-02-21 16:53:49.231137;2;2-39-129-17;CA-307;630
Thu, 21 Feb 2019 16:54:19 GMT;Thu, 21 Feb 2019 23:16:07 GMT;Thu, 21 Feb 2019 23:17:06 GMT;1,009;2_39_79_382_2019-02-21 16:54:19.264764;2;2-39-79-382;CA-491;
Thu, 21 Feb 2019 16:55:21 GMT;Fri, 22 Feb 2019 03:04:55 GMT;Thu, 21 Feb 2019 20:06:16 GMT;10,973;2_39_125_21_2019-02-21 16:55:21.273351;2;2-39-125-21;CA-311;712
Thu, 21 Feb 2019 16:55:22 GMT;Thu, 21 Feb 2019 19:38:46 GMT;Thu, 21 Feb 2019 19:21:17 GMT;16,459;2_39_127_19_2019-02-21 16:55:21.841856;2;2-39-127-19;CA-309;667
Thu, 21 Feb 2019 17:03:54 GMT;Thu, 21 Feb 2019 17:56:51 GMT;Thu, 21 Feb 2019 17:56:46 GMT;3,114;2_39_95_27_2019-02-21 17:03:54.173867;2;2-39-95-27;CA-319;1108
Thu, 21 Feb 2019 17:03:55 GMT;Fri, 22 Feb 2019 04:30:20 GMT;Fri, 22 Feb 2019 00:15:12 GMT;15,643;2_39_79_377_2019-02-21 17:03:54.949687;2;2-39-79-377;CA-325;676
Thu, 21 Feb 2019 17:04:28 GMT;Fri, 22 Feb 2019 00:26:52 GMT;Thu, 21 Feb 2019 18:27:32 GMT;4,042;2_39_89_25_2019-02-21 17:04:27.665247;2;2-39-89-25;CA-315;743
Thu, 21 Feb 2019 17:10:37 GMT;Fri, 22 Feb 2019 02:46:01 GMT;Thu, 21 Feb 2019 18:24:42 GMT;4,067;2_39_91_437_2019-02-21 17:10:37.066492;2;2-39-91-437;CA-317;567
Thu, 21 Feb 2019 17:16:45 GMT;Thu, 21 Feb 2019 19:52:28 GMT;Thu, 21 Feb 2019 19:11:32 GMT;4,12;2_39_124_22_2019-02-21 17:16:44.867099;2;2-39-124-22;CA-312;620
Thu, 21 Feb 2019 17:52:42 GMT;Fri, 22 Feb 2019 02:33:34 GMT;Fri, 22 Feb 2019 02:33:26 GMT;14,382;2_39_79_381_2019-02-21 17:52:41.684908;2;2-39-79-381;CA-490;714
Thu, 21 Feb 2019 18:00:51 GMT;Fri, 22 Feb 2019 04:36:39 GMT;Thu, 21 Feb 2019 19:01:36 GMT;1,952;2_39_90_26_2019-02-21 18:00:51.320716;2;2-39-90-26;CA-316;324
Thu, 21 Feb 2019 18:19:51 GMT;Fri, 22 Feb 2019 03:23:38 GMT;Thu, 21 Feb 2019 20:24:05 GMT;12,663;2_39_95_27_2019-02-21 18:19:51.076322;2;2-39-95-27;CA-319;1095
Thu, 21 Feb 2019 18:20:18 GMT;Fri, 22 Feb 2019 03:11:43 GMT;Fri, 22 Feb 2019 00:13:07 GMT;11,799;2_39_78_361_2019-02-21 18:20:18.401722;2;2-39-78-361;CA-493;558
Thu, 21 Feb 2019 18:22:30 GMT;Fri, 22 Feb 2019 00:41:00 GMT;Thu, 21 Feb 2019 21:10:06 GMT;10,188;2_39_79_378_2019-02-21 18:22:30.381835;2;2-39-79-378;CA-326;668
Thu, 21 Feb 2019 18:25:07 GMT;Fri, 22 Feb 2019 03:26:42 GMT;Thu, 21 Feb 2019 20:26:01 GMT;6,603;2_39_126_560_2019-02-21 18:25:07.287957;2;2-39-126-560;CA-506;1534
Thu, 21 Feb 2019 18:59:10 GMT;Fri, 22 Feb 2019 00:23:28 GMT;Fri, 22 Feb 2019 00:23:24 GMT;9,497;2_39_79_376_2019-02-21 18:59:09.878482;2;2-39-79-376;CA-324;1137
Thu, 21 Feb 2019 19:23:18 GMT;Fri, 22 Feb 2019 07:36:08 GMT;Thu, 21 Feb 2019 20:32:22 GMT;2,295;2_39_89_439_2019-02-21 19:23:18.369428;2;2-39-89-439;CA-501;1082
Thu, 21 Feb 2019 19:26:56 GMT;Thu, 21 Feb 2019 22:09:57 GMT;Thu, 21 Feb 2019 21:47:05 GMT;10,511;2_39_123_23_2019-02-21 19:26:56.339499;2;2-39-123-23;CA-313;1408
Thu, 21 Feb 2019 19:50:31 GMT;Fri, 22 Feb 2019 00:24:36 GMT;Fri, 22 Feb 2019 00:24:27 GMT;23,651;2_39_79_383_2019-02-21 19:50:30.679643;2;2-39-79-383;CA-492;1243
Thu, 21 Feb 2019 20:05:10 GMT;Fri, 22 Feb 2019 01:30:36 GMT;Thu, 21 Feb 2019 21:39:20 GMT;10,752;2_39_83_386_2019-02-21 20:05:09.730169;2;2-39-83-386;CA-212;1154
Thu, 21 Feb 2019 20:32:00 GMT;Fri, 22 Feb 2019 02:10:10 GMT;Thu, 21 Feb 2019 23:06:03 GMT;6,979;2_39_78_365_2019-02-21 20:32:00.308141;2;2-39-78-365;CA-321;1124
Thu, 21 Feb 2019 20:42:15 GMT;Thu, 21 Feb 2019 23:48:41 GMT;Thu, 21 Feb 2019 23:49:37 GMT;7,276;2_39_78_362_2019-02-21 20:42:15.462400;2;2-39-78-362;CA-496;777
Thu, 21 Feb 2019 21:27:18 GMT;Fri, 22 Feb 2019 00:16:26 GMT;Thu, 21 Feb 2019 23:41:05 GMT;0,858;2_39_78_364_2019-02-21 21:27:17.812896;2;2-39-78-364;CA-495;
Thu, 21 Feb 2019 21:48:18 GMT;Fri, 22 Feb 2019 01:06:51 GMT;Thu, 21 Feb 2019 23:40:40 GMT;5,811;2_39_83_387_2019-02-21 21:48:18.482278;2;2-39-83-387;CA-149;752
Thu, 21 Feb 2019 22:04:53 GMT;Fri, 22 Feb 2019 00:11:40 GMT;Thu, 21 Feb 2019 23:36:55 GMT;10,401;2_39_92_436_2019-02-21 22:04:52.999249;2;2-39-92-436;CA-318;1470
Thu, 21 Feb 2019 22:14:03 GMT;Thu, 21 Feb 2019 23:12:38 GMT;Thu, 21 Feb 2019 23:12:33 GMT;3,145;2_39_131_30_2019-02-21 22:14:02.780221;2;2-39-131-30;CA-305;1712
Thu, 21 Feb 2019 23:13:50 GMT;Fri, 22 Feb 2019 03:34:58 GMT;Fri, 22 Feb 2019 01:30:06 GMT;7,892;2_39_90_440_2019-02-21 23:13:50.226872;2;2-39-90-440;CA-500;1091
Thu, 21 Feb 2019 23:16:22 GMT;Fri, 22 Feb 2019 01:29:38 GMT;Fri, 22 Feb 2019 01:29:34 GMT;10,623;2_39_79_382_2019-02-21 23:16:22.145616;2;2-39-79-382;CA-491;1257
Fri, 22 Feb 2019 00:44:43 GMT;Fri, 22 Feb 2019 02:33:37 GMT;Fri, 22 Feb 2019 01:15:42 GMT;0,969;2_39_131_30_2019-02-22 00:44:42.530753;2;2-39-131-30;CA-305;
Fri, 22 Feb 2019 03:49:04 GMT;Fri, 22 Feb 2019 14:47:02 GMT;Fri, 22 Feb 2019 08:14:08 GMT;15,487;2_39_131_30_2019-02-22 03:49:04.329359;2;2-39-131-30;CA-305;838
Fri, 22 Feb 2019 04:55:51 GMT;Fri, 22 Feb 2019 06:31:41 GMT;Fri, 22 Feb 2019 06:31:32 GMT;10,655;2_39_127_19_2019-02-22 04:55:51.284127;2;2-39-127-19;CA-309;637
Fri, 22 Feb 2019 14:36:44 GMT;Fri, 22 Feb 2019 15:49:38 GMT;Fri, 22 Feb 2019 15:49:34 GMT;4,193;2_39_89_25_2019-02-22 14:36:44.433612;2;2-39-89-25;CA-315;743
Fri, 22 Feb 2019 15:07:11 GMT;Sat, 23 Feb 2019 00:11:08 GMT;Fri, 22 Feb 2019 17:31:28 GMT;16,453;2_39_95_444_2019-02-22 15:07:11.317108;2;2-39-95-444;CA-497;234
Fri, 22 Feb 2019 15:14:01 GMT;Fri, 22 Feb 2019 19:06:41 GMT;Fri, 22 Feb 2019 18:58:36 GMT;20,92;2_39_78_366_2019-02-22 15:14:01.232765;2;2-39-78-366;CA-323;569
Fri, 22 Feb 2019 16:13:36 GMT;Sat, 23 Feb 2019 01:32:15 GMT;Fri, 22 Feb 2019 22:25:09 GMT;39,62;2_39_92_442_2019-02-22 16:13:35.969373;2;2-39-92-442;CA-498;818
Fri, 22 Feb 2019 16:20:09 GMT;Sat, 23 Feb 2019 01:55:53 GMT;Fri, 22 Feb 2019 17:28:52 GMT;7,62;2_39_83_386_2019-02-22 16:20:08.934361;2;2-39-83-386;CA-212;1154
Fri, 22 Feb 2019 16:23:35 GMT;Sat, 23 Feb 2019 01:08:59 GMT;Fri, 22 Feb 2019 18:02:45 GMT;5,19;2_39_123_23_2019-02-22 16:23:34.628589;2;2-39-123-23;CA-313;858
Fri, 22 Feb 2019 16:28:38 GMT;Sat, 23 Feb 2019 01:42:16 GMT;Fri, 22 Feb 2019 22:08:37 GMT;37,958;2_39_91_441_2019-02-22 16:28:38.149192;2;2-39-91-441;CA-499;1243
Fri, 22 Feb 2019 16:32:19 GMT;Fri, 22 Feb 2019 21:57:57 GMT;Fri, 22 Feb 2019 18:01:10 GMT;5,511;2_39_79_380_2019-02-22 16:32:18.617293;2;2-39-79-380;CA-489;1126
Fri, 22 Feb 2019 16:37:33 GMT;Sat, 23 Feb 2019 02:05:45 GMT;Fri, 22 Feb 2019 18:03:43 GMT;9,458;2_39_130_31_2019-02-22 16:37:33.331068;2;2-39-130-31;CA-306;667
Fri, 22 Feb 2019 16:58:10 GMT;Fri, 22 Feb 2019 22:27:14 GMT;Fri, 22 Feb 2019 22:27:05 GMT;36,45;2_39_123_557_2019-02-22 16:58:10.137354;2;2-39-123-557;CA-503;273
Fri, 22 Feb 2019 16:59:19 GMT;Sat, 23 Feb 2019 03:59:25 GMT;Fri, 22 Feb 2019 21:52:32 GMT;15,491;2_39_79_379_2019-02-22 16:59:19.393137;2;2-39-79-379;CA-327;676
Fri, 22 Feb 2019 17:05:36 GMT;Sat, 23 Feb 2019 03:37:34 GMT;Fri, 22 Feb 2019 22:50:07 GMT;37,995;2_39_95_27_2019-02-22 17:05:36.465770;2;2-39-95-27;CA-319;579
Fri, 22 Feb 2019 17:08:15 GMT;Sat, 23 Feb 2019 02:43:44 GMT;Fri, 22 Feb 2019 18:34:37 GMT;4,762;2_39_89_25_2019-02-22 17:08:15.337975;2;2-39-89-25;CA-315;567
Fri, 22 Feb 2019 17:22:46 GMT;Sat, 23 Feb 2019 01:55:08 GMT;Fri, 22 Feb 2019 19:39:34 GMT;7,919;2_39_79_381_2019-02-22 17:22:46.418288;2;2-39-79-381;CA-490;714
Fri, 22 Feb 2019 17:30:08 GMT;Sat, 23 Feb 2019 01:05:29 GMT;Fri, 22 Feb 2019 19:37:52 GMT;5,576;2_39_129_17_2019-02-22 17:30:08.304455;2;2-39-129-17;CA-307;620
Fri, 22 Feb 2019 17:41:41 GMT;Sat, 23 Feb 2019 01:15:43 GMT;Sat, 23 Feb 2019 01:11:11 GMT;0,952;2_39_89_439_2019-02-22 17:41:40.894861;2;2-39-89-439;CA-501;
Fri, 22 Feb 2019 18:03:27 GMT;Sat, 23 Feb 2019 00:48:52 GMT;Fri, 22 Feb 2019 20:51:34 GMT;13,007;2_39_79_378_2019-02-22 18:03:26.612547;2;2-39-79-378;CA-326;1470
Fri, 22 Feb 2019 18:05:01 GMT;Sat, 23 Feb 2019 00:44:36 GMT;Fri, 22 Feb 2019 19:55:48 GMT;5,974;2_39_124_558_2019-02-22 18:05:01.286225;2;2-39-124-558;CA-504;1534
Fri, 22 Feb 2019 18:07:24 GMT;Sat, 23 Feb 2019 03:13:39 GMT;Sat, 23 Feb 2019 01:46:47 GMT;11,889;2_39_78_363_2019-02-22 18:07:23.700280;2;2-39-78-363;CA-320;558
Fri, 22 Feb 2019 18:20:53 GMT;Sat, 23 Feb 2019 02:06:58 GMT;Fri, 22 Feb 2019 22:02:03 GMT;12,271;2_39_79_383_2019-02-22 18:20:52.989940;2;2-39-79-383;CA-492;1095
Fri, 22 Feb 2019 19:09:15 GMT;Sat, 23 Feb 2019 01:10:56 GMT;Sat, 23 Feb 2019 01:10:54 GMT;27,598;2_39_78_367_2019-02-22 19:09:14.971818;2;2-39-78-367;CA-494;832
Fri, 22 Feb 2019 19:50:38 GMT;Sat, 23 Feb 2019 02:59:55 GMT;Fri, 22 Feb 2019 22:32:43 GMT;7,41;2_39_79_377_2019-02-22 19:50:38.148011;2;2-39-79-377;CA-325;515
Fri, 22 Feb 2019 20:54:44 GMT;Fri, 22 Feb 2019 22:02:11 GMT;Fri, 22 Feb 2019 22:02:10 GMT;1,943;2_39_79_376_2019-02-22 20:54:44.043399;2;2-39-79-376;CA-324;1083
Fri, 22 Feb 2019 21:01:08 GMT;Sat, 23 Feb 2019 02:05:01 GMT;Sat, 23 Feb 2019 01:49:07 GMT;7,871;2_39_79_382_2019-02-22 21:01:07.668070;2;2-39-79-382;CA-491;1285
Fri, 22 Feb 2019 21:04:14 GMT;Fri, 22 Feb 2019 23:51:39 GMT;Fri, 22 Feb 2019 23:51:34 GMT;9,694;2_39_91_437_2019-02-22 21:04:13.817547;2;2-39-91-437;CA-317;1135
Fri, 22 Feb 2019 21:22:20 GMT;Sat, 23 Feb 2019 04:47:39 GMT;Sat, 23 Feb 2019 02:54:59 GMT;1,049;2_39_78_360_2019-02-22 21:22:20.078557;2;2-39-78-360;CA-322;
Fri, 22 Feb 2019 21:30:51 GMT;Sat, 23 Feb 2019 07:20:23 GMT;Fri, 22 Feb 2019 22:37:22 GMT;2,18;2_39_124_22_2019-02-22 21:30:51.085773;2;2-39-124-22;CA-312;1082
Fri, 22 Feb 2019 21:50:04 GMT;Sat, 23 Feb 2019 02:27:13 GMT;Fri, 22 Feb 2019 23:55:35 GMT;6,481;2_39_78_365_2019-02-22 21:50:03.832983;2;2-39-78-365;CA-321;1124
Fri, 22 Feb 2019 22:09:54 GMT;Sat, 23 Feb 2019 15:25:33 GMT;Sat, 23 Feb 2019 00:40:00 GMT;3,787;2_39_79_376_2019-02-22 22:09:53.703224;2;2-39-79-376;CA-324;
Fri, 22 Feb 2019 22:26:11 GMT;Sat, 23 Feb 2019 01:35:05 GMT;Fri, 22 Feb 2019 23:47:09 GMT;4,612;2_39_79_380_2019-02-22 22:26:11.435775;2;2-39-79-380;CA-489;1091
Fri, 22 Feb 2019 23:10:59 GMT;Sat, 23 Feb 2019 00:33:24 GMT;Sat, 23 Feb 2019 00:33:16 GMT;4,393;2_39_131_30_2019-02-22 23:10:59.071348;2;2-39-131-30;CA-305;1236
Fri, 22 Feb 2019 23:37:59 GMT;Sat, 23 Feb 2019 02:00:30 GMT;Sat, 23 Feb 2019 01:52:02 GMT;7,496;2_39_92_436_2019-02-22 23:37:58.572485;2;2-39-92-436;CA-318;248
Sat, 23 Feb 2019 01:06:53 GMT;Sat, 23 Feb 2019 02:38:46 GMT;Sat, 23 Feb 2019 02:28:08 GMT;4,012;2_39_125_21_2019-02-23 01:06:53.383224;2;2-39-125-21;CA-311;1746
Sat, 23 Feb 2019 01:24:24 GMT;Sat, 23 Feb 2019 02:50:58 GMT;Sat, 23 Feb 2019 02:50:54 GMT;5,065;2_39_79_378_2019-02-23 01:24:24.324975;2;2-39-79-378;CA-326;1108
Sat, 23 Feb 2019 02:05:43 GMT;Sat, 23 Feb 2019 05:18:29 GMT;Sat, 23 Feb 2019 05:18:21 GMT;11,143;2_39_129_17_2019-02-23 02:05:42.985253;2;2-39-129-17;CA-307;1021
Sat, 23 Feb 2019 02:15:52 GMT;Sat, 23 Feb 2019 18:19:46 GMT;Sat, 23 Feb 2019 14:27:12 GMT;11,659;2_39_131_30_2019-02-23 02:15:52.039428;2;2-39-131-30;CA-305;291
Sat, 23 Feb 2019 02:26:15 GMT;Sat, 23 Feb 2019 22:48:44 GMT;Sat, 23 Feb 2019 17:45:41 GMT;49,264;2_39_127_19_2019-02-23 02:26:14.836806;2;2-39-127-19;CA-309;489
Sat, 23 Feb 2019 05:06:39 GMT;Sat, 23 Feb 2019 06:05:30 GMT;Sat, 23 Feb 2019 06:05:19 GMT;6,012;2_39_89_25_2019-02-23 05:06:38.627783;2;2-39-89-25;CA-315;637
Sat, 23 Feb 2019 15:51:53 GMT;Sat, 23 Feb 2019 17:40:50 GMT;Sat, 23 Feb 2019 17:40:42 GMT;9,206;2_39_129_17_2019-02-23 15:51:52.995438;2;2-39-129-17;CA-307;675
Sat, 23 Feb 2019 16:10:16 GMT;Sat, 23 Feb 2019 19:36:34 GMT;Sat, 23 Feb 2019 16:41:16 GMT;0,921;2_39_124_22_2019-02-23 16:10:16.383303;2;2-39-124-22;CA-312;
Sat, 23 Feb 2019 16:13:13 GMT;Sat, 23 Feb 2019 18:09:35 GMT;Sat, 23 Feb 2019 16:54:50 GMT;1,762;2_39_89_25_2019-02-23 16:13:12.558376;2;2-39-89-25;CA-315;743
Sat, 23 Feb 2019 16:57:39 GMT;Sat, 23 Feb 2019 19:22:52 GMT;Sat, 23 Feb 2019 19:23:50 GMT;0,974;2_39_123_23_2019-02-23 16:57:38.844772;2;2-39-123-23;CA-313;
Sat, 23 Feb 2019 17:04:06 GMT;Sat, 23 Feb 2019 19:20:52 GMT;Sat, 23 Feb 2019 19:16:27 GMT;0,937;2_39_78_366_2019-02-23 17:04:06.465710;2;2-39-78-366;CA-323;
Sat, 23 Feb 2019 17:31:08 GMT;Sat, 23 Feb 2019 23:53:55 GMT;Sat, 23 Feb 2019 21:32:30 GMT;14,246;2_39_138_29_2019-02-23 17:31:08.038870;2;2-39-138-29;CA-304;838
Sat, 23 Feb 2019 17:33:48 GMT;Sat, 23 Feb 2019 21:12:49 GMT;Sat, 23 Feb 2019 21:12:45 GMT;12,959;2_39_130_31_2019-02-23 17:33:47.552294;2;2-39-130-31;CA-306;734
Sat, 23 Feb 2019 17:39:56 GMT;Sat, 23 Feb 2019 19:24:07 GMT;Sat, 23 Feb 2019 18:10:52 GMT;1,033;2_39_83_386_2019-02-23 17:39:56.439592;2;2-39-83-386;CA-212;
Sat, 23 Feb 2019 18:12:50 GMT;Sat, 23 Feb 2019 20:01:08 GMT;Sat, 23 Feb 2019 19:27:34 GMT;7,887;2_39_129_17_2019-02-23 18:12:49.827836;2;2-39-129-17;CA-307;1133
Sat, 23 Feb 2019 18:30:01 GMT;Sat, 23 Feb 2019 20:41:38 GMT;Sat, 23 Feb 2019 20:08:39 GMT;10,798;2_39_126_20_2019-02-23 18:30:00.955815;2;2-39-126-20;CA-310;1346
Sat, 23 Feb 2019 19:13:33 GMT;Sat, 23 Feb 2019 19:40:25 GMT;Sat, 23 Feb 2019 19:40:16 GMT;2,822;2_39_90_26_2019-02-23 19:13:33.426205;2;2-39-90-26;CA-316;1085
Sat, 23 Feb 2019 19:22:56 GMT;Sat, 23 Feb 2019 19:58:32 GMT;Sat, 23 Feb 2019 19:53:20 GMT;0,932;2_39_123_23_2019-02-23 19:22:55.646855;2;2-39-123-23;CA-313;
Sat, 23 Feb 2019 20:03:18 GMT;Sat, 23 Feb 2019 23:53:30 GMT;Sat, 23 Feb 2019 22:55:02 GMT;9,797;2_39_129_17_2019-02-23 20:03:18.019669;2;2-39-129-17;CA-307;1726
Sat, 23 Feb 2019 20:13:43 GMT;Sun, 24 Feb 2019 05:42:38 GMT;Sun, 24 Feb 2019 01:40:00 GMT;36,061;2_39_91_437_2019-02-23 20:13:43.381661;2;2-39-91-437;CA-317;292
Sat, 23 Feb 2019 20:47:47 GMT;Sat, 23 Feb 2019 21:34:01 GMT;Sat, 23 Feb 2019 21:33:53 GMT;5,181;2_39_79_380_2019-02-23 20:47:46.944960;2;2-39-79-380;CA-489;342
Sat, 23 Feb 2019 20:55:41 GMT;Sun, 24 Feb 2019 00:17:39 GMT;Sat, 23 Feb 2019 23:26:44 GMT;8,436;2_39_131_30_2019-02-23 20:55:41.090860;2;2-39-131-30;CA-305;1021
Sat, 23 Feb 2019 22:13:32 GMT;Sun, 24 Feb 2019 00:04:28 GMT;Sun, 24 Feb 2019 00:04:16 GMT;6,145;2_39_124_22_2019-02-23 22:13:32.271417;2;2-39-124-22;CA-312;1746
Sat, 23 Feb 2019 22:37:34 GMT;Sun, 24 Feb 2019 02:01:22 GMT;Sun, 24 Feb 2019 02:01:18 GMT;11,726;2_39_79_378_2019-02-23 22:37:34.221132;2;2-39-79-378;CA-326;1135
Sat, 23 Feb 2019 22:58:53 GMT;Sun, 24 Feb 2019 00:51:43 GMT;Sun, 24 Feb 2019 00:16:10 GMT;8,72;2_39_83_386_2019-02-23 22:58:52.558627;2;2-39-83-386;CA-212;1154
Sat, 23 Feb 2019 23:57:37 GMT;Sun, 24 Feb 2019 20:29:01 GMT;Sun, 24 Feb 2019 03:43:13 GMT;23,427;2_39_79_377_2019-02-23 23:57:37.299278;2;2-39-79-377;CA-325;1816
Sun, 24 Feb 2019 00:00:59 GMT;Sun, 24 Feb 2019 01:22:41 GMT;Sun, 24 Feb 2019 01:22:36 GMT;9,092;2_39_127_19_2019-02-24 00:00:58.516697;2;2-39-127-19;CA-309;637
Sun, 24 Feb 2019 02:32:39 GMT;Sun, 24 Feb 2019 07:11:43 GMT;Sun, 24 Feb 2019 03:47:19 GMT;2,205;2_39_79_383_2019-02-24 02:32:38.661771;2;2-39-79-383;CA-492;1082
Sun, 24 Feb 2019 08:14:26 GMT;Sun, 24 Feb 2019 21:56:20 GMT;Sun, 24 Feb 2019 20:53:48 GMT;8,68;2_39_79_382_2019-02-24 08:14:26.324138;2;2-39-79-382;CA-491;565
Sun, 24 Feb 2019 08:32:50 GMT;Sun, 24 Feb 2019 18:06:00 GMT;Sun, 24 Feb 2019 18:05:40 GMT;1,663;2_39_79_380_2019-02-24 08:32:50.102653;2;2-39-79-380;CA-489;342
Sun, 24 Feb 2019 17:44:00 GMT;Sun, 24 Feb 2019 20:36:48 GMT;Sun, 24 Feb 2019 19:37:41 GMT;6,011;2_39_83_387_2019-02-24 17:43:59.774357;2;2-39-83-387;CA-149;752
Sun, 24 Feb 2019 18:07:07 GMT;Sun, 24 Feb 2019 23:56:04 GMT;Sun, 24 Feb 2019 23:55:56 GMT;38,719;2_39_79_380_2019-02-24 18:07:07.481525;2;2-39-79-380;CA-489;342
Sun, 24 Feb 2019 18:32:59 GMT;Sun, 24 Feb 2019 20:32:19 GMT;Sun, 24 Feb 2019 20:32:14 GMT;13,586;2_39_79_379_2019-02-24 18:32:58.711416;2;2-39-79-379;CA-327;248
Sun, 24 Feb 2019 18:50:10 GMT;Sun, 24 Feb 2019 20:28:21 GMT;Sun, 24 Feb 2019 20:28:17 GMT;8,155;2_39_131_30_2019-02-24 18:50:10.048843;2;2-39-131-30;CA-305;420
Sun, 24 Feb 2019 19:03:24 GMT;Sun, 24 Feb 2019 19:46:53 GMT;Sun, 24 Feb 2019 19:46:49 GMT;4,64;2_39_128_18_2019-02-24 19:03:24.581234;2;2-39-128-18;CA-308;372
Sun, 24 Feb 2019 20:07:30 GMT;Sun, 24 Feb 2019 20:23:31 GMT;Sun, 24 Feb 2019 20:23:26 GMT;1,603;2_39_78_361_2019-02-24 20:07:29.945059;2;2-39-78-361;CA-493;1142
Sun, 24 Feb 2019 20:40:59 GMT;Mon, 25 Feb 2019 00:38:38 GMT;Sun, 24 Feb 2019 23:58:21 GMT;0,978;2_39_78_361_2019-02-24 20:40:59.144608;2;2-39-78-361;CA-493;
Sun, 24 Feb 2019 20:54:38 GMT;Mon, 25 Feb 2019 00:18:57 GMT;Sun, 24 Feb 2019 22:18:41 GMT;8,172;2_39_131_30_2019-02-24 20:54:37.883405;2;2-39-131-30;CA-305;710
Sun, 24 Feb 2019 21:02:36 GMT;Mon, 25 Feb 2019 03:07:14 GMT;Sun, 24 Feb 2019 22:57:15 GMT;6,073;2_39_79_379_2019-02-24 21:02:35.540564;2;2-39-79-379;CA-327;1083
Sun, 24 Feb 2019 21:46:24 GMT;Mon, 25 Feb 2019 02:18:25 GMT;Sun, 24 Feb 2019 23:25:56 GMT;9,905;2_39_79_377_2019-02-24 21:46:23.680451;2;2-39-79-377;CA-325;248
Sun, 24 Feb 2019 21:57:57 GMT;Sun, 24 Feb 2019 22:30:43 GMT;Sun, 24 Feb 2019 22:29:44 GMT;0,803;2_39_130_31_2019-02-24 21:57:57.101679;2;2-39-130-31;CA-306;
Sun, 24 Feb 2019 22:11:43 GMT;Mon, 25 Feb 2019 03:34:23 GMT;Mon, 25 Feb 2019 01:42:32 GMT;11,351;2_39_83_386_2019-02-24 22:11:43.007053;2;2-39-83-386;CA-212;777
Sun, 24 Feb 2019 22:50:10 GMT;Sun, 24 Feb 2019 23:18:01 GMT;Sun, 24 Feb 2019 23:17:57 GMT;0,676;2_39_139_28_2019-02-24 22:50:10.504183;2;2-39-139-28;CA-303;
Mon, 25 Feb 2019 00:09:03 GMT;Mon, 25 Feb 2019 22:47:01 GMT;Mon, 25 Feb 2019 04:30:30 GMT;14,887;2_39_79_378_2019-02-25 00:09:02.701991;2;2-39-79-378;CA-326;1135
Mon, 25 Feb 2019 00:40:44 GMT;Mon, 25 Feb 2019 01:37:49 GMT;Mon, 25 Feb 2019 01:37:44 GMT;5,421;2_39_79_380_2019-02-25 00:40:43.829111;2;2-39-79-380;CA-489;1142
Mon, 25 Feb 2019 01:45:58 GMT;Mon, 25 Feb 2019 05:50:07 GMT;Mon, 25 Feb 2019 03:55:17 GMT;13,333;2_39_95_27_2019-02-25 01:45:58.504862;2;2-39-95-27;CA-319;754
Mon, 25 Feb 2019 01:56:51 GMT;Mon, 25 Feb 2019 16:31:52 GMT;Mon, 25 Feb 2019 11:17:20 GMT;56,379;2_39_79_381_2019-02-25 01:56:51.194112;2;2-39-79-381;CA-490;1286
Mon, 25 Feb 2019 03:53:05 GMT;Mon, 25 Feb 2019 06:24:40 GMT;Mon, 25 Feb 2019 06:21:06 GMT;15,192;2_39_130_31_2019-02-25 03:53:04.623151;2;2-39-130-31;CA-306;1099
Mon, 25 Feb 2019 14:14:58 GMT;Mon, 25 Feb 2019 15:30:06 GMT;Mon, 25 Feb 2019 15:30:01 GMT;4,192;2_39_89_25_2019-02-25 14:14:57.913117;2;2-39-89-25;CA-315;743
Mon, 25 Feb 2019 15:14:05 GMT;Mon, 25 Feb 2019 19:22:18 GMT;Mon, 25 Feb 2019 19:22:14 GMT;22,554;2_39_78_366_2019-02-25 15:14:04.974915;2;2-39-78-366;CA-323;569
Mon, 25 Feb 2019 15:23:03 GMT;Tue, 26 Feb 2019 01:42:19 GMT;Tue, 26 Feb 2019 01:22:33 GMT;16,281;2_39_78_361_2019-02-25 15:23:02.707937;2;2-39-78-361;CA-493;1524
Mon, 25 Feb 2019 15:42:52 GMT;Tue, 26 Feb 2019 03:19:47 GMT;Mon, 25 Feb 2019 21:22:13 GMT;38,289;2_39_130_31_2019-02-25 15:42:52.095220;2;2-39-130-31;CA-306;734
Mon, 25 Feb 2019 15:55:55 GMT;Tue, 26 Feb 2019 00:06:20 GMT;Mon, 25 Feb 2019 17:04:04 GMT;3,421;2_39_123_23_2019-02-25 15:55:54.669331;2;2-39-123-23;CA-313;858
Mon, 25 Feb 2019 16:24:16 GMT;Mon, 25 Feb 2019 21:44:08 GMT;Mon, 25 Feb 2019 18:44:57 GMT;15,892;2_39_83_386_2019-02-25 16:24:16.540251;2;2-39-83-386;CA-212;1154
Mon, 25 Feb 2019 16:44:08 GMT;Mon, 25 Feb 2019 20:15:11 GMT;Mon, 25 Feb 2019 18:18:50 GMT;4,866;2_39_139_28_2019-02-25 16:44:08.527401;2;2-39-139-28;CA-303;562
Mon, 25 Feb 2019 16:48:43 GMT;Tue, 26 Feb 2019 00:05:40 GMT;Mon, 25 Feb 2019 23:47:35 GMT;30,784;2_39_78_360_2019-02-25 16:48:43.428537;2;2-39-78-360;CA-322;1470
Mon, 25 Feb 2019 16:56:25 GMT;Tue, 26 Feb 2019 00:07:19 GMT;Mon, 25 Feb 2019 21:53:05 GMT;8,863;2_39_78_367_2019-02-25 16:56:25.114615;2;2-39-78-367;CA-494;1001
Mon, 25 Feb 2019 17:04:18 GMT;Mon, 25 Feb 2019 22:24:29 GMT;Mon, 25 Feb 2019 21:17:09 GMT;0,942;2_39_131_30_2019-02-25 17:04:17.805598;2;2-39-131-30;CA-305;
Mon, 25 Feb 2019 17:06:37 GMT;Tue, 26 Feb 2019 02:47:01 GMT;Tue, 26 Feb 2019 00:42:27 GMT;16,273;2_39_79_383_2019-02-25 17:06:37.271612;2;2-39-79-383;CA-492;632
Mon, 25 Feb 2019 17:10:04 GMT;Tue, 26 Feb 2019 02:54:00 GMT;Mon, 25 Feb 2019 18:40:21 GMT;4,958;2_39_89_25_2019-02-25 17:10:03.749472;2;2-39-89-25;CA-315;567
Mon, 25 Feb 2019 17:14:26 GMT;Tue, 26 Feb 2019 01:56:07 GMT;Mon, 25 Feb 2019 19:00:07 GMT;7,099;2_39_79_380_2019-02-25 17:14:26.314889;2;2-39-79-380;CA-489;714
Mon, 25 Feb 2019 17:15:47 GMT;Tue, 26 Feb 2019 00:53:33 GMT;Tue, 26 Feb 2019 00:20:07 GMT;25,011;2_39_95_444_2019-02-25 17:15:46.694644;2;2-39-95-444;CA-497;1104
Mon, 25 Feb 2019 17:23:52 GMT;Tue, 26 Feb 2019 02:00:25 GMT;Mon, 25 Feb 2019 19:08:48 GMT;5,347;2_39_89_439_2019-02-25 17:23:51.562104;2;2-39-89-439;CA-501;743
Mon, 25 Feb 2019 17:25:36 GMT;Mon, 25 Feb 2019 22:00:08 GMT;Mon, 25 Feb 2019 22:00:00 GMT;12,95;2_39_79_377_2019-02-25 17:25:36.367749;2;2-39-79-377;CA-325;1285
Mon, 25 Feb 2019 17:45:44 GMT;Tue, 26 Feb 2019 03:04:04 GMT;Mon, 25 Feb 2019 19:59:38 GMT;5,959;2_39_126_20_2019-02-25 17:45:43.573786;2;2-39-126-20;CA-310;620
Mon, 25 Feb 2019 18:04:15 GMT;Tue, 26 Feb 2019 03:14:38 GMT;Mon, 25 Feb 2019 21:58:00 GMT;11,194;2_39_79_379_2019-02-25 18:04:14.908866;2;2-39-79-379;CA-327;558
Mon, 25 Feb 2019 18:13:50 GMT;Tue, 26 Feb 2019 02:07:03 GMT;Mon, 25 Feb 2019 20:02:01 GMT;10,686;2_39_95_27_2019-02-25 18:13:50.423390;2;2-39-95-27;CA-319;1095
Mon, 25 Feb 2019 18:15:42 GMT;Mon, 25 Feb 2019 21:34:03 GMT;Mon, 25 Feb 2019 21:18:17 GMT;3,31;2_39_78_363_2019-02-25 18:15:42.245670;2;2-39-78-363;CA-320;1526
Mon, 25 Feb 2019 18:22:44 GMT;Tue, 26 Feb 2019 02:27:21 GMT;Tue, 26 Feb 2019 01:29:52 GMT;44,065;2_39_79_376_2019-02-25 18:22:44.032462;2;2-39-79-376;CA-324;579
Mon, 25 Feb 2019 18:23:51 GMT;Tue, 26 Feb 2019 03:34:25 GMT;Mon, 25 Feb 2019 20:50:17 GMT;7,938;2_39_88_438_2019-02-25 18:23:51.211314;2;2-39-88-438;CA-502;1534
Mon, 25 Feb 2019 19:34:52 GMT;Mon, 25 Feb 2019 23:22:31 GMT;Mon, 25 Feb 2019 23:21:41 GMT;7,985;2_39_78_366_2019-02-25 19:34:52.093412;2;2-39-78-366;CA-323;1137
Mon, 25 Feb 2019 20:11:17 GMT;Tue, 26 Feb 2019 02:25:31 GMT;Mon, 25 Feb 2019 22:17:53 GMT;6,616;2_39_91_437_2019-02-25 20:11:17.520927;2;2-39-91-437;CA-317;1124
Mon, 25 Feb 2019 20:21:48 GMT;Tue, 26 Feb 2019 01:57:38 GMT;Tue, 26 Feb 2019 01:56:29 GMT;27,02;2_39_78_365_2019-02-25 20:21:48.083393;2;2-39-78-365;CA-321;569
Mon, 25 Feb 2019 20:59:00 GMT;Tue, 26 Feb 2019 00:44:25 GMT;Tue, 26 Feb 2019 00:44:20 GMT;25,312;2_39_92_442_2019-02-25 20:59:00.098533;2;2-39-92-442;CA-498;818
Mon, 25 Feb 2019 21:36:09 GMT;Tue, 26 Feb 2019 00:33:08 GMT;Tue, 26 Feb 2019 00:32:55 GMT;6,049;2_39_78_364_2019-02-25 21:36:09.270136;2;2-39-78-364;CA-495;1526
Mon, 25 Feb 2019 21:38:38 GMT;Tue, 26 Feb 2019 02:32:12 GMT;Mon, 25 Feb 2019 22:11:15 GMT;1,524;2_39_88_24_2019-02-25 21:38:37.638286;2;2-39-88-24;CA-314;562
Mon, 25 Feb 2019 21:55:45 GMT;Tue, 26 Feb 2019 01:24:33 GMT;Tue, 26 Feb 2019 01:24:20 GMT;22,619;2_39_91_441_2019-02-25 21:55:44.771614;2;2-39-91-441;CA-499;1243
Mon, 25 Feb 2019 22:07:22 GMT;Tue, 26 Feb 2019 02:18:55 GMT;Tue, 26 Feb 2019 01:57:40 GMT;13,086;2_39_78_363_2019-02-25 22:07:21.927461;2;2-39-78-363;CA-320;1039
Mon, 25 Feb 2019 22:27:36 GMT;Tue, 26 Feb 2019 01:42:16 GMT;Tue, 26 Feb 2019 01:42:11 GMT;5,057;2_39_79_377_2019-02-25 22:27:35.774438;2;2-39-79-377;CA-325;1083
Mon, 25 Feb 2019 22:31:46 GMT;Mon, 25 Feb 2019 23:58:55 GMT;Mon, 25 Feb 2019 23:58:51 GMT;4,62;2_39_131_30_2019-02-25 22:31:46.112997;2;2-39-131-30;CA-305;1236
Mon, 25 Feb 2019 23:39:54 GMT;Mon, 25 Feb 2019 23:59:27 GMT;Mon, 25 Feb 2019 23:59:20 GMT;0,559;2_39_78_366_2019-02-25 23:39:54.034718;2;2-39-78-366;CA-323;
Tue, 26 Feb 2019 00:27:06 GMT;Tue, 26 Feb 2019 14:05:23 GMT;Tue, 26 Feb 2019 04:56:50 GMT;15,473;2_39_131_30_2019-02-26 00:27:05.804439;2;2-39-131-30;CA-305;838
Tue, 26 Feb 2019 00:43:02 GMT;Tue, 26 Feb 2019 01:57:12 GMT;Tue, 26 Feb 2019 01:57:03 GMT;4,017;2_39_138_29_2019-02-26 00:43:02.558612;2;2-39-138-29;CA-304;774
Tue, 26 Feb 2019 01:42:17 GMT;Tue, 26 Feb 2019 04:56:07 GMT;Tue, 26 Feb 2019 04:56:01 GMT;9,992;2_39_78_367_2019-02-26 01:42:16.815739;2;2-39-78-367;CA-494;777
Tue, 26 Feb 2019 02:07:41 GMT;Tue, 26 Feb 2019 03:47:50 GMT;Tue, 26 Feb 2019 03:24:30 GMT;7,894;2_39_124_22_2019-02-26 02:07:40.586239;2;2-39-124-22;CA-312;1133
Tue, 26 Feb 2019 02:34:07 GMT;Tue, 26 Feb 2019 03:36:31 GMT;Tue, 26 Feb 2019 03:36:27 GMT;3,407;2_39_139_28_2019-02-26 02:34:07.493094;2;2-39-139-28;CA-303;1712
Tue, 26 Feb 2019 02:59:39 GMT;Tue, 26 Feb 2019 06:02:10 GMT;Tue, 26 Feb 2019 04:56:41 GMT;12,619;2_39_125_21_2019-02-26 02:59:39.275398;2;2-39-125-21;CA-311;754
Tue, 26 Feb 2019 03:56:26 GMT;Tue, 26 Feb 2019 05:04:53 GMT;Tue, 26 Feb 2019 05:04:44 GMT;8,01;2_39_129_17_2019-02-26 03:56:26.476212;2;2-39-129-17;CA-307;313
Tue, 26 Feb 2019 05:05:06 GMT;Tue, 26 Feb 2019 06:02:03 GMT;Tue, 26 Feb 2019 06:01:56 GMT;6,56;2_39_90_26_2019-02-26 05:05:06.271822;2;2-39-90-26;CA-316;637
Tue, 26 Feb 2019 15:16:27 GMT;Tue, 26 Feb 2019 16:55:49 GMT;Tue, 26 Feb 2019 16:54:43 GMT;6,143;2_39_78_360_2019-02-26 15:16:26.837259;2;2-39-78-360;CA-322;569
Tue, 26 Feb 2019 15:58:32 GMT;Wed, 27 Feb 2019 00:38:39 GMT;Tue, 26 Feb 2019 17:30:26 GMT;4,705;2_39_123_23_2019-02-26 15:58:32.189546;2;2-39-123-23;CA-313;858
Tue, 26 Feb 2019 16:11:37 GMT;Tue, 26 Feb 2019 23:03:58 GMT;Tue, 26 Feb 2019 18:21:45 GMT;14,432;2_39_95_444_2019-02-26 16:11:36.606667;2;2-39-95-444;CA-497;234
Tue, 26 Feb 2019 16:14:32 GMT;Wed, 27 Feb 2019 00:59:11 GMT;Tue, 26 Feb 2019 20:22:04 GMT;25,989;2_39_92_442_2019-02-26 16:14:32.493602;2;2-39-92-442;CA-498;818
Tue, 26 Feb 2019 16:27:41 GMT;Wed, 27 Feb 2019 00:55:31 GMT;Tue, 26 Feb 2019 18:35:21 GMT;14,212;2_39_83_386_2019-02-26 16:27:41.208453;2;2-39-83-386;CA-212;1154
Tue, 26 Feb 2019 16:28:45 GMT;Wed, 27 Feb 2019 01:48:55 GMT;Tue, 26 Feb 2019 16:52:58 GMT;1,356;2_39_79_379_2019-02-26 16:28:44.811884;2;2-39-79-379;CA-327;1126
Tue, 26 Feb 2019 16:31:22 GMT;Wed, 27 Feb 2019 01:16:28 GMT;Tue, 26 Feb 2019 19:28:06 GMT;11,073;2_39_138_29_2019-02-26 16:31:22.190377;2;2-39-138-29;CA-304;559
Tue, 26 Feb 2019 16:34:52 GMT;Tue, 26 Feb 2019 20:45:34 GMT;Tue, 26 Feb 2019 18:07:39 GMT;4,764;2_39_139_28_2019-02-26 16:34:51.924172;2;2-39-139-28;CA-303;562
Tue, 26 Feb 2019 16:43:07 GMT;Tue, 26 Feb 2019 18:29:08 GMT;Tue, 26 Feb 2019 18:22:33 GMT;10,294;2_39_127_19_2019-02-26 16:43:07.335458;2;2-39-127-19;CA-309;1346
Tue, 26 Feb 2019 16:48:04 GMT;Wed, 27 Feb 2019 04:09:43 GMT;Tue, 26 Feb 2019 18:20:15 GMT;4,544;2_39_89_25_2019-02-26 16:48:04.230885;2;2-39-89-25;CA-315;743
Tue, 26 Feb 2019 16:48:06 GMT;Tue, 26 Feb 2019 21:18:45 GMT;Tue, 26 Feb 2019 18:47:25 GMT;6,047;2_39_130_31_2019-02-26 16:48:05.575744;2;2-39-130-31;CA-306;1366
Tue, 26 Feb 2019 16:57:13 GMT;Tue, 26 Feb 2019 23:15:38 GMT;Tue, 26 Feb 2019 20:06:25 GMT;20,189;2_39_79_377_2019-02-26 16:57:12.523001;2;2-39-79-377;CA-325;1104
Tue, 26 Feb 2019 17:09:52 GMT;Tue, 26 Feb 2019 18:24:33 GMT;Tue, 26 Feb 2019 18:24:28 GMT;4,363;2_39_95_27_2019-02-26 17:09:52.006595;2;2-39-95-27;CA-319;1108
Tue, 26 Feb 2019 17:11:55 GMT;Wed, 27 Feb 2019 03:03:23 GMT;Tue, 26 Feb 2019 19:11:27 GMT;6,438;2_39_91_437_2019-02-26 17:11:55.061198;2;2-39-91-437;CA-317;567
Tue, 26 Feb 2019 17:16:04 GMT;Wed, 27 Feb 2019 01:57:22 GMT;Tue, 26 Feb 2019 20:00:19 GMT;8,577;2_39_79_380_2019-02-26 17:16:03.827133;2;2-39-79-380;CA-489;714
Tue, 26 Feb 2019 17:19:18 GMT;Wed, 27 Feb 2019 05:19:04 GMT;Wed, 27 Feb 2019 01:00:12 GMT;16,379;2_39_78_366_2019-02-26 17:19:18.373338;2;2-39-78-366;CA-323;676
Tue, 26 Feb 2019 17:19:21 GMT;Wed, 27 Feb 2019 02:53:42 GMT;Wed, 27 Feb 2019 01:23:47 GMT;4,899;2_39_124_558_2019-02-26 17:19:20.601636;2;2-39-124-558;CA-504;1534
Tue, 26 Feb 2019 17:23:31 GMT;Tue, 26 Feb 2019 18:28:43 GMT;Tue, 26 Feb 2019 17:54:05 GMT;0,823;2_39_124_22_2019-02-26 17:23:31.340151;2;2-39-124-22;CA-312;
Tue, 26 Feb 2019 18:01:37 GMT;Tue, 26 Feb 2019 18:30:23 GMT;Tue, 26 Feb 2019 18:30:14 GMT;0,799;2_39_125_21_2019-02-26 18:01:36.986346;2;2-39-125-21;CA-311;
Tue, 26 Feb 2019 18:02:33 GMT;Wed, 27 Feb 2019 02:59:24 GMT;Tue, 26 Feb 2019 18:48:54 GMT;1,419;2_39_88_24_2019-02-26 18:02:32.629953;2;2-39-88-24;CA-314;324
Tue, 26 Feb 2019 18:04:31 GMT;Tue, 26 Feb 2019 19:06:07 GMT;Tue, 26 Feb 2019 19:06:02 GMT;6,74;2_39_90_26_2019-02-26 18:04:31.495561;2;2-39-90-26;CA-316;637
Tue, 26 Feb 2019 18:05:07 GMT;Wed, 27 Feb 2019 03:07:45 GMT;Wed, 27 Feb 2019 01:23:57 GMT;11,718;2_39_78_364_2019-02-26 18:05:06.797229;2;2-39-78-364;CA-495;558
Tue, 26 Feb 2019 18:15:15 GMT;Wed, 27 Feb 2019 01:41:48 GMT;Tue, 26 Feb 2019 20:11:06 GMT;11,625;2_39_90_440_2019-02-26 18:15:14.927033;2;2-39-90-440;CA-500;1095
Tue, 26 Feb 2019 18:19:23 GMT;Wed, 27 Feb 2019 00:11:15 GMT;Tue, 26 Feb 2019 20:37:27 GMT;5,265;2_39_79_376_2019-02-26 18:19:22.684505;2;2-39-79-376;CA-324;1137
Tue, 26 Feb 2019 18:41:08 GMT;Wed, 27 Feb 2019 04:04:20 GMT;Wed, 27 Feb 2019 03:58:39 GMT;9,183;2_39_78_365_2019-02-26 18:41:07.701234;2;2-39-78-365;CA-321;697
Tue, 26 Feb 2019 19:07:48 GMT;Wed, 27 Feb 2019 03:25:55 GMT;Tue, 26 Feb 2019 20:40:44 GMT;8,587;2_39_92_436_2019-02-26 19:07:48.409378;2;2-39-92-436;CA-318;1001
Tue, 26 Feb 2019 19:15:08 GMT;Wed, 27 Feb 2019 02:45:10 GMT;Wed, 27 Feb 2019 01:12:11 GMT;9,915;2_39_78_363_2019-02-26 19:15:07.851201;2;2-39-78-363;CA-320;1274
Tue, 26 Feb 2019 19:16:34 GMT;Wed, 27 Feb 2019 02:18:13 GMT;Tue, 26 Feb 2019 21:26:40 GMT;7,324;2_39_95_27_2019-02-26 19:16:34.045493;2;2-39-95-27;CA-319;515
Tue, 26 Feb 2019 19:17:09 GMT;Wed, 27 Feb 2019 01:18:14 GMT;Tue, 26 Feb 2019 21:54:19 GMT;1,140097073;2_39_78_360_2019-02-26 19:17:08.776477;2;2-39-78-360;CA-322;
Tue, 26 Feb 2019 19:41:23 GMT;Wed, 27 Feb 2019 09:47:11 GMT;Tue, 26 Feb 2019 20:46:43 GMT;2,121;2_39_91_441_2019-02-26 19:41:22.536955;2;2-39-91-441;CA-499;1082
Tue, 26 Feb 2019 20:00:10 GMT;Tue, 26 Feb 2019 23:52:12 GMT;Tue, 26 Feb 2019 22:06:16 GMT;13,232;2_39_125_21_2019-02-26 20:00:10.161259;2;2-39-125-21;CA-311;945
Tue, 26 Feb 2019 20:21:09 GMT;Wed, 27 Feb 2019 03:08:29 GMT;Wed, 27 Feb 2019 00:53:39 GMT;16,115;2_39_124_22_2019-02-26 20:21:09.090587;2;2-39-124-22;CA-312;712
Tue, 26 Feb 2019 20:29:45 GMT;Tue, 26 Feb 2019 23:54:48 GMT;Tue, 26 Feb 2019 23:54:44 GMT;7,385;2_39_79_383_2019-02-26 20:29:45.119387;2;2-39-79-383;CA-492;777
Tue, 26 Feb 2019 20:41:01 GMT;Wed, 27 Feb 2019 00:40:38 GMT;Wed, 27 Feb 2019 00:27:54 GMT;10,39;2_39_78_367_2019-02-26 20:41:01.221842;2;2-39-78-367;CA-494;1470
Tue, 26 Feb 2019 20:46:21 GMT;Wed, 27 Feb 2019 00:09:45 GMT;Tue, 26 Feb 2019 22:43:54 GMT;12,436;2_39_90_26_2019-02-26 20:46:21.496430;2;2-39-90-26;CA-316;1912
Tue, 26 Feb 2019 21:02:51 GMT;Tue, 26 Feb 2019 23:47:54 GMT;Tue, 26 Feb 2019 23:48:54 GMT;6,678;2_39_78_362_2019-02-26 21:02:51.307956;2;2-39-78-362;CA-496;1124
Tue, 26 Feb 2019 21:25:30 GMT;Wed, 27 Feb 2019 02:55:36 GMT;Tue, 26 Feb 2019 21:48:09 GMT;1,039;2_39_131_30_2019-02-26 21:25:30.389270;2;2-39-131-30;CA-305;562
Tue, 26 Feb 2019 22:18:09 GMT;Tue, 26 Feb 2019 23:44:47 GMT;Tue, 26 Feb 2019 23:18:30 GMT;0,963;2_39_128_18_2019-02-26 22:18:08.980560;2;2-39-128-18;CA-308;
Wed, 27 Feb 2019 01:13:20 GMT;Wed, 27 Feb 2019 02:54:48 GMT;Wed, 27 Feb 2019 02:54:32 GMT;5,522;2_39_139_28_2019-02-27 01:13:19.915119;2;2-39-139-28;CA-303;1746
Wed, 27 Feb 2019 03:13:35 GMT;Wed, 27 Feb 2019 14:20:22 GMT;Wed, 27 Feb 2019 04:26:05 GMT;4,048;2_39_138_29_2019-02-27 03:13:34.801993;2;2-39-138-29;CA-304;838
Wed, 27 Feb 2019 03:17:48 GMT;Wed, 27 Feb 2019 04:14:17 GMT;Wed, 27 Feb 2019 03:48:25 GMT;0,882;2_39_139_28_2019-02-27 03:17:47.524028;2;2-39-139-28;CA-303;
Wed, 27 Feb 2019 03:33:16 GMT;Wed, 27 Feb 2019 14:48:38 GMT;Wed, 27 Feb 2019 05:26:52 GMT;12,312;2_39_129_17_2019-02-27 03:33:15.525778;2;2-39-129-17;CA-307;754
Wed, 27 Feb 2019 14:21:27 GMT;Wed, 27 Feb 2019 15:34:09 GMT;Wed, 27 Feb 2019 15:34:04 GMT;4,115;2_39_89_25_2019-02-27 14:21:26.579254;2;2-39-89-25;CA-315;743
Wed, 27 Feb 2019 15:17:05 GMT;Thu, 28 Feb 2019 04:55:09 GMT;Wed, 27 Feb 2019 18:08:57 GMT;4,321;2_39_78_364_2019-02-27 15:17:04.546776;2;2-39-78-364;CA-495;1524
Wed, 27 Feb 2019 16:12:34 GMT;Wed, 27 Feb 2019 18:26:25 GMT;Wed, 27 Feb 2019 18:26:21 GMT;5,577;2_39_79_379_2019-02-27 16:12:34.305320;2;2-39-79-379;CA-327;1083
Wed, 27 Feb 2019 16:18:30 GMT;Wed, 27 Feb 2019 16:46:15 GMT;Wed, 27 Feb 2019 16:46:07 GMT;1,721;2_39_78_361_2019-02-27 16:18:29.539380;2;2-39-78-361;CA-493;1001
Wed, 27 Feb 2019 16:28:34 GMT;Wed, 27 Feb 2019 20:09:49 GMT;Wed, 27 Feb 2019 18:06:56 GMT;4,935;2_39_139_28_2019-02-27 16:28:33.671478;2;2-39-139-28;CA-303;562
Wed, 27 Feb 2019 16:29:57 GMT;Thu, 28 Feb 2019 01:05:35 GMT;Wed, 27 Feb 2019 18:45:54 GMT;6,925;2_39_131_30_2019-02-27 16:29:57.167100;2;2-39-131-30;CA-305;620
Wed, 27 Feb 2019 16:30:12 GMT;Wed, 27 Feb 2019 17:58:35 GMT;Wed, 27 Feb 2019 17:41:52 GMT;1,225;2_39_78_366_2019-02-27 16:30:12.189208;2;2-39-78-366;CA-323;
Wed, 27 Feb 2019 16:31:56 GMT;Thu, 28 Feb 2019 01:35:08 GMT;Wed, 27 Feb 2019 19:15:34 GMT;12,293;2_39_79_382_2019-02-27 16:31:56.019942;2;2-39-79-382;CA-491;1154
Wed, 27 Feb 2019 16:34:01 GMT;Thu, 28 Feb 2019 00:24:49 GMT;Wed, 27 Feb 2019 18:41:42 GMT;6,194;2_39_124_558_2019-02-27 16:34:01.421887;2;2-39-124-558;CA-504;1534
Wed, 27 Feb 2019 16:34:29 GMT;Thu, 28 Feb 2019 02:57:39 GMT;Wed, 27 Feb 2019 18:06:38 GMT;3,862;2_39_79_383_2019-02-27 16:34:28.519277;2;2-39-79-383;CA-492;632
Wed, 27 Feb 2019 16:35:15 GMT;Wed, 27 Feb 2019 18:50:59 GMT;Wed, 27 Feb 2019 18:44:55 GMT;9,549;2_39_78_360_2019-02-27 16:35:15.311158;2;2-39-78-360;CA-322;1470
Wed, 27 Feb 2019 16:40:53 GMT;Thu, 28 Feb 2019 01:05:21 GMT;Thu, 28 Feb 2019 01:01:44 GMT;47,892;2_39_129_17_2019-02-27 16:40:52.606886;2;2-39-129-17;CA-307;1316
Wed, 27 Feb 2019 16:45:00 GMT;Thu, 28 Feb 2019 02:45:56 GMT;Wed, 27 Feb 2019 18:05:33 GMT;4,354;2_39_127_19_2019-02-27 16:44:59.984433;2;2-39-127-19;CA-309;712
Wed, 27 Feb 2019 16:48:10 GMT;Thu, 28 Feb 2019 03:22:36 GMT;Thu, 28 Feb 2019 02:57:23 GMT;13,829;2_39_78_363_2019-02-27 16:48:10.008488;2;2-39-78-363;CA-320;945
Wed, 27 Feb 2019 17:01:13 GMT;Thu, 28 Feb 2019 01:58:47 GMT;Thu, 28 Feb 2019 01:40:59 GMT;5,438;2_39_79_380_2019-02-27 17:01:12.796285;2;2-39-79-380;CA-489;
Wed, 27 Feb 2019 17:01:45 GMT;Thu, 28 Feb 2019 00:35:30 GMT;Wed, 27 Feb 2019 17:59:19 GMT;2,678;2_39_123_23_2019-02-27 17:01:44.802734;2;2-39-123-23;CA-313;858
Wed, 27 Feb 2019 17:03:36 GMT;Wed, 27 Feb 2019 17:57:08 GMT;Wed, 27 Feb 2019 17:53:33 GMT;0,856;2_39_78_361_2019-02-27 17:03:35.572408;2;2-39-78-361;CA-493;
Wed, 27 Feb 2019 17:07:17 GMT;Thu, 28 Feb 2019 00:49:43 GMT;Wed, 27 Feb 2019 18:58:12 GMT;5,179;2_39_89_25_2019-02-27 17:07:16.604698;2;2-39-89-25;CA-315;743
Wed, 27 Feb 2019 17:22:55 GMT;Thu, 28 Feb 2019 01:18:43 GMT;Thu, 28 Feb 2019 01:07:05 GMT;1,435;2_39_91_437_2019-02-27 17:22:55.470143;2;2-39-91-437;CA-317;
Wed, 27 Feb 2019 17:30:06 GMT;Thu, 28 Feb 2019 02:41:12 GMT;Wed, 27 Feb 2019 19:19:57 GMT;5,747;2_39_125_21_2019-02-27 17:30:05.958990;2;2-39-125-21;CA-311;567
Wed, 27 Feb 2019 17:36:00 GMT;Thu, 28 Feb 2019 01:35:07 GMT;Wed, 27 Feb 2019 20:25:46 GMT;11,04;2_39_128_18_2019-02-27 17:35:59.670216;2;2-39-128-18;CA-308;559
Wed, 27 Feb 2019 17:41:18 GMT;Thu, 28 Feb 2019 01:50:41 GMT;Wed, 27 Feb 2019 18:42:54 GMT;2,702;2_39_126_20_2019-02-27 17:41:18.459589;2;2-39-126-20;CA-310;1864
Wed, 27 Feb 2019 18:01:48 GMT;Thu, 28 Feb 2019 04:53:08 GMT;Wed, 27 Feb 2019 20:41:46 GMT;12,054;2_39_79_377_2019-02-27 18:01:48.472161;2;2-39-79-377;CA-325;1095
Wed, 27 Feb 2019 18:10:04 GMT;Thu, 28 Feb 2019 00:42:05 GMT;Wed, 27 Feb 2019 22:15:13 GMT;21,628;2_39_92_442_2019-02-27 18:10:03.990861;2;2-39-92-442;CA-498;1104
Wed, 27 Feb 2019 18:10:34 GMT;Thu, 28 Feb 2019 01:56:24 GMT;Thu, 28 Feb 2019 01:47:32 GMT;0,952;2_39_90_26_2019-02-27 18:10:34.440583;2;2-39-90-26;CA-316;
Wed, 27 Feb 2019 18:15:36 GMT;Thu, 28 Feb 2019 01:36:37 GMT;Wed, 27 Feb 2019 19:04:03 GMT;1,809;2_39_92_436_2019-02-27 18:15:36.409911;2;2-39-92-436;CA-318;891
Wed, 27 Feb 2019 18:21:42 GMT;Thu, 28 Feb 2019 03:19:44 GMT;Wed, 27 Feb 2019 21:41:49 GMT;9,781;2_39_79_378_2019-02-27 18:21:42.381022;2;2-39-79-378;CA-326;697
Wed, 27 Feb 2019 18:25:32 GMT;Thu, 28 Feb 2019 00:54:02 GMT;Wed, 27 Feb 2019 22:40:22 GMT;0,866;2_39_78_361_2019-02-27 18:25:31.944659;2;2-39-78-361;CA-493;
Wed, 27 Feb 2019 18:25:33 GMT;Thu, 28 Feb 2019 01:03:46 GMT;Wed, 27 Feb 2019 21:43:39 GMT;0,953;2_39_78_366_2019-02-27 18:25:32.850128;2;2-39-78-366;CA-323;
Wed, 27 Feb 2019 18:48:43 GMT;Thu, 28 Feb 2019 08:03:06 GMT;Wed, 27 Feb 2019 20:47:55 GMT;6,142;2_39_95_27_2019-02-27 18:48:43.238194;2;2-39-95-27;CA-319;1222
Wed, 27 Feb 2019 18:58:17 GMT;Wed, 27 Feb 2019 19:58:51 GMT;Wed, 27 Feb 2019 19:58:36 GMT;6,524;2_39_88_24_2019-02-27 18:58:17.491647;2;2-39-88-24;CA-314;744
Wed, 27 Feb 2019 20:09:57 GMT;Thu, 28 Feb 2019 01:03:46 GMT;Thu, 28 Feb 2019 01:04:44 GMT;25,624;2_39_78_362_2019-02-27 20:09:56.993171;2;2-39-78-362;CA-496;832
Wed, 27 Feb 2019 20:43:26 GMT;Thu, 28 Feb 2019 02:24:53 GMT;Wed, 27 Feb 2019 21:27:19 GMT;2,036;2_39_79_379_2019-02-27 20:43:25.831106;2;2-39-79-379;CA-327;1083
Wed, 27 Feb 2019 21:02:16 GMT;Thu, 28 Feb 2019 03:10:54 GMT;Wed, 27 Feb 2019 23:29:07 GMT;6,63;2_39_78_365_2019-02-27 21:02:15.623261;2;2-39-78-365;CA-321;1124
Wed, 27 Feb 2019 21:06:08 GMT;Wed, 27 Feb 2019 22:48:04 GMT;Wed, 27 Feb 2019 22:05:14 GMT;1,12;2_39_123_557_2019-02-27 21:06:07.999586;2;2-39-123-557;CA-503;
Wed, 27 Feb 2019 21:07:19 GMT;Thu, 28 Feb 2019 00:07:05 GMT;Thu, 28 Feb 2019 00:06:23 GMT;0,561721924;2_39_78_360_2019-02-27 21:07:18.796731;2;2-39-78-360;CA-322;
Wed, 27 Feb 2019 21:52:09 GMT;Thu, 28 Feb 2019 00:04:41 GMT;Wed, 27 Feb 2019 23:59:09 GMT;0,691;2_39_88_24_2019-02-27 21:52:08.639407;2;2-39-88-24;CA-314;
Wed, 27 Feb 2019 22:36:04 GMT;Wed, 27 Feb 2019 23:55:36 GMT;Wed, 27 Feb 2019 23:55:32 GMT;4,648;2_39_130_31_2019-02-27 22:36:04.194528;2;2-39-130-31;CA-306;1135
Thu, 28 Feb 2019 00:30:13 GMT;Thu, 28 Feb 2019 01:59:37 GMT;Thu, 28 Feb 2019 01:59:32 GMT;5,089;2_39_130_31_2019-02-28 00:30:13.168696;2;2-39-130-31;CA-306;774
Thu, 28 Feb 2019 00:46:44 GMT;Thu, 28 Feb 2019 02:21:14 GMT;Thu, 28 Feb 2019 01:38:12 GMT;2,431;2_39_123_23_2019-02-28 00:46:43.585186;2;2-39-123-23;CA-313;1746
Thu, 28 Feb 2019 01:58:08 GMT;Thu, 28 Feb 2019 03:14:39 GMT;Thu, 28 Feb 2019 03:14:35 GMT;8,774;2_39_91_437_2019-02-28 01:58:07.876441;2;2-39-91-437;CA-317;558
Thu, 28 Feb 2019 02:02:59 GMT;Thu, 28 Feb 2019 03:29:37 GMT;Thu, 28 Feb 2019 03:29:28 GMT;9,268;2_39_138_29_2019-02-28 02:02:59.304920;2;2-39-138-29;CA-304;362
Thu, 28 Feb 2019 02:11:37 GMT;Thu, 28 Feb 2019 04:12:36 GMT;Thu, 28 Feb 2019 03:28:13 GMT;7,881;2_39_129_17_2019-02-28 02:11:37.413306;2;2-39-129-17;CA-307;1133
Thu, 28 Feb 2019 02:24:25 GMT;Thu, 28 Feb 2019 08:41:21 GMT;Thu, 28 Feb 2019 03:29:26 GMT;2,169;2_39_92_442_2019-02-28 02:24:25.055778;2;2-39-92-442;CA-498;1082
Thu, 28 Feb 2019 02:27:40 GMT;Thu, 28 Feb 2019 04:04:36 GMT;Thu, 28 Feb 2019 04:04:13 GMT;5,538;2_39_130_31_2019-02-28 02:27:39.695677;2;2-39-130-31;CA-306;1752
Thu, 28 Feb 2019 02:30:06 GMT;Thu, 28 Feb 2019 04:38:10 GMT;Thu, 28 Feb 2019 04:19:16 GMT;7,846;2_39_139_28_2019-02-28 02:30:05.566166;2;2-39-139-28;CA-303;1564
Thu, 28 Feb 2019 02:40:45 GMT;Thu, 28 Feb 2019 04:50:08 GMT;Thu, 28 Feb 2019 03:11:04 GMT;0,818;2_39_123_23_2019-02-28 02:40:44.685585;2;2-39-123-23;CA-313;
Thu, 28 Feb 2019 03:03:20 GMT;Thu, 28 Feb 2019 03:20:09 GMT;Thu, 28 Feb 2019 03:20:05 GMT;1,684;2_39_127_19_2019-02-28 03:03:20.506429;2;2-39-127-19;CA-309;754
Thu, 28 Feb 2019 03:30:52 GMT;Thu, 28 Feb 2019 05:30:00 GMT;Thu, 28 Feb 2019 04:14:12 GMT;1,046;2_39_79_380_2019-02-28 03:30:52.003222;2;2-39-79-380;CA-489;
Thu, 28 Feb 2019 03:31:34 GMT;Thu, 28 Feb 2019 06:02:36 GMT;Thu, 28 Feb 2019 06:01:41 GMT;16,445;2_39_78_366_2019-02-28 03:31:33.651792;2;2-39-78-366;CA-323;1943
Thu, 28 Feb 2019 04:00:49 GMT;Thu, 28 Feb 2019 14:29:53 GMT;Thu, 28 Feb 2019 09:04:46 GMT;15,522;2_39_131_30_2019-02-28 04:00:49.048289;2;2-39-131-30;CA-305;838
Thu, 28 Feb 2019 05:08:00 GMT;Thu, 28 Feb 2019 14:56:14 GMT;Thu, 28 Feb 2019 06:39:37 GMT;9,793;2_39_127_19_2019-02-28 05:07:59.983250;2;2-39-127-19;CA-309;754
Thu, 28 Feb 2019 06:07:29 GMT;Thu, 28 Feb 2019 19:07:41 GMT;Thu, 28 Feb 2019 12:30:52 GMT;42,83;2_39_139_28_2019-02-28 06:07:29.400513;2;2-39-139-28;CA-303;489
Thu, 28 Feb 2019 15:50:33 GMT;Fri, 01 Mar 2019 01:15:39 GMT;Fri, 01 Mar 2019 00:45:29 GMT;5,628;2_39_79_379_2019-02-28 15:50:33.268454;2;2-39-79-379;CA-327;1083
Thu, 28 Feb 2019 15:51:51 GMT;Thu, 28 Feb 2019 19:46:49 GMT;Thu, 28 Feb 2019 19:44:24 GMT;9,546;2_39_78_364_2019-02-28 15:51:51.065929;2;2-39-78-364;CA-495;1524
Thu, 28 Feb 2019 15:56:18 GMT;Fri, 01 Mar 2019 00:39:38 GMT;Thu, 28 Feb 2019 16:54:59 GMT;3,374;2_39_123_23_2019-02-28 15:56:18.289560;2;2-39-123-23;CA-313;858
Thu, 28 Feb 2019 16:23:11 GMT;Thu, 28 Feb 2019 18:35:44 GMT;Thu, 28 Feb 2019 18:35:35 GMT;9,592;2_39_92_442_2019-02-28 16:23:11.434152;2;2-39-92-442;CA-498;1243
Thu, 28 Feb 2019 16:25:01 GMT;Fri, 01 Mar 2019 01:38:25 GMT;Thu, 28 Feb 2019 17:59:06 GMT;4,592;2_39_131_30_2019-02-28 16:25:00.861947;2;2-39-131-30;CA-305;562
Thu, 28 Feb 2019 16:36:38 GMT;Fri, 01 Mar 2019 03:38:39 GMT;Thu, 28 Feb 2019 20:07:42 GMT;9,371;2_39_124_558_2019-02-28 16:36:38.065552;2;2-39-124-558;CA-504;1534
Thu, 28 Feb 2019 16:39:15 GMT;Thu, 28 Feb 2019 22:57:48 GMT;Thu, 28 Feb 2019 21:33:23 GMT;9,834;2_39_79_378_2019-02-28 16:39:15.271724;2;2-39-79-378;CA-326;1470
Thu, 28 Feb 2019 16:41:26 GMT;Fri, 01 Mar 2019 00:27:22 GMT;Thu, 28 Feb 2019 19:32:43 GMT;14,478;2_39_95_444_2019-02-28 16:41:25.868717;2;2-39-95-444;CA-497;234
Thu, 28 Feb 2019 16:51:19 GMT;Fri, 01 Mar 2019 02:51:06 GMT;Fri, 01 Mar 2019 02:41:03 GMT;3,681;2_39_78_365_2019-02-28 16:51:18.957327;2;2-39-78-365;CA-321;
Thu, 28 Feb 2019 16:56:20 GMT;Fri, 01 Mar 2019 03:12:54 GMT;Thu, 28 Feb 2019 23:36:34 GMT;1,272;2_39_129_17_2019-02-28 16:56:20.262881;2;2-39-129-17;CA-307;
Thu, 28 Feb 2019 16:57:15 GMT;Thu, 28 Feb 2019 19:50:56 GMT;Thu, 28 Feb 2019 19:50:52 GMT;6,399;2_39_79_377_2019-02-28 16:57:15.337398;2;2-39-79-377;CA-325;1090
Thu, 28 Feb 2019 17:09:21 GMT;Thu, 28 Feb 2019 23:02:51 GMT;Thu, 28 Feb 2019 19:02:55 GMT;5,665;2_39_89_25_2019-02-28 17:09:20.977720;2;2-39-89-25;CA-315;743
Thu, 28 Feb 2019 17:17:10 GMT;Fri, 01 Mar 2019 02:11:59 GMT;Thu, 28 Feb 2019 21:06:22 GMT;10,056;2_39_79_380_2019-02-28 17:17:09.906044;2;2-39-79-380;CA-489;714
Thu, 28 Feb 2019 17:20:12 GMT;Fri, 01 Mar 2019 03:11:30 GMT;Thu, 28 Feb 2019 20:02:03 GMT;13,242;2_39_123_557_2019-02-28 17:20:11.644279;2;2-39-123-557;CA-503;558
Thu, 28 Feb 2019 17:24:49 GMT;Fri, 01 Mar 2019 00:43:20 GMT;Thu, 28 Feb 2019 23:39:33 GMT;13,725;2_39_79_383_2019-02-28 17:24:48.712692;2;2-39-79-383;CA-492;1001
Thu, 28 Feb 2019 17:49:53 GMT;Fri, 01 Mar 2019 02:04:42 GMT;Thu, 28 Feb 2019 18:41:28 GMT;1,985;2_39_95_27_2019-02-28 17:49:52.539696;2;2-39-95-27;CA-319;891
Thu, 28 Feb 2019 18:13:04 GMT;Fri, 01 Mar 2019 00:14:10 GMT;Thu, 28 Feb 2019 20:17:01 GMT;9,279;2_39_91_437_2019-02-28 18:13:03.616725;2;2-39-91-437;CA-317;1095
Thu, 28 Feb 2019 18:15:03 GMT;Thu, 28 Feb 2019 22:43:09 GMT;Thu, 28 Feb 2019 22:41:45 GMT;11,982;2_39_79_376_2019-02-28 18:15:02.942451;2;2-39-79-376;CA-324;1274
Thu, 28 Feb 2019 18:26:26 GMT;Sat, 02 Mar 2019 00:51:55 GMT;Thu, 28 Feb 2019 21:46:40 GMT;1,207;2_39_128_18_2019-02-28 18:26:26.254024;2;2-39-128-18;CA-308;
Thu, 28 Feb 2019 18:35:58 GMT;Fri, 01 Mar 2019 01:31:39 GMT;Thu, 28 Feb 2019 23:32:41 GMT;2,516;2_39_90_26_2019-02-28 18:35:58.062124;2;2-39-90-26;CA-316;
Thu, 28 Feb 2019 18:59:56 GMT;Fri, 01 Mar 2019 01:25:18 GMT;Thu, 28 Feb 2019 22:32:34 GMT;2,091;2_39_78_367_2019-02-28 18:59:55.913832;2;2-39-78-367;CA-494;
Thu, 28 Feb 2019 19:20:02 GMT;Thu, 28 Feb 2019 22:52:19 GMT;Thu, 28 Feb 2019 22:52:14 GMT;10,123;2_39_125_21_2019-02-28 19:20:02.195009;2;2-39-125-21;CA-311;1161
Thu, 28 Feb 2019 19:25:39 GMT;Fri, 01 Mar 2019 08:48:15 GMT;Thu, 28 Feb 2019 20:31:04 GMT;2,264;2_39_90_440_2019-02-28 19:25:39.384105;2;2-39-90-440;CA-500;1082
Thu, 28 Feb 2019 20:02:40 GMT;Fri, 01 Mar 2019 03:11:10 GMT;Thu, 28 Feb 2019 22:38:12 GMT;1,288345281;2_39_78_364_2019-02-28 20:02:39.957389;2;2-39-78-364;CA-495;
Thu, 28 Feb 2019 20:10:11 GMT;Fri, 01 Mar 2019 03:16:18 GMT;Fri, 01 Mar 2019 01:40:40 GMT;25,442;2_39_92_442_2019-02-28 20:10:10.657008;2;2-39-92-442;CA-498;1208
Thu, 28 Feb 2019 20:17:02 GMT;Thu, 28 Feb 2019 20:42:13 GMT;Thu, 28 Feb 2019 20:41:18 GMT;0,741;2_39_124_22_2019-02-28 20:17:01.670022;2;2-39-124-22;CA-312;
Thu, 28 Feb 2019 20:23:24 GMT;Thu, 28 Feb 2019 23:50:40 GMT;Thu, 28 Feb 2019 23:50:36 GMT;9,703;2_39_79_377_2019-02-28 20:23:23.658056;2;2-39-79-377;CA-325;777
Thu, 28 Feb 2019 20:46:45 GMT;Thu, 28 Feb 2019 21:51:02 GMT;Thu, 28 Feb 2019 21:51:56 GMT;0,798;2_39_127_19_2019-02-28 20:46:45.496405;2;2-39-127-19;CA-309;
Thu, 28 Feb 2019 21:51:46 GMT;Thu, 28 Feb 2019 22:32:35 GMT;Thu, 28 Feb 2019 22:24:44 GMT;0,916;2_39_78_366_2019-02-28 21:51:45.587645;2;2-39-78-366;CA-323;
Thu, 28 Feb 2019 21:56:22 GMT;Fri, 01 Mar 2019 00:02:16 GMT;Thu, 28 Feb 2019 23:32:39 GMT;0,879;2_39_127_19_2019-02-28 21:56:22.464926;2;2-39-127-19;CA-309;
Thu, 28 Feb 2019 22:43:34 GMT;Fri, 01 Mar 2019 00:09:27 GMT;Thu, 28 Feb 2019 23:08:21 GMT;0,502;2_39_78_366_2019-02-28 22:43:34.309784;2;2-39-78-366;CA-323;
Fri, 01 Mar 2019 00:28:53 GMT;Fri, 01 Mar 2019 02:31:07 GMT;Fri, 01 Mar 2019 02:30:58 GMT;7,096;2_39_89_25_2019-03-01 00:28:52.924169;2;2-39-89-25;CA-315;1091
Fri, 01 Mar 2019 00:47:30 GMT;Fri, 01 Mar 2019 02:27:35 GMT;Fri, 01 Mar 2019 01:29:16 GMT;1,954;2_39_139_28_2019-03-01 00:47:29.724814;2;2-39-139-28;CA-303;1746
Fri, 01 Mar 2019 02:02:25 GMT;Fri, 01 Mar 2019 06:07:55 GMT;Fri, 01 Mar 2019 04:20:35 GMT;9,625;2_39_79_379_2019-03-01 02:02:24.819735;2;2-39-79-379;CA-327;1108
Fri, 01 Mar 2019 02:22:49 GMT;Fri, 01 Mar 2019 04:10:47 GMT;Fri, 01 Mar 2019 04:09:51 GMT;11,256;2_39_125_21_2019-03-01 02:22:48.568546;2;2-39-125-21;CA-311;754
Fri, 01 Mar 2019 02:36:59 GMT;Fri, 01 Mar 2019 03:46:48 GMT;Fri, 01 Mar 2019 03:08:06 GMT;0,898;2_39_139_28_2019-03-01 02:36:58.674943;2;2-39-139-28;CA-303;
Fri, 01 Mar 2019 02:51:43 GMT;Fri, 01 Mar 2019 04:40:23 GMT;Fri, 01 Mar 2019 03:34:56 GMT;3,474;2_39_138_29_2019-03-01 02:51:42.729638;2;2-39-138-29;CA-304;675
Fri, 01 Mar 2019 04:13:56 GMT;Fri, 01 Mar 2019 07:23:25 GMT;Fri, 01 Mar 2019 05:51:48 GMT;9,747;2_39_130_31_2019-03-01 04:13:56.422820;2;2-39-130-31;CA-306;1099
Fri, 01 Mar 2019 05:54:05 GMT;Fri, 01 Mar 2019 14:53:45 GMT;Fri, 01 Mar 2019 10:11:08 GMT;14,975;2_39_139_28_2019-03-01 05:54:04.846070;2;2-39-139-28;CA-303;838
Fri, 01 Mar 2019 06:07:59 GMT;Sat, 02 Mar 2019 16:12:55 GMT;Sat, 02 Mar 2019 01:27:46 GMT;26,513;2_39_79_377_2019-03-01 06:07:58.901926;2;2-39-79-377;CA-325;300
Fri, 01 Mar 2019 14:24:58 GMT;Fri, 01 Mar 2019 15:40:38 GMT;Fri, 01 Mar 2019 15:40:30 GMT;4,216;2_39_89_25_2019-03-01 14:24:58.323646;2;2-39-89-25;CA-315;743
Fri, 01 Mar 2019 15:09:13 GMT;Fri, 01 Mar 2019 15:37:58 GMT;Fri, 01 Mar 2019 15:38:56 GMT;0,786;2_39_78_365_2019-03-01 15:09:12.849715;2;2-39-78-365;CA-321;
Fri, 01 Mar 2019 15:31:29 GMT;Sat, 02 Mar 2019 00:20:55 GMT;Fri, 01 Mar 2019 19:43:05 GMT;1,018;2_39_95_27_2019-03-01 15:31:28.971253;2;2-39-95-27;CA-319;
Fri, 01 Mar 2019 15:38:04 GMT;Sat, 02 Mar 2019 00:46:03 GMT;Sat, 02 Mar 2019 00:05:11 GMT;17,366;2_39_78_365_2019-03-01 15:38:04.319214;2;2-39-78-365;CA-321;569
Fri, 01 Mar 2019 15:57:10 GMT;Sat, 02 Mar 2019 00:47:31 GMT;Fri, 01 Mar 2019 17:27:35 GMT;4,711;2_39_123_23_2019-03-01 15:57:09.682113;2;2-39-123-23;CA-313;858
Fri, 01 Mar 2019 15:59:48 GMT;Sat, 02 Mar 2019 04:45:44 GMT;Fri, 01 Mar 2019 20:37:48 GMT;15,822;2_39_79_379_2019-03-01 15:59:47.953851;2;2-39-79-379;CA-327;676
Fri, 01 Mar 2019 16:24:15 GMT;Sat, 02 Mar 2019 01:25:27 GMT;Fri, 01 Mar 2019 19:22:30 GMT;12,167;2_39_139_28_2019-03-01 16:24:15.428931;2;2-39-139-28;CA-303;559
Fri, 01 Mar 2019 16:38:26 GMT;Sat, 02 Mar 2019 02:06:36 GMT;Fri, 01 Mar 2019 20:36:30 GMT;0,891;2_39_79_378_2019-03-01 16:38:26.014362;2;2-39-79-378;CA-326;
Fri, 01 Mar 2019 16:43:17 GMT;Sat, 02 Mar 2019 01:32:43 GMT;Fri, 01 Mar 2019 23:00:44 GMT;41,687;2_39_92_442_2019-03-01 16:43:17.053137;2;2-39-92-442;CA-498;818
Fri, 01 Mar 2019 16:44:39 GMT;Sat, 02 Mar 2019 02:25:35 GMT;Fri, 01 Mar 2019 18:14:14 GMT;4,686;2_39_131_30_2019-03-01 16:44:39.054829;2;2-39-131-30;CA-305;562
Fri, 01 Mar 2019 16:51:17 GMT;Sat, 02 Mar 2019 00:05:06 GMT;Fri, 01 Mar 2019 18:48:31 GMT;7,385;2_39_95_444_2019-03-01 16:51:17.263257;2;2-39-95-444;CA-497;234
Fri, 01 Mar 2019 17:01:35 GMT;Fri, 01 Mar 2019 23:35:31 GMT;Fri, 01 Mar 2019 23:28:35 GMT;31,11;2_39_78_360_2019-03-01 17:01:34.600788;2;2-39-78-360;CA-322;579
Fri, 01 Mar 2019 17:01:40 GMT;Sat, 02 Mar 2019 00:56:51 GMT;Fri, 01 Mar 2019 18:40:25 GMT;9,874;2_39_79_376_2019-03-01 17:01:40.453486;2;2-39-79-376;CA-324;1470
Fri, 01 Mar 2019 17:11:34 GMT;Sat, 02 Mar 2019 02:56:48 GMT;Fri, 01 Mar 2019 19:57:37 GMT;9,692;2_39_127_19_2019-03-01 17:11:33.762646;2;2-39-127-19;CA-309;712
Fri, 01 Mar 2019 17:23:15 GMT;Sat, 02 Mar 2019 00:25:12 GMT;Fri, 01 Mar 2019 19:06:18 GMT;5,574;2_39_124_558_2019-03-01 17:23:14.990250;2;2-39-124-558;CA-504;1534
Fri, 01 Mar 2019 17:39:41 GMT;Sat, 02 Mar 2019 02:46:51 GMT;Fri, 01 Mar 2019 18:51:24 GMT;3,842;2_39_125_21_2019-03-01 17:39:40.833858;2;2-39-125-21;CA-311;567
Fri, 01 Mar 2019 17:46:49 GMT;Sat, 02 Mar 2019 01:57:07 GMT;Fri, 01 Mar 2019 22:37:14 GMT;26,558;2_39_88_24_2019-03-01 17:46:49.364018;2;2-39-88-24;CA-314;1244
Fri, 01 Mar 2019 18:08:07 GMT;Sat, 02 Mar 2019 03:15:05 GMT;Fri, 01 Mar 2019 20:07:03 GMT;11,354;2_39_79_380_2019-03-01 18:08:06.856972;2;2-39-79-380;CA-489;558
Fri, 01 Mar 2019 18:08:37 GMT;Sat, 02 Mar 2019 00:12:33 GMT;Fri, 01 Mar 2019 19:56:19 GMT;10,747;2_39_90_440_2019-03-01 18:08:37.185043;2;2-39-90-440;CA-500;1095
Fri, 01 Mar 2019 19:23:57 GMT;Sat, 02 Mar 2019 00:03:52 GMT;Sat, 02 Mar 2019 00:04:51 GMT;0,925;2_39_92_436_2019-03-01 19:23:56.715924;2;2-39-92-436;CA-318;
Fri, 01 Mar 2019 20:30:07 GMT;Sat, 02 Mar 2019 07:20:29 GMT;Fri, 01 Mar 2019 23:54:34 GMT;19,069;2_39_78_366_2019-03-01 20:30:07.195597;2;2-39-78-366;CA-323;850
Fri, 01 Mar 2019 20:38:54 GMT;Sat, 02 Mar 2019 08:50:57 GMT;Fri, 01 Mar 2019 21:42:32 GMT;2,157;2_39_79_382_2019-03-01 20:38:53.680109;2;2-39-79-382;CA-491;1082
Fri, 01 Mar 2019 20:40:10 GMT;Sat, 02 Mar 2019 02:51:26 GMT;Fri, 01 Mar 2019 22:46:37 GMT;6,755;2_39_78_363_2019-03-01 20:40:09.749842;2;2-39-78-363;CA-320;1124
Fri, 01 Mar 2019 21:16:31 GMT;Sat, 02 Mar 2019 22:34:05 GMT;Sat, 02 Mar 2019 01:23:08 GMT;14,685;2_39_124_22_2019-03-01 21:16:31.391199;2;2-39-124-22;CA-312;1384
Fri, 01 Mar 2019 22:13:26 GMT;Sat, 02 Mar 2019 00:06:59 GMT;Sat, 02 Mar 2019 00:06:55 GMT;6,78;2_39_130_31_2019-03-01 22:13:25.653198;2;2-39-130-31;CA-306;1135
Sat, 02 Mar 2019 02:58:05 GMT;Sun, 03 Mar 2019 03:14:19 GMT;Sat, 02 Mar 2019 06:00:52 GMT;10,427;2_39_131_30_2019-03-02 02:58:05.270524;2;2-39-131-30;CA-305;838
Sat, 02 Mar 2019 15:49:34 GMT;Sat, 02 Mar 2019 17:38:20 GMT;Sat, 02 Mar 2019 17:09:33 GMT;7,34;2_39_139_28_2019-03-02 15:49:34.078769;2;2-39-139-28;CA-303;675
Sat, 02 Mar 2019 17:38:36 GMT;Sat, 02 Mar 2019 19:53:47 GMT;Sat, 02 Mar 2019 19:53:42 GMT;14,99;2_39_129_17_2019-03-02 17:38:36.509843;2;2-39-129-17;CA-307;1105
Sat, 02 Mar 2019 17:39:27 GMT;Sat, 02 Mar 2019 18:34:45 GMT;Sat, 02 Mar 2019 18:34:40 GMT;6,21;2_39_139_28_2019-03-02 17:39:26.939731;2;2-39-139-28;CA-303;248
Sat, 02 Mar 2019 17:42:29 GMT;Sat, 02 Mar 2019 17:58:42 GMT;Sat, 02 Mar 2019 17:58:37 GMT;1,803;2_39_127_19_2019-03-02 17:42:29.055130;2;2-39-127-19;CA-309;291
Sat, 02 Mar 2019 18:13:17 GMT;Sat, 02 Mar 2019 19:13:42 GMT;Sat, 02 Mar 2019 19:13:38 GMT;6,856;2_39_127_19_2019-03-02 18:13:16.871261;2;2-39-127-19;CA-309;1133
Sat, 02 Mar 2019 18:50:21 GMT;Sat, 02 Mar 2019 22:35:42 GMT;Sat, 02 Mar 2019 21:43:52 GMT;18,569;2_39_125_21_2019-03-02 18:50:20.958854;2;2-39-125-21;CA-311;489
Sat, 02 Mar 2019 21:08:54 GMT;Sat, 02 Mar 2019 22:46:06 GMT;Sat, 02 Mar 2019 22:46:01 GMT;0,866;2_39_139_28_2019-03-02 21:08:53.808315;2;2-39-139-28;CA-303;
Sat, 02 Mar 2019 21:50:37 GMT;Sun, 03 Mar 2019 04:13:47 GMT;Sun, 03 Mar 2019 00:07:57 GMT;14,878;2_39_79_377_2019-03-02 21:50:37.128047;2;2-39-79-377;CA-325;248
Sat, 02 Mar 2019 22:11:32 GMT;Sun, 03 Mar 2019 04:43:23 GMT;Sun, 03 Mar 2019 01:13:55 GMT;19,129;2_39_91_437_2019-03-02 22:11:32.487987;2;2-39-91-437;CA-317;1225
Sat, 02 Mar 2019 23:56:17 GMT;Sun, 03 Mar 2019 01:45:57 GMT;Sun, 03 Mar 2019 01:46:55 GMT;0,811;2_39_83_386_2019-03-02 23:56:16.707974;2;2-39-83-386;CA-212;
Sun, 03 Mar 2019 00:28:33 GMT;Sun, 03 Mar 2019 01:41:39 GMT;Sun, 03 Mar 2019 01:32:00 GMT;6,552;2_39_139_28_2019-03-03 00:28:33.455681;2;2-39-139-28;CA-303;1957
Sun, 03 Mar 2019 03:14:44 GMT;Sun, 03 Mar 2019 19:33:25 GMT;Sun, 03 Mar 2019 06:45:18 GMT;12,292;2_39_129_17_2019-03-03 03:14:44.404777;2;2-39-129-17;CA-307;838
Sun, 03 Mar 2019 04:50:40 GMT;Sun, 03 Mar 2019 20:55:25 GMT;Sun, 03 Mar 2019 17:20:54 GMT;58,039;2_39_95_27_2019-03-03 04:50:39.759006;2;2-39-95-27;CA-319;1816
Sun, 03 Mar 2019 16:12:28 GMT;Sun, 03 Mar 2019 20:58:34 GMT;Sun, 03 Mar 2019 17:48:37 GMT;0,951;2_39_91_437_2019-03-03 16:12:28.494035;2;2-39-91-437;CA-317;
Sun, 03 Mar 2019 18:26:28 GMT;Mon, 04 Mar 2019 01:02:35 GMT;Sun, 03 Mar 2019 21:11:38 GMT;17,923;2_39_79_377_2019-03-03 18:26:28.096637;2;2-39-79-377;CA-325;248
Sun, 03 Mar 2019 18:28:24 GMT;Sun, 03 Mar 2019 19:13:58 GMT;Sun, 03 Mar 2019 18:58:55 GMT;0,873;2_39_78_360_2019-03-03 18:28:23.838534;2;2-39-78-360;CA-322;
Sun, 03 Mar 2019 20:12:08 GMT;Mon, 04 Mar 2019 01:27:59 GMT;Mon, 04 Mar 2019 00:27:45 GMT;29,392;2_39_130_31_2019-03-03 20:12:08.276090;2;2-39-130-31;CA-306;1626
Sun, 03 Mar 2019 20:17:05 GMT;Mon, 04 Mar 2019 01:12:26 GMT;Mon, 04 Mar 2019 01:11:58 GMT;10,781;2_39_79_380_2019-03-03 20:17:04.923275;2;2-39-79-380;CA-489;1142
Sun, 03 Mar 2019 21:36:48 GMT;Sun, 03 Mar 2019 22:11:21 GMT;Sun, 03 Mar 2019 22:11:16 GMT;3,088;2_39_139_28_2019-03-03 21:36:47.931236;2;2-39-139-28;CA-303;1309
Sun, 03 Mar 2019 21:52:11 GMT;Mon, 04 Mar 2019 04:10:46 GMT;Mon, 04 Mar 2019 02:43:59 GMT;32,248;2_39_79_379_2019-03-03 21:52:11.506678;2;2-39-79-379;CA-327;1214
Sun, 03 Mar 2019 22:03:18 GMT;Mon, 04 Mar 2019 01:51:36 GMT;Sun, 03 Mar 2019 22:33:58 GMT;0,928;2_39_79_378_2019-03-03 22:03:18.178630;2;2-39-79-378;CA-326;
Sun, 03 Mar 2019 22:06:57 GMT;Mon, 04 Mar 2019 00:53:11 GMT;Mon, 04 Mar 2019 00:53:07 GMT;19,114;2_39_126_20_2019-03-03 22:06:57.187110;2;2-39-126-20;CA-310;1525
Sun, 03 Mar 2019 22:09:26 GMT;Mon, 04 Mar 2019 05:06:41 GMT;Mon, 04 Mar 2019 00:13:53 GMT;13,547;2_39_123_23_2019-03-03 22:09:25.699541;2;2-39-123-23;CA-313;754
Sun, 03 Mar 2019 22:38:36 GMT;Mon, 04 Mar 2019 00:16:43 GMT;Mon, 04 Mar 2019 00:16:35 GMT;5,239;2_39_139_28_2019-03-03 22:38:36.181515;2;2-39-139-28;CA-303;1236
Sun, 03 Mar 2019 23:24:58 GMT;Mon, 04 Mar 2019 03:31:41 GMT;Mon, 04 Mar 2019 01:28:14 GMT;6,415;2_39_95_27_2019-03-03 23:24:58.175867;2;2-39-95-27;CA-319;1222
Mon, 04 Mar 2019 01:02:07 GMT;Mon, 04 Mar 2019 01:20:15 GMT;Mon, 04 Mar 2019 01:20:10 GMT;2,025;2_39_126_20_2019-03-04 01:02:07.227159;2;2-39-126-20;CA-310;243
Mon, 04 Mar 2019 15:14:32 GMT;Tue, 05 Mar 2019 01:20:41 GMT;Tue, 05 Mar 2019 00:08:33 GMT;29,573;2_39_78_365_2019-03-04 15:14:32.138257;2;2-39-78-365;CA-321;569
Mon, 04 Mar 2019 15:37:09 GMT;Mon, 04 Mar 2019 20:19:10 GMT;Mon, 04 Mar 2019 20:19:05 GMT;31,319;2_39_138_29_2019-03-04 15:37:08.520932;2;2-39-138-29;CA-304;734
Mon, 04 Mar 2019 15:45:40 GMT;Tue, 05 Mar 2019 00:11:47 GMT;Mon, 04 Mar 2019 16:58:03 GMT;7,198;2_39_79_383_2019-03-04 15:45:39.834081;2;2-39-79-383;CA-492;1001
Mon, 04 Mar 2019 16:02:37 GMT;Tue, 05 Mar 2019 00:02:28 GMT;Mon, 04 Mar 2019 17:56:49 GMT;6,062;2_39_123_23_2019-03-04 16:02:36.943042;2;2-39-123-23;CA-313;858
Mon, 04 Mar 2019 16:12:14 GMT;Tue, 05 Mar 2019 01:28:35 GMT;Tue, 05 Mar 2019 00:12:27 GMT;3,749;2_39_79_379_2019-03-04 16:12:14.150169;2;2-39-79-379;CA-327;
Mon, 04 Mar 2019 16:15:26 GMT;Tue, 05 Mar 2019 04:16:57 GMT;Mon, 04 Mar 2019 21:03:09 GMT;9,076;2_39_79_381_2019-03-04 16:15:25.519704;2;2-39-79-381;CA-490;632
Mon, 04 Mar 2019 16:17:56 GMT;Tue, 05 Mar 2019 00:44:50 GMT;Mon, 04 Mar 2019 18:45:25 GMT;16,38;2_39_95_444_2019-03-04 16:17:55.614694;2;2-39-95-444;CA-497;234
Mon, 04 Mar 2019 16:25:54 GMT;Mon, 04 Mar 2019 18:46:49 GMT;Mon, 04 Mar 2019 18:39:43 GMT;0,874;2_39_139_28_2019-03-04 16:25:54.318258;2;2-39-139-28;CA-303;
Mon, 04 Mar 2019 16:33:33 GMT;Tue, 05 Mar 2019 04:41:38 GMT;Mon, 04 Mar 2019 21:08:40 GMT;15,3;2_39_79_377_2019-03-04 16:33:32.575861;2;2-39-79-377;CA-325;676
Mon, 04 Mar 2019 16:36:45 GMT;Tue, 05 Mar 2019 01:11:40 GMT;Mon, 04 Mar 2019 21:42:27 GMT;16,639;2_39_79_376_2019-03-04 16:36:44.985820;2;2-39-79-376;CA-324;1470
Mon, 04 Mar 2019 16:40:07 GMT;Mon, 04 Mar 2019 19:31:36 GMT;Mon, 04 Mar 2019 18:29:04 GMT;6,069;2_39_131_30_2019-03-04 16:40:06.973106;2;2-39-131-30;CA-305;712
Mon, 04 Mar 2019 16:45:47 GMT;Mon, 04 Mar 2019 20:25:05 GMT;Mon, 04 Mar 2019 18:54:14 GMT;6,413;2_39_78_366_2019-03-04 16:45:47.120011;2;2-39-78-366;CA-323;1083
Mon, 04 Mar 2019 16:58:37 GMT;Tue, 05 Mar 2019 01:31:30 GMT;Mon, 04 Mar 2019 19:56:28 GMT;19,028;2_39_89_439_2019-03-04 16:58:36.588196;2;2-39-89-439;CA-501;1957
Mon, 04 Mar 2019 17:06:17 GMT;Tue, 05 Mar 2019 00:12:36 GMT;Mon, 04 Mar 2019 19:36:56 GMT;8,077;2_39_124_558_2019-03-04 17:06:16.722572;2;2-39-124-558;CA-504;1534
Mon, 04 Mar 2019 17:06:40 GMT;Mon, 04 Mar 2019 20:53:10 GMT;Mon, 04 Mar 2019 20:02:03 GMT;18,364;2_39_92_442_2019-03-04 17:06:40.230617;2;2-39-92-442;CA-498;1104
Mon, 04 Mar 2019 17:12:06 GMT;Mon, 04 Mar 2019 20:57:54 GMT;Mon, 04 Mar 2019 18:35:57 GMT;4,246;2_39_127_19_2019-03-04 17:12:06.200853;2;2-39-127-19;CA-309;562
Mon, 04 Mar 2019 17:12:32 GMT;Tue, 05 Mar 2019 03:01:09 GMT;Mon, 04 Mar 2019 18:23:53 GMT;3,914;2_39_129_17_2019-03-04 17:12:32.096958;2;2-39-129-17;CA-307;567
Mon, 04 Mar 2019 17:24:36 GMT;Mon, 04 Mar 2019 21:25:20 GMT;Mon, 04 Mar 2019 21:22:29 GMT;12,212;2_39_79_380_2019-03-04 17:24:35.954296;2;2-39-79-380;CA-489;1285
Mon, 04 Mar 2019 17:40:42 GMT;Tue, 05 Mar 2019 00:51:57 GMT;Mon, 04 Mar 2019 19:32:46 GMT;11,079;2_39_128_562_2019-03-04 17:40:41.693652;2;2-39-128-562;CA-508;69
Mon, 04 Mar 2019 17:55:07 GMT;Mon, 04 Mar 2019 23:46:16 GMT;Mon, 04 Mar 2019 20:03:41 GMT;6,62;2_39_88_24_2019-03-04 17:55:06.657883;2;2-39-88-24;CA-314;1481
Mon, 04 Mar 2019 18:07:32 GMT;Tue, 05 Mar 2019 00:49:21 GMT;Mon, 04 Mar 2019 20:33:14 GMT;7,958;2_39_79_382_2019-03-04 18:07:32.185844;2;2-39-79-382;CA-491;714
Mon, 04 Mar 2019 18:10:42 GMT;Tue, 05 Mar 2019 01:47:10 GMT;Mon, 04 Mar 2019 20:12:39 GMT;11,947;2_39_91_437_2019-03-04 18:10:41.581176;2;2-39-91-437;CA-317;1095
Mon, 04 Mar 2019 18:16:56 GMT;Tue, 05 Mar 2019 03:11:58 GMT;Mon, 04 Mar 2019 20:19:57 GMT;12,487;2_39_91_441_2019-03-04 18:16:56.503147;2;2-39-91-441;CA-499;558
Mon, 04 Mar 2019 19:09:15 GMT;Tue, 05 Mar 2019 02:09:08 GMT;Tue, 05 Mar 2019 00:07:41 GMT;34,043;2_39_89_25_2019-03-04 19:09:15.303248;2;2-39-89-25;CA-315;667
Mon, 04 Mar 2019 20:00:03 GMT;Tue, 05 Mar 2019 01:31:08 GMT;Mon, 04 Mar 2019 21:35:32 GMT;4,801;2_39_95_27_2019-03-04 20:00:03.040561;2;2-39-95-27;CA-319;891
Mon, 04 Mar 2019 20:11:15 GMT;Tue, 05 Mar 2019 01:02:37 GMT;Tue, 05 Mar 2019 01:02:33 GMT;26,886;2_39_78_360_2019-03-04 20:11:15.042878;2;2-39-78-360;CA-322;832
Mon, 04 Mar 2019 20:40:47 GMT;Tue, 05 Mar 2019 02:59:19 GMT;Mon, 04 Mar 2019 22:46:07 GMT;6,673;2_39_78_364_2019-03-04 20:40:46.606403;2;2-39-78-364;CA-495;1124
Mon, 04 Mar 2019 21:21:45 GMT;Mon, 04 Mar 2019 22:12:42 GMT;Mon, 04 Mar 2019 21:58:53 GMT;0,636;2_39_78_361_2019-03-04 21:21:45.227832;2;2-39-78-361;CA-493;
Mon, 04 Mar 2019 22:15:59 GMT;Tue, 05 Mar 2019 02:03:35 GMT;Mon, 04 Mar 2019 22:48:41 GMT;2,961;2_39_92_442_2019-03-04 22:15:59.134269;2;2-39-92-442;CA-498;1104
Mon, 04 Mar 2019 22:17:50 GMT;Tue, 05 Mar 2019 02:02:39 GMT;Mon, 04 Mar 2019 22:55:35 GMT;1,773;2_39_139_28_2019-03-04 22:17:50.278960;2;2-39-139-28;CA-303;562
Mon, 04 Mar 2019 22:50:23 GMT;Tue, 05 Mar 2019 00:35:22 GMT;Tue, 05 Mar 2019 00:35:16 GMT;2,377;2_39_78_366_2019-03-04 22:50:22.913599;2;2-39-78-366;CA-323;1083
Mon, 04 Mar 2019 23:05:59 GMT;Tue, 05 Mar 2019 04:10:27 GMT;Tue, 05 Mar 2019 01:49:50 GMT;9,488;2_39_127_19_2019-03-04 23:05:58.599339;2;2-39-127-19;CA-309;712
Tue, 05 Mar 2019 00:03:16 GMT;Tue, 05 Mar 2019 05:35:04 GMT;Tue, 05 Mar 2019 05:23:46 GMT;17,043;2_39_92_436_2019-03-05 00:03:16.011760;2;2-39-92-436;CA-318;1135
Tue, 05 Mar 2019 00:32:06 GMT;Tue, 05 Mar 2019 05:32:31 GMT;Tue, 05 Mar 2019 05:00:32 GMT;15,431;2_39_130_31_2019-03-05 00:32:06.447634;2;2-39-130-31;CA-306;838
Tue, 05 Mar 2019 00:35:22 GMT;Tue, 05 Mar 2019 01:59:50 GMT;Tue, 05 Mar 2019 01:59:46 GMT;4,811;2_39_128_18_2019-03-05 00:35:22.182081;2;2-39-128-18;CA-308;774
Tue, 05 Mar 2019 02:20:47 GMT;Tue, 05 Mar 2019 05:21:59 GMT;Tue, 05 Mar 2019 04:25:38 GMT;13,207;2_39_131_30_2019-03-05 02:20:47.158830;2;2-39-131-30;CA-305;1274
Tue, 05 Mar 2019 03:26:02 GMT;Tue, 05 Mar 2019 06:23:07 GMT;Tue, 05 Mar 2019 05:21:14 GMT;12,454;2_39_129_17_2019-03-05 03:26:02.151930;2;2-39-129-17;CA-307;754
Tue, 05 Mar 2019 05:02:05 GMT;Tue, 05 Mar 2019 05:43:31 GMT;Tue, 05 Mar 2019 05:43:28 GMT;2,426;2_39_139_28_2019-03-05 05:02:05.237244;2;2-39-139-28;CA-303;781
Tue, 05 Mar 2019 05:03:04 GMT;Tue, 05 Mar 2019 06:06:54 GMT;Tue, 05 Mar 2019 06:06:46 GMT;7,305;2_39_125_21_2019-03-05 05:03:04.211456;2;2-39-125-21;CA-311;637
Tue, 05 Mar 2019 15:17:32 GMT;Wed, 06 Mar 2019 01:42:26 GMT;Tue, 05 Mar 2019 21:25:57 GMT;5,861;2_39_78_365_2019-03-05 15:17:31.779485;2;2-39-78-365;CA-321;569
Tue, 05 Mar 2019 15:47:10 GMT;Wed, 06 Mar 2019 03:03:40 GMT;Wed, 06 Mar 2019 00:11:53 GMT;3,643;2_39_78_361_2019-03-05 15:47:09.536649;2;2-39-78-361;CA-493;1524
Tue, 05 Mar 2019 15:58:09 GMT;Wed, 06 Mar 2019 02:54:25 GMT;Wed, 06 Mar 2019 01:53:15 GMT;3,648;2_39_79_379_2019-03-05 15:58:09.059346;2;2-39-79-379;CA-327;1083
Tue, 05 Mar 2019 15:59:20 GMT;Tue, 05 Mar 2019 22:37:25 GMT;Tue, 05 Mar 2019 17:27:44 GMT;4,58;2_39_123_23_2019-03-05 15:59:19.961478;2;2-39-123-23;CA-313;858
Tue, 05 Mar 2019 16:13:36 GMT;Wed, 06 Mar 2019 01:17:56 GMT;Wed, 06 Mar 2019 00:43:38 GMT;1,168;2_39_79_380_2019-03-05 16:13:35.538141;2;2-39-79-380;CA-489;
Tue, 05 Mar 2019 16:27:42 GMT;Sat, 09 Mar 2019 03:33:46 GMT;Tue, 05 Mar 2019 18:28:25 GMT;6,067;2_39_128_18_2019-03-05 16:27:42.399597;2;2-39-128-18;CA-308;1366
Tue, 05 Mar 2019 16:32:34 GMT;Wed, 06 Mar 2019 01:17:36 GMT;Tue, 05 Mar 2019 18:03:12 GMT;5,106;2_39_131_30_2019-03-05 16:32:33.849613;2;2-39-131-30;CA-305;712
Tue, 05 Mar 2019 16:38:32 GMT;Tue, 05 Mar 2019 20:25:11 GMT;Tue, 05 Mar 2019 18:07:07 GMT;4,642;2_39_139_28_2019-03-05 16:38:31.828019;2;2-39-139-28;CA-303;562
Tue, 05 Mar 2019 16:38:34 GMT;Wed, 06 Mar 2019 01:05:37 GMT;Wed, 06 Mar 2019 00:59:42 GMT;8,892;2_39_78_363_2019-03-05 16:38:33.526547;2;2-39-78-363;CA-320;1470
Tue, 05 Mar 2019 16:42:10 GMT;Wed, 06 Mar 2019 01:27:08 GMT;Tue, 05 Mar 2019 18:53:31 GMT;7,272;2_39_138_29_2019-03-05 16:42:09.961089;2;2-39-138-29;CA-304;559
Tue, 05 Mar 2019 16:42:48 GMT;Wed, 06 Mar 2019 01:43:31 GMT;Wed, 06 Mar 2019 00:58:12 GMT;54,504;2_39_92_442_2019-03-05 16:42:48.358356;2;2-39-92-442;CA-498;1243
Tue, 05 Mar 2019 16:55:41 GMT;Tue, 05 Mar 2019 22:11:38 GMT;Tue, 05 Mar 2019 22:11:34 GMT;8,763;2_39_79_381_2019-03-05 16:55:40.519593;2;2-39-79-381;CA-490;1208
Tue, 05 Mar 2019 16:56:07 GMT;Tue, 05 Mar 2019 17:50:03 GMT;Tue, 05 Mar 2019 17:49:58 GMT;3,203;2_39_89_25_2019-03-05 16:56:06.980084;2;2-39-89-25;CA-315;1108
Tue, 05 Mar 2019 17:05:32 GMT;Wed, 06 Mar 2019 01:56:06 GMT;Tue, 05 Mar 2019 18:53:38 GMT;6,057;2_39_127_19_2019-03-05 17:05:32.120930;2;2-39-127-19;CA-309;567
Tue, 05 Mar 2019 17:05:34 GMT;Wed, 06 Mar 2019 03:11:50 GMT;Tue, 05 Mar 2019 19:49:01 GMT;8,875;2_39_88_438_2019-03-05 17:05:33.696829;2;2-39-88-438;CA-502;1534
Tue, 05 Mar 2019 17:11:02 GMT;Tue, 05 Mar 2019 23:36:58 GMT;Tue, 05 Mar 2019 18:48:34 GMT;4,855;2_39_89_439_2019-03-05 17:11:02.407617;2;2-39-89-439;CA-501;743
Tue, 05 Mar 2019 17:13:03 GMT;Wed, 06 Mar 2019 02:03:16 GMT;Tue, 05 Mar 2019 21:42:08 GMT;21,7;2_39_79_377_2019-03-05 17:13:03.138988;2;2-39-79-377;CA-325;579
Tue, 05 Mar 2019 17:14:19 GMT;Wed, 06 Mar 2019 02:34:18 GMT;Tue, 05 Mar 2019 21:58:10 GMT;15,37;2_39_79_382_2019-03-05 17:14:19.323414;2;2-39-79-382;CA-491;714
Tue, 05 Mar 2019 17:27:58 GMT;Wed, 06 Mar 2019 01:51:28 GMT;Tue, 05 Mar 2019 19:43:04 GMT;7,551;2_39_90_440_2019-03-05 17:27:57.976624;2;2-39-90-440;CA-500;515
Tue, 05 Mar 2019 17:30:25 GMT;Wed, 06 Mar 2019 00:04:02 GMT;Tue, 05 Mar 2019 19:13:05 GMT;10,691;2_39_125_21_2019-03-05 17:30:25.452160;2;2-39-125-21;CA-311;1912
Tue, 05 Mar 2019 18:08:58 GMT;Wed, 06 Mar 2019 01:39:35 GMT;Tue, 05 Mar 2019 18:55:31 GMT;1,97;2_39_90_26_2019-03-05 18:08:57.900599;2;2-39-90-26;CA-316;891
Tue, 05 Mar 2019 18:14:02 GMT;Wed, 06 Mar 2019 01:31:00 GMT;Tue, 05 Mar 2019 19:56:34 GMT;10,47;2_39_95_444_2019-03-05 18:14:02.037171;2;2-39-95-444;CA-497;1095
Tue, 05 Mar 2019 18:22:16 GMT;Wed, 06 Mar 2019 03:07:31 GMT;Wed, 06 Mar 2019 00:35:45 GMT;11,888;2_39_78_360_2019-03-05 18:22:15.939445;2;2-39-78-360;CA-322;558
Tue, 05 Mar 2019 18:23:21 GMT;Wed, 06 Mar 2019 00:42:33 GMT;Tue, 05 Mar 2019 19:03:42 GMT;3,019;2_39_78_366_2019-03-05 18:23:21.472933;2;2-39-78-366;CA-323;1120
Tue, 05 Mar 2019 18:53:52 GMT;Wed, 06 Mar 2019 02:37:57 GMT;Wed, 06 Mar 2019 01:57:21 GMT;0,805;2_39_79_376_2019-03-05 18:53:52.180007;2;2-39-79-376;CA-324;
Tue, 05 Mar 2019 19:09:52 GMT;Wed, 06 Mar 2019 00:20:48 GMT;Wed, 06 Mar 2019 00:08:18 GMT;8,157;2_39_95_27_2019-03-05 19:09:52.324145;2;2-39-95-27;CA-319;1137
Tue, 05 Mar 2019 19:13:55 GMT;Tue, 05 Mar 2019 22:50:39 GMT;Tue, 05 Mar 2019 19:12:56 GMT;0,706654719;2_39_78_367_2019-03-05 19:13:55.113078;2;2-39-78-367;CA-494;
Tue, 05 Mar 2019 19:41:57 GMT;Wed, 06 Mar 2019 09:24:43 GMT;Tue, 05 Mar 2019 20:49:36 GMT;2,33;2_39_78_364_2019-03-05 19:41:56.886516;2;2-39-78-364;CA-495;1082
Tue, 05 Mar 2019 21:07:00 GMT;Wed, 06 Mar 2019 00:02:50 GMT;Tue, 05 Mar 2019 23:08:20 GMT;6,584;2_39_89_25_2019-03-05 21:07:00.457732;2;2-39-89-25;CA-315;1124
Tue, 05 Mar 2019 21:19:47 GMT;Wed, 06 Mar 2019 04:02:01 GMT;Tue, 05 Mar 2019 21:43:29 GMT;1,106;2_39_91_437_2019-03-05 21:19:47.030550;2;2-39-91-437;CA-317;562
Wed, 06 Mar 2019 00:05:25 GMT;Wed, 06 Mar 2019 02:02:08 GMT;Wed, 06 Mar 2019 01:26:08 GMT;4,068;2_39_123_23_2019-03-06 00:05:25.215575;2;2-39-123-23;CA-313;1746
Wed, 06 Mar 2019 01:53:13 GMT;Wed, 06 Mar 2019 03:06:33 GMT;Wed, 06 Mar 2019 03:06:28 GMT;4,021;2_39_139_28_2019-03-06 01:53:12.780184;2;2-39-139-28;CA-303;1164
Wed, 06 Mar 2019 02:38:47 GMT;Wed, 06 Mar 2019 05:15:51 GMT;Wed, 06 Mar 2019 04:34:22 GMT;12,482;2_39_131_30_2019-03-06 02:38:46.816021;2;2-39-131-30;CA-305;754
Wed, 06 Mar 2019 02:45:15 GMT;Wed, 06 Mar 2019 14:34:26 GMT;Wed, 06 Mar 2019 05:56:10 GMT;15,761;2_39_129_17_2019-03-06 02:45:15.155199;2;2-39-129-17;CA-307;838
Wed, 06 Mar 2019 03:11:44 GMT;Wed, 06 Mar 2019 04:11:38 GMT;Wed, 06 Mar 2019 03:42:08 GMT;0,884;2_39_139_28_2019-03-06 03:11:43.821930;2;2-39-139-28;CA-303;
Wed, 06 Mar 2019 03:36:39 GMT;Wed, 06 Mar 2019 06:29:27 GMT;Wed, 06 Mar 2019 05:56:12 GMT;9,917;2_39_126_20_2019-03-06 03:36:38.851835;2;2-39-126-20;CA-310;1135
Wed, 06 Mar 2019 03:59:54 GMT;Wed, 06 Mar 2019 06:31:50 GMT;Wed, 06 Mar 2019 05:56:12 GMT;15,642;2_39_123_23_2019-03-06 03:59:53.566560;2;2-39-123-23;CA-313;637
Wed, 06 Mar 2019 04:29:34 GMT;Wed, 06 Mar 2019 05:50:32 GMT;Wed, 06 Mar 2019 05:49:29 GMT;7,733;2_39_139_28_2019-03-06 04:29:33.566803;2;2-39-139-28;CA-303;1263
Wed, 06 Mar 2019 14:04:33 GMT;Wed, 06 Mar 2019 15:24:55 GMT;;3,918;2_39_89_25_2019-03-06 14:04:33.498213;2;2-39-89-25;CA-315;743,
Wed, 06 Mar 2019 15:44:08 GMT;Thu, 07 Mar 2019 03:57:24 GMT;Wed, 06 Mar 2019 23:46:33 GMT;9,602;2_39_78_361_2019-03-06 15:44:07.549850;2;2-39-78-361;CA-493;1524
Wed, 06 Mar 2019 16:16:28 GMT;Thu, 07 Mar 2019 02:26:05 GMT;Thu, 07 Mar 2019 01:45:49 GMT;1,408;2_39_79_379_2019-03-06 16:16:28.302300;2;2-39-79-379;CA-327;
Wed, 06 Mar 2019 16:32:48 GMT;Thu, 07 Mar 2019 02:57:00 GMT;Wed, 06 Mar 2019 18:06:12 GMT;5,576;2_39_139_28_2019-03-06 16:32:48.379865;2;2-39-139-28;CA-303;562
Wed, 06 Mar 2019 16:42:37 GMT;Thu, 07 Mar 2019 01:28:06 GMT;Wed, 06 Mar 2019 18:03:59 GMT;4,487;2_39_131_30_2019-03-06 16:42:36.799233;2;2-39-131-30;CA-305;712
Wed, 06 Mar 2019 16:48:33 GMT;Wed, 06 Mar 2019 22:07:36 GMT;Wed, 06 Mar 2019 18:06:11 GMT;6,537;2_39_79_376_2019-03-06 16:48:32.773176;2;2-39-79-376;CA-324;559
Wed, 06 Mar 2019 16:48:37 GMT;Thu, 07 Mar 2019 00:59:09 GMT;Wed, 06 Mar 2019 22:22:17 GMT;10,546;2_39_79_378_2019-03-06 16:48:37.085118;2;2-39-79-378;CA-326;1470
Wed, 06 Mar 2019 17:03:37 GMT;Wed, 06 Mar 2019 23:33:53 GMT;Wed, 06 Mar 2019 18:06:12 GMT;5,384;2_39_126_560_2019-03-06 17:03:37.092354;2;2-39-126-560;CA-506;1534
Wed, 06 Mar 2019 17:17:38 GMT;Wed, 06 Mar 2019 19:04:39 GMT;Wed, 06 Mar 2019 18:06:12 GMT;9,488;2_39_78_360_2019-03-06 17:17:38.375590;2;2-39-78-360;CA-322;569
Wed, 06 Mar 2019 17:19:08 GMT;Thu, 07 Mar 2019 01:48:43 GMT;Wed, 06 Mar 2019 18:06:09 GMT;7,435;2_39_79_380_2019-03-06 17:19:07.790792;2;2-39-79-380;CA-489;714
Wed, 06 Mar 2019 17:19:22 GMT;Wed, 06 Mar 2019 21:57:31 GMT;Wed, 06 Mar 2019 21:58:29 GMT;0,871;2_39_89_25_2019-03-06 17:19:21.568809;2;2-39-89-25;CA-315;
Wed, 06 Mar 2019 17:20:52 GMT;Thu, 07 Mar 2019 01:59:36 GMT;Wed, 06 Mar 2019 20:54:39 GMT;23,082;2_39_91_441_2019-03-06 17:20:52.161907;2;2-39-91-441;CA-499;1104
Wed, 06 Mar 2019 17:28:38 GMT;Wed, 06 Mar 2019 19:31:23 GMT;Wed, 06 Mar 2019 18:06:12 GMT;5,009;2_39_129_17_2019-03-06 17:28:37.887258;2;2-39-129-17;CA-307;1481
Wed, 06 Mar 2019 17:30:04 GMT;Thu, 07 Mar 2019 01:24:38 GMT;Thu, 07 Mar 2019 01:19:32 GMT;1,279;2_39_95_27_2019-03-06 17:30:04.493760;2;2-39-95-27;CA-319;
Wed, 06 Mar 2019 17:31:37 GMT;Wed, 06 Mar 2019 18:47:17 GMT;Wed, 06 Mar 2019 18:06:09 GMT;4,368;2_39_92_436_2019-03-06 17:31:36.749669;2;2-39-92-436;CA-318;1108
Wed, 06 Mar 2019 17:35:02 GMT;Wed, 06 Mar 2019 20:07:40 GMT;Wed, 06 Mar 2019 20:07:38 GMT;12,874;2_39_78_367_2019-03-06 17:35:02.022650;2;2-39-78-367;CA-494;1095
Wed, 06 Mar 2019 17:35:56 GMT;Thu, 07 Mar 2019 03:04:43 GMT;Wed, 06 Mar 2019 18:06:09 GMT;5,883;2_39_125_21_2019-03-06 17:35:56.301536;2;2-39-125-21;CA-311;567
Wed, 06 Mar 2019 18:04:34 GMT;Wed, 06 Mar 2019 23:27:33 GMT;Wed, 06 Mar 2019 23:16:10 GMT;0,952;2_39_78_364_2019-03-06 18:04:34.351866;2;2-39-78-364;CA-495;
Wed, 06 Mar 2019 18:41:20 GMT;Wed, 06 Mar 2019 19:50:25 GMT;Wed, 06 Mar 2019 19:50:20 GMT;3,923;2_39_124_22_2019-03-06 18:41:19.700703;2;2-39-124-22;CA-312;1864
Wed, 06 Mar 2019 18:45:42 GMT;Thu, 07 Mar 2019 00:37:05 GMT;Wed, 06 Mar 2019 20:30:07 GMT;5,456;2_39_123_23_2019-03-06 18:45:41.791362;2;2-39-123-23;CA-313;858
Wed, 06 Mar 2019 19:41:37 GMT;Thu, 07 Mar 2019 01:27:50 GMT;Thu, 07 Mar 2019 01:26:51 GMT;7,875;2_39_78_365_2019-03-06 19:41:36.900866;2;2-39-78-365;CA-321;1953
Wed, 06 Mar 2019 19:54:23 GMT;Thu, 07 Mar 2019 01:06:33 GMT;Thu, 07 Mar 2019 01:06:26 GMT;29,356;2_39_78_366_2019-03-06 19:54:23.134734;2;2-39-78-366;CA-323;832
Wed, 06 Mar 2019 20:26:30 GMT;Thu, 07 Mar 2019 01:48:54 GMT;Wed, 06 Mar 2019 20:25:34 GMT;1,046381422;2_39_78_367_2019-03-06 20:26:30.479644;2;2-39-78-367;CA-494;
Wed, 06 Mar 2019 20:27:44 GMT;Thu, 07 Mar 2019 01:41:07 GMT;Wed, 06 Mar 2019 23:48:37 GMT;6,119;2_39_78_363_2019-03-06 20:27:43.777414;2;2-39-78-363;CA-320;1083
Wed, 06 Mar 2019 20:37:02 GMT;Thu, 07 Mar 2019 00:56:20 GMT;Wed, 06 Mar 2019 22:45:02 GMT;14,082;2_39_95_444_2019-03-06 20:37:02.133219;2;2-39-95-444;CA-497;1087
Wed, 06 Mar 2019 20:53:13 GMT;Wed, 06 Mar 2019 23:54:22 GMT;Wed, 06 Mar 2019 22:18:09 GMT;3,334;2_39_90_26_2019-03-06 20:53:13.304951;2;2-39-90-26;CA-316;560
Wed, 06 Mar 2019 21:16:59 GMT;Thu, 07 Mar 2019 07:54:24 GMT;Wed, 06 Mar 2019 22:22:36 GMT;2,205;2_39_92_442_2019-03-06 21:16:59.460918;2;2-39-92-442;CA-498;1082
Wed, 06 Mar 2019 21:25:27 GMT;Wed, 06 Mar 2019 22:16:32 GMT;Wed, 06 Mar 2019 21:56:45 GMT;1,157;2_39_138_29_2019-03-06 21:25:26.683068;2;2-39-138-29;CA-304;1864
Wed, 06 Mar 2019 21:40:12 GMT;Thu, 07 Mar 2019 02:51:31 GMT;Wed, 06 Mar 2019 23:44:04 GMT;6,58;2_39_91_437_2019-03-06 21:40:12.291587;2;2-39-91-437;CA-317;1124
Wed, 06 Mar 2019 21:57:34 GMT;Thu, 07 Mar 2019 01:44:25 GMT;Wed, 06 Mar 2019 23:13:41 GMT;3,678;2_39_89_25_2019-03-06 21:57:34.329591;2;2-39-89-25;CA-315;743
Wed, 06 Mar 2019 22:33:41 GMT;Thu, 07 Mar 2019 03:24:03 GMT;Wed, 06 Mar 2019 22:59:37 GMT;0,886;2_39_138_29_2019-03-06 22:33:41.062016;2;2-39-138-29;CA-304;1864
Wed, 06 Mar 2019 23:07:52 GMT;Thu, 07 Mar 2019 05:18:25 GMT;Thu, 07 Mar 2019 01:26:10 GMT;7,626;2_39_90_440_2019-03-06 23:07:51.538790;2;2-39-90-440;CA-500;515
Thu, 07 Mar 2019 00:40:35 GMT;Thu, 07 Mar 2019 01:58:52 GMT;Thu, 07 Mar 2019 01:58:44 GMT;4,472;2_39_124_22_2019-03-07 00:40:34.995762;2;2-39-124-22;CA-312;774
Thu, 07 Mar 2019 02:01:33 GMT;Thu, 07 Mar 2019 03:53:24 GMT;Thu, 07 Mar 2019 03:17:56 GMT;7,882;2_39_127_19_2019-03-07 02:01:33.243762;2;2-39-127-19;CA-309;1133
Thu, 07 Mar 2019 02:32:52 GMT;Thu, 07 Mar 2019 03:52:04 GMT;Thu, 07 Mar 2019 03:52:00 GMT;4,341;2_39_131_30_2019-03-07 02:32:52.051600;2;2-39-131-30;CA-305;1164
Thu, 07 Mar 2019 02:37:38 GMT;Thu, 07 Mar 2019 04:25:21 GMT;Thu, 07 Mar 2019 04:20:17 GMT;6,502;2_39_130_31_2019-03-07 02:37:37.855296;2;2-39-130-31;CA-306;1564
Thu, 07 Mar 2019 03:15:16 GMT;Thu, 07 Mar 2019 14:40:06 GMT;Thu, 07 Mar 2019 07:36:43 GMT;15,165;2_39_139_28_2019-03-07 03:15:15.966548;2;2-39-139-28;CA-303;838
Thu, 07 Mar 2019 09:28:34 GMT;Thu, 07 Mar 2019 10:05:24 GMT;Thu, 07 Mar 2019 10:05:04 GMT;0,913;2_39_88_24_2019-03-07 09:28:33.530083;2;2-39-88-24;CA-314;
Thu, 07 Mar 2019 15:58:12 GMT;Fri, 08 Mar 2019 01:10:09 GMT;Thu, 07 Mar 2019 18:11:26 GMT;5,61;2_39_79_379_2019-03-07 15:58:11.687844;2;2-39-79-379;CA-327;1083
Thu, 07 Mar 2019 15:58:22 GMT;Fri, 08 Mar 2019 01:39:00 GMT;Thu, 07 Mar 2019 23:48:56 GMT;11,985;2_39_78_364_2019-03-07 15:58:21.836802;2;2-39-78-364;CA-495;1524
Thu, 07 Mar 2019 16:01:46 GMT;Fri, 08 Mar 2019 00:38:28 GMT;Thu, 07 Mar 2019 17:05:55 GMT;3,244;2_39_123_23_2019-03-07 16:01:46.019372;2;2-39-123-23;CA-313;858
Thu, 07 Mar 2019 16:05:57 GMT;Fri, 08 Mar 2019 05:51:38 GMT;Thu, 07 Mar 2019 20:47:34 GMT;15,648;2_39_79_377_2019-03-07 16:05:56.948538;2;2-39-79-377;CA-325;676
Thu, 07 Mar 2019 16:24:43 GMT;Fri, 08 Mar 2019 01:29:39 GMT;Thu, 07 Mar 2019 19:49:04 GMT;14,606;2_39_139_28_2019-03-07 16:24:42.880121;2;2-39-139-28;CA-303;559
Thu, 07 Mar 2019 16:25:38 GMT;Fri, 08 Mar 2019 00:20:44 GMT;Thu, 07 Mar 2019 20:03:59 GMT;24,486;2_39_95_444_2019-03-07 16:25:37.827071;2;2-39-95-444;CA-497;234
Thu, 07 Mar 2019 16:29:09 GMT;Fri, 08 Mar 2019 02:18:30 GMT;Thu, 07 Mar 2019 18:05:31 GMT;4,925;2_39_138_29_2019-03-07 16:29:08.949520;2;2-39-138-29;CA-304;1481
Thu, 07 Mar 2019 16:42:49 GMT;Fri, 08 Mar 2019 00:18:06 GMT;Thu, 07 Mar 2019 18:00:30 GMT;4,341;2_39_131_30_2019-03-07 16:42:48.660629;2;2-39-131-30;CA-305;712
Thu, 07 Mar 2019 16:44:27 GMT;Fri, 08 Mar 2019 01:38:20 GMT;Thu, 07 Mar 2019 18:19:31 GMT;4,966;2_39_129_17_2019-03-07 16:44:27.321126;2;2-39-129-17;CA-307;562
Thu, 07 Mar 2019 16:47:13 GMT;Thu, 07 Mar 2019 20:23:56 GMT;Thu, 07 Mar 2019 19:01:57 GMT;7,315;2_39_126_560_2019-03-07 16:47:12.867964;2;2-39-126-560;CA-506;1534
Thu, 07 Mar 2019 16:53:07 GMT;Fri, 08 Mar 2019 02:03:02 GMT;Fri, 08 Mar 2019 01:51:59 GMT;1,189;2_39_79_380_2019-03-07 16:53:07.101301;2;2-39-79-380;CA-489;
Thu, 07 Mar 2019 16:53:31 GMT;Fri, 08 Mar 2019 02:27:23 GMT;Fri, 08 Mar 2019 02:25:45 GMT;16,608;2_39_79_381_2019-03-07 16:53:31.098609;2;2-39-79-381;CA-490;1957
Thu, 07 Mar 2019 16:54:58 GMT;Fri, 08 Mar 2019 04:24:21 GMT;Thu, 07 Mar 2019 21:57:20 GMT;16,142;2_39_79_378_2019-03-07 16:54:57.560965;2;2-39-79-378;CA-326;1272
Thu, 07 Mar 2019 16:58:41 GMT;Fri, 08 Mar 2019 02:10:46 GMT;Thu, 07 Mar 2019 19:21:19 GMT;14,449;2_39_91_441_2019-03-07 16:58:40.541060;2;2-39-91-441;CA-499;69
Thu, 07 Mar 2019 17:01:26 GMT;Fri, 08 Mar 2019 01:08:26 GMT;Thu, 07 Mar 2019 19:44:18 GMT;9,904;2_39_127_19_2019-03-07 17:01:25.731190;2;2-39-127-19;CA-309;620
Thu, 07 Mar 2019 17:13:11 GMT;Fri, 08 Mar 2019 01:23:44 GMT;Thu, 07 Mar 2019 18:36:43 GMT;4,12;2_39_89_25_2019-03-07 17:13:10.758584;2;2-39-89-25;CA-315;743
Thu, 07 Mar 2019 17:14:51 GMT;Fri, 08 Mar 2019 00:28:31 GMT;Thu, 07 Mar 2019 23:58:34 GMT;5,026;2_39_79_383_2019-03-07 17:14:50.542113;2;2-39-79-383;CA-492;1104
Thu, 07 Mar 2019 17:27:40 GMT;Fri, 08 Mar 2019 00:39:23 GMT;Thu, 07 Mar 2019 20:03:43 GMT;4,931;2_39_79_376_2019-03-07 17:27:40.398514;2;2-39-79-376;CA-324;1470
Thu, 07 Mar 2019 18:02:02 GMT;Fri, 08 Mar 2019 01:54:03 GMT;Thu, 07 Mar 2019 20:03:04 GMT;11,882;2_39_95_27_2019-03-07 18:02:01.567046;2;2-39-95-27;CA-319;1095
Thu, 07 Mar 2019 18:20:46 GMT;Fri, 08 Mar 2019 02:04:22 GMT;Thu, 07 Mar 2019 23:06:52 GMT;23,903;2_39_92_442_2019-03-07 18:20:46.487950;2;2-39-92-442;CA-498;515
Thu, 07 Mar 2019 18:36:54 GMT;Thu, 07 Mar 2019 20:22:06 GMT;Thu, 07 Mar 2019 19:08:05 GMT;0,904;2_39_125_21_2019-03-07 18:36:53.615839;2;2-39-125-21;CA-311;
Thu, 07 Mar 2019 18:38:50 GMT;Fri, 08 Mar 2019 02:51:28 GMT;Thu, 07 Mar 2019 19:52:50 GMT;0,898;2_39_78_366_2019-03-07 18:38:50.260834;2;2-39-78-366;CA-323;
Thu, 07 Mar 2019 18:40:05 GMT;Fri, 08 Mar 2019 00:55:03 GMT;Thu, 07 Mar 2019 23:42:23 GMT;6,655;2_39_78_365_2019-03-07 18:40:05.102223;2;2-39-78-365;CA-321;569
Thu, 07 Mar 2019 19:04:00 GMT;Fri, 08 Mar 2019 01:38:56 GMT;Thu, 07 Mar 2019 22:48:18 GMT;22,468;2_39_78_367_2019-03-07 19:03:59.792267;2;2-39-78-367;CA-494;1274
Thu, 07 Mar 2019 19:43:57 GMT;Fri, 08 Mar 2019 01:31:08 GMT;Thu, 07 Mar 2019 21:26:20 GMT;10,728;2_39_92_436_2019-03-07 19:43:57.078543;2;2-39-92-436;CA-318;1087
Thu, 07 Mar 2019 19:49:03 GMT;Fri, 08 Mar 2019 01:44:38 GMT;Thu, 07 Mar 2019 21:47:43 GMT;6,383;2_39_90_26_2019-03-07 19:49:03.488191;2;2-39-90-26;CA-316;567
Thu, 07 Mar 2019 19:53:40 GMT;Fri, 08 Mar 2019 00:38:19 GMT;Thu, 07 Mar 2019 21:21:21 GMT;4,249;2_39_91_437_2019-03-07 19:53:40.418410;2;2-39-91-437;CA-317;891
Thu, 07 Mar 2019 20:25:47 GMT;Fri, 08 Mar 2019 03:17:55 GMT;Fri, 08 Mar 2019 03:18:53 GMT;6,81;2_39_78_362_2019-03-07 20:25:47.250919;2;2-39-78-362;CA-496;1124
Thu, 07 Mar 2019 20:45:35 GMT;Fri, 08 Mar 2019 13:38:55 GMT;Thu, 07 Mar 2019 21:58:39 GMT;2,425;2_39_88_438_2019-03-07 20:45:34.595732;2;2-39-88-438;CA-502;1082
Thu, 07 Mar 2019 21:11:53 GMT;Fri, 08 Mar 2019 00:07:31 GMT;Thu, 07 Mar 2019 23:27:30 GMT;14,205;2_39_125_21_2019-03-07 21:11:53.440329;2;2-39-125-21;CA-311;1912
Thu, 07 Mar 2019 22:29:13 GMT;Fri, 08 Mar 2019 00:02:36 GMT;Fri, 08 Mar 2019 00:02:00 GMT;7,9;2_39_78_360_2019-03-07 22:29:13.508517;2;2-39-78-360;CA-322;1137
Thu, 07 Mar 2019 22:34:54 GMT;Thu, 07 Mar 2019 23:46:16 GMT;Thu, 07 Mar 2019 23:46:07 GMT;0,937;2_39_78_363_2019-03-07 22:34:54.263425;2;2-39-78-363;CA-320;
Fri, 08 Mar 2019 00:20:03 GMT;Fri, 08 Mar 2019 01:05:44 GMT;Fri, 08 Mar 2019 00:57:29 GMT;0,905;2_39_78_360_2019-03-08 00:20:02.688734;2;2-39-78-360;CA-322;
Fri, 08 Mar 2019 01:05:00 GMT;Fri, 08 Mar 2019 04:04:33 GMT;Fri, 08 Mar 2019 02:12:49 GMT;3,734;2_39_131_30_2019-03-08 01:04:59.844127;2;2-39-131-30;CA-305;838
Fri, 08 Mar 2019 01:52:30 GMT;Fri, 08 Mar 2019 02:27:27 GMT;Fri, 08 Mar 2019 02:23:02 GMT;0,844;2_39_139_28_2019-03-08 01:52:30.053166;2;2-39-139-28;CA-303;
Fri, 08 Mar 2019 01:54:19 GMT;Fri, 08 Mar 2019 04:17:18 GMT;Fri, 08 Mar 2019 04:16:53 GMT;7,512;2_39_91_437_2019-03-08 01:54:18.647839;2;2-39-91-437;CA-317;1746
Fri, 08 Mar 2019 03:06:08 GMT;Fri, 08 Mar 2019 04:05:30 GMT;Fri, 08 Mar 2019 03:51:50 GMT;0,878;2_39_139_28_2019-03-08 03:06:07.559300;2;2-39-139-28;CA-303;
Fri, 08 Mar 2019 03:39:28 GMT;Fri, 08 Mar 2019 14:49:59 GMT;Fri, 08 Mar 2019 05:45:06 GMT;13,346;2_39_125_21_2019-03-08 03:39:27.620638;2;2-39-125-21;CA-311;754
Fri, 08 Mar 2019 03:53:50 GMT;Fri, 08 Mar 2019 05:12:27 GMT;Fri, 08 Mar 2019 04:23:58 GMT;0,857;2_39_130_31_2019-03-08 03:53:49.917225;2;2-39-130-31;CA-306;
Fri, 08 Mar 2019 04:08:46 GMT;Fri, 08 Mar 2019 05:55:57 GMT;Fri, 08 Mar 2019 05:55:45 GMT;11,99;2_39_123_23_2019-03-08 04:08:45.832253;2;2-39-123-23;CA-313;637
Fri, 08 Mar 2019 04:43:31 GMT;Sat, 09 Mar 2019 19:48:06 GMT;Fri, 08 Mar 2019 06:48:49 GMT;13,781;2_39_79_382_2019-03-08 04:43:31.271946;2;2-39-79-382;CA-491;565
Fri, 08 Mar 2019 04:49:42 GMT;Fri, 08 Mar 2019 07:02:30 GMT;Fri, 08 Mar 2019 07:02:05 GMT;10,258;2_39_138_29_2019-03-08 04:49:41.565567;2;2-39-138-29;CA-304;1099
Fri, 08 Mar 2019 14:06:58 GMT;Fri, 08 Mar 2019 15:21:04 GMT;Fri, 08 Mar 2019 15:20:59 GMT;3,504;2_39_89_25_2019-03-08 14:06:58.131313;2;2-39-89-25;CA-315;743
Fri, 08 Mar 2019 15:29:18 GMT;Fri, 08 Mar 2019 15:42:28 GMT;Fri, 08 Mar 2019 15:42:25 GMT;1,424;2_39_78_366_2019-03-08 15:29:17.548894;2;2-39-78-366;CA-323;569
Fri, 08 Mar 2019 15:58:21 GMT;Sat, 09 Mar 2019 00:42:35 GMT;Fri, 08 Mar 2019 17:45:28 GMT;5,572;2_39_125_21_2019-03-08 15:58:20.775877;2;2-39-125-21;CA-311;858
Fri, 08 Mar 2019 15:59:54 GMT;Sat, 09 Mar 2019 01:19:25 GMT;Fri, 08 Mar 2019 21:13:28 GMT;0,868;2_39_78_366_2019-03-08 15:59:54.095146;2;2-39-78-366;CA-323;
Fri, 08 Mar 2019 16:02:12 GMT;Sat, 09 Mar 2019 01:47:04 GMT;Fri, 08 Mar 2019 16:39:18 GMT;2,252;2_39_79_380_2019-03-08 16:02:11.857444;2;2-39-79-380;CA-489;1126
Fri, 08 Mar 2019 16:09:48 GMT;Sat, 09 Mar 2019 01:20:23 GMT;Fri, 08 Mar 2019 22:44:00 GMT;42,965;2_39_92_442_2019-03-08 16:09:48.018961;2;2-39-92-442;CA-498;818
Fri, 08 Mar 2019 16:12:33 GMT;Sat, 09 Mar 2019 05:57:37 GMT;Fri, 08 Mar 2019 22:26:04 GMT;14,344;2_39_79_379_2019-03-08 16:12:32.944910;2;2-39-79-379;CA-327;676
Fri, 08 Mar 2019 16:24:04 GMT;Sat, 09 Mar 2019 04:38:36 GMT;Fri, 08 Mar 2019 21:31:26 GMT;11,83;2_39_79_383_2019-03-08 16:24:03.778123;2;2-39-79-383;CA-492;632
Fri, 08 Mar 2019 16:25:00 GMT;Sat, 09 Mar 2019 01:32:16 GMT;Fri, 08 Mar 2019 18:33:14 GMT;6,757;2_39_139_28_2019-03-08 16:24:59.546017;2;2-39-139-28;CA-303;559
Fri, 08 Mar 2019 16:26:47 GMT;Sat, 09 Mar 2019 03:06:13 GMT;Fri, 08 Mar 2019 22:30:58 GMT;4,412;2_39_78_364_2019-03-08 16:26:46.562523;2;2-39-78-364;CA-495;1524
Fri, 08 Mar 2019 16:34:24 GMT;Fri, 08 Mar 2019 20:14:14 GMT;Fri, 08 Mar 2019 19:16:33 GMT;15,585;2_39_92_436_2019-03-08 16:34:23.918644;2;2-39-92-436;CA-318;431
Fri, 08 Mar 2019 16:36:45 GMT;Sat, 09 Mar 2019 02:18:04 GMT;Fri, 08 Mar 2019 17:52:47 GMT;3,668;2_39_90_26_2019-03-08 16:36:44.576903;2;2-39-90-26;CA-316;891
Fri, 08 Mar 2019 16:37:14 GMT;Sat, 09 Mar 2019 02:20:11 GMT;Sat, 09 Mar 2019 01:46:29 GMT;0,991;2_39_131_30_2019-03-08 16:37:13.848936;2;2-39-131-30;CA-305;
Fri, 08 Mar 2019 16:55:55 GMT;Sat, 09 Mar 2019 01:43:03 GMT;Fri, 08 Mar 2019 22:25:53 GMT;8,927;2_39_79_381_2019-03-08 16:55:55.491823;2;2-39-79-381;CA-490;714
Fri, 08 Mar 2019 16:57:05 GMT;Fri, 08 Mar 2019 20:12:05 GMT;Fri, 08 Mar 2019 20:12:04 GMT;10,232;2_39_79_377_2019-03-08 16:57:05.103003;2;2-39-79-377;CA-325;1285
Fri, 08 Mar 2019 17:01:09 GMT;Sat, 09 Mar 2019 02:18:26 GMT;Sat, 09 Mar 2019 01:59:05 GMT;22,632;2_39_78_365_2019-03-08 17:01:08.707057;2;2-39-78-365;CA-321;579
Fri, 08 Mar 2019 17:07:26 GMT;Sat, 09 Mar 2019 02:44:12 GMT;Fri, 08 Mar 2019 18:21:51 GMT;4,209;2_39_129_17_2019-03-08 17:07:25.733934;2;2-39-129-17;CA-307;567
Fri, 08 Mar 2019 17:12:07 GMT;Sat, 09 Mar 2019 01:41:51 GMT;Fri, 08 Mar 2019 18:53:43 GMT;5,201;2_39_89_25_2019-03-08 17:12:06.907562;2;2-39-89-25;CA-315;743
Fri, 08 Mar 2019 17:25:53 GMT;Sat, 09 Mar 2019 00:46:16 GMT;Fri, 08 Mar 2019 21:40:54 GMT;11,476;2_39_79_376_2019-03-08 17:25:53.339471;2;2-39-79-376;CA-324;1470
Fri, 08 Mar 2019 17:26:53 GMT;Fri, 08 Mar 2019 23:50:31 GMT;Fri, 08 Mar 2019 19:59:31 GMT;8,237;2_39_88_438_2019-03-08 17:26:53.178981;2;2-39-88-438;CA-502;1534
Fri, 08 Mar 2019 18:09:42 GMT;Sat, 09 Mar 2019 02:36:53 GMT;Sat, 09 Mar 2019 02:35:37 GMT;11,296;2_39_95_27_2019-03-08 18:09:42.487144;2;2-39-95-27;CA-319;1095
Fri, 08 Mar 2019 18:09:58 GMT;Sat, 09 Mar 2019 03:15:06 GMT;Fri, 08 Mar 2019 22:40:45 GMT;28,979;2_39_91_437_2019-03-08 18:09:57.951811;2;2-39-91-437;CA-317;558
Fri, 08 Mar 2019 18:22:05 GMT;Sat, 09 Mar 2019 00:36:33 GMT;Sat, 09 Mar 2019 00:00:35 GMT;17,92;2_39_78_367_2019-03-08 18:22:05.160713;2;2-39-78-367;CA-494;832
Fri, 08 Mar 2019 18:33:19 GMT;Fri, 08 Mar 2019 23:18:57 GMT;Fri, 08 Mar 2019 20:47:08 GMT;14,325;2_39_127_19_2019-03-08 18:33:19.094455;2;2-39-127-19;CA-309;1912
Fri, 08 Mar 2019 19:11:43 GMT;Sat, 09 Mar 2019 01:49:28 GMT;Sat, 09 Mar 2019 00:43:47 GMT;6,649;2_39_95_444_2019-03-08 19:11:43.155423;2;2-39-95-444;CA-497;1274
Fri, 08 Mar 2019 20:24:33 GMT;Sat, 09 Mar 2019 02:04:14 GMT;Fri, 08 Mar 2019 22:39:15 GMT;7,433;2_39_123_23_2019-03-08 20:24:32.984265;2;2-39-123-23;CA-313;515
Fri, 08 Mar 2019 20:26:44 GMT;Sat, 09 Mar 2019 01:44:25 GMT;Fri, 08 Mar 2019 22:11:37 GMT;3,536;2_39_79_377_2019-03-08 20:26:43.535695;2;2-39-79-377;CA-325;1285
Fri, 08 Mar 2019 20:27:43 GMT;Sat, 09 Mar 2019 00:34:32 GMT;Sat, 09 Mar 2019 00:01:24 GMT;5,906;2_39_78_360_2019-03-08 20:27:42.716684;2;2-39-78-360;CA-322;1083
Fri, 08 Mar 2019 20:52:10 GMT;Sat, 09 Mar 2019 04:22:08 GMT;Fri, 08 Mar 2019 21:59:44 GMT;2,251;2_39_89_439_2019-03-08 20:52:09.906504;2;2-39-89-439;CA-501;1082
Fri, 08 Mar 2019 21:21:05 GMT;Sat, 09 Mar 2019 01:14:58 GMT;Fri, 08 Mar 2019 23:21:32 GMT;6,52;2_39_92_436_2019-03-08 21:21:05.033466;2;2-39-92-436;CA-318;1124
Fri, 08 Mar 2019 21:39:16 GMT;Sat, 09 Mar 2019 00:02:38 GMT;Sat, 09 Mar 2019 00:02:34 GMT;8,39;2_39_91_441_2019-03-08 21:39:15.759787;2;2-39-91-441;CA-499;1135
Fri, 08 Mar 2019 22:31:25 GMT;Fri, 08 Mar 2019 23:02:41 GMT;Fri, 08 Mar 2019 23:02:13 GMT;0,887;2_39_130_31_2019-03-08 22:31:25.068000;2;2-39-130-31;CA-306;
Fri, 08 Mar 2019 23:44:31 GMT;Sat, 09 Mar 2019 05:17:27 GMT;Sat, 09 Mar 2019 04:15:14 GMT;15,488;2_39_130_31_2019-03-08 23:44:31.189846;2;2-39-130-31;CA-306;838
Sat, 09 Mar 2019 00:53:28 GMT;Sat, 09 Mar 2019 04:53:43 GMT;Sat, 09 Mar 2019 04:33:25 GMT;23,534;2_39_127_19_2019-03-09 00:53:28.258372;2;2-39-127-19;CA-309;710
Sat, 09 Mar 2019 03:19:24 GMT;Sat, 09 Mar 2019 06:28:25 GMT;Sat, 09 Mar 2019 04:46:05 GMT;4,339;2_39_79_380_2019-03-09 03:19:24.110695;2;2-39-79-380;CA-489;1864
Sat, 09 Mar 2019 06:04:34 GMT;Sat, 09 Mar 2019 17:12:03 GMT;Sat, 09 Mar 2019 13:53:41 GMT;51,707;2_39_139_28_2019-03-09 06:04:33.879307;2;2-39-139-28;CA-303;489
Sat, 09 Mar 2019 17:45:34 GMT;Sat, 09 Mar 2019 19:33:48 GMT;Sat, 09 Mar 2019 18:15:46 GMT;0,897;2_39_83_386_2019-03-09 17:45:33.718201;2;2-39-83-386;CA-212;
Sat, 09 Mar 2019 17:50:22 GMT;Sat, 09 Mar 2019 21:12:07 GMT;Sat, 09 Mar 2019 21:12:03 GMT;12,017;2_39_79_378_2019-03-09 17:50:21.758623;2;2-39-79-378;CA-326;1135
Sat, 09 Mar 2019 18:20:33 GMT;Sat, 09 Mar 2019 19:18:01 GMT;Sat, 09 Mar 2019 19:17:57 GMT;6,625;2_39_139_28_2019-03-09 18:20:33.008992;2;2-39-139-28;CA-303;248
Sat, 09 Mar 2019 20:02:09 GMT;Sat, 09 Mar 2019 21:39:49 GMT;Sat, 09 Mar 2019 21:39:45 GMT;11,216;2_39_95_27_2019-03-09 20:02:09.138882;2;2-39-95-27;CA-319;231
Sat, 09 Mar 2019 22:26:35 GMT;Sun, 10 Mar 2019 18:53:03 GMT;Sun, 10 Mar 2019 01:30:56 GMT;10,636;2_39_139_28_2019-03-09 22:26:34.727252;2;2-39-139-28;CA-303;838
Sat, 09 Mar 2019 22:52:15 GMT;Sun, 10 Mar 2019 00:52:11 GMT;Sun, 10 Mar 2019 00:46:28 GMT;4,471;2_39_125_21_2019-03-09 22:52:15.220567;2;2-39-125-21;CA-311;1746
Sun, 10 Mar 2019 00:24:36 GMT;Sun, 10 Mar 2019 02:23:36 GMT;Sun, 10 Mar 2019 01:09:26 GMT;1,873;2_39_131_30_2019-03-10 00:24:35.563117;2;2-39-131-30;CA-305;1366
Sun, 10 Mar 2019 02:52:08 GMT;Sun, 10 Mar 2019 05:57:41 GMT;Sun, 10 Mar 2019 05:41:57 GMT;5,669;2_39_83_386_2019-03-10 02:52:08.239817;2;2-39-83-386;CA-212;1864
Sun, 10 Mar 2019 03:51:37 GMT;Sun, 10 Mar 2019 05:07:16 GMT;Sun, 10 Mar 2019 06:07:12 GMT;4,509;2_39_89_25_2019-03-10 03:51:36.645706;2;2-39-89-25;CA-315;1135
Sun, 10 Mar 2019 04:32:14 GMT;Sun, 10 Mar 2019 15:38:55 GMT;Sun, 10 Mar 2019 06:40:16 GMT;3,238;2_39_79_380_2019-03-10 04:32:13.605345;2;2-39-79-380;CA-489;1366
Sun, 10 Mar 2019 16:23:06 GMT;Sun, 10 Mar 2019 17:37:54 GMT;Sun, 10 Mar 2019 17:37:50 GMT;4,258;2_39_89_25_2019-03-10 16:23:05.891072;2;2-39-89-25;CA-315;743
Sun, 10 Mar 2019 19:12:06 GMT;Sun, 10 Mar 2019 20:16:12 GMT;Sun, 10 Mar 2019 20:15:55 GMT;7,004;2_39_131_30_2019-03-10 19:12:05.574446;2;2-39-131-30;CA-305;1957
Sun, 10 Mar 2019 19:27:57 GMT;Sun, 10 Mar 2019 23:37:32 GMT;Sun, 10 Mar 2019 23:37:16 GMT;24,824;2_39_79_377_2019-03-10 19:27:57.467135;2;2-39-79-377;CA-325;1214
Sun, 10 Mar 2019 20:31:54 GMT;Mon, 11 Mar 2019 01:45:42 GMT;Sun, 10 Mar 2019 23:22:47 GMT;17,782;2_39_131_30_2019-03-10 20:31:53.566989;2;2-39-131-30;CA-305;1816
Sun, 10 Mar 2019 21:31:09 GMT;Mon, 11 Mar 2019 05:01:27 GMT;Mon, 11 Mar 2019 02:00:37 GMT;22,42;2_39_128_18_2019-03-10 21:31:09.477634;2;2-39-128-18;CA-308;1085
Sun, 10 Mar 2019 23:51:15 GMT;Mon, 11 Mar 2019 01:40:58 GMT;Mon, 11 Mar 2019 01:40:52 GMT;5,133;2_39_79_378_2019-03-10 23:51:15.219475;2;2-39-79-378;CA-326;1135
Mon, 11 Mar 2019 01:18:20 GMT;Mon, 11 Mar 2019 04:46:19 GMT;Mon, 11 Mar 2019 03:33:52 GMT;13,635;2_39_91_437_2019-03-11 01:18:20.006896;2;2-39-91-437;CA-317;754
Mon, 11 Mar 2019 02:31:53 GMT;Mon, 11 Mar 2019 15:29:30 GMT;Mon, 11 Mar 2019 09:22:09 GMT;44,135;2_39_139_28_2019-03-11 02:31:52.545435;2;2-39-139-28;CA-303;489
Mon, 11 Mar 2019 02:36:21 GMT;Mon, 11 Mar 2019 03:45:11 GMT;Mon, 11 Mar 2019 03:45:06 GMT;7,188;2_39_125_21_2019-03-11 02:36:21.240285;2;2-39-125-21;CA-311;243
Mon, 11 Mar 2019 03:24:57 GMT;Mon, 11 Mar 2019 05:38:52 GMT;Mon, 11 Mar 2019 05:38:47 GMT;13,544;2_39_131_30_2019-03-11 03:24:56.619809;2;2-39-131-30;CA-305;1099
Mon, 11 Mar 2019 13:24:31 GMT;Mon, 11 Mar 2019 14:38:12 GMT;Mon, 11 Mar 2019 14:38:08 GMT;4,178;2_39_89_25_2019-03-11 13:24:30.798601;2;2-39-89-25;CA-315;743
Mon, 11 Mar 2019 15:03:35 GMT;Mon, 11 Mar 2019 23:05:08 GMT;Mon, 11 Mar 2019 17:02:15 GMT;6,261;2_39_123_23_2019-03-11 15:03:34.855674;2;2-39-123-23;CA-313;858
Mon, 11 Mar 2019 15:08:28 GMT;Tue, 12 Mar 2019 00:03:29 GMT;Mon, 11 Mar 2019 23:55:57 GMT;33,272;2_39_78_366_2019-03-11 15:08:27.736360;2;2-39-78-366;CA-323;569
Mon, 11 Mar 2019 15:30:10 GMT;Tue, 12 Mar 2019 02:01:01 GMT;Mon, 11 Mar 2019 17:48:05 GMT;13,153;2_39_125_21_2019-03-11 15:30:10.062770;2;2-39-125-21;CA-311;945
Mon, 11 Mar 2019 15:32:28 GMT;Tue, 12 Mar 2019 00:26:18 GMT;Mon, 11 Mar 2019 19:24:14 GMT;16,255;2_39_131_30_2019-03-11 15:32:27.788628;2;2-39-131-30;CA-305;559
Mon, 11 Mar 2019 15:34:48 GMT;Tue, 12 Mar 2019 02:31:00 GMT;Mon, 11 Mar 2019 17:36:53 GMT;6,608;2_39_124_558_2019-03-11 15:34:47.858205;2;2-39-124-558;CA-504;1534
Mon, 11 Mar 2019 15:40:10 GMT;Tue, 12 Mar 2019 00:44:43 GMT;Mon, 11 Mar 2019 20:33:01 GMT;22,828;2_39_79_383_2019-03-11 15:40:10.271438;2;2-39-79-383;CA-492;1104
Mon, 11 Mar 2019 15:56:31 GMT;Tue, 12 Mar 2019 01:05:27 GMT;Mon, 11 Mar 2019 18:19:33 GMT;8,513;2_39_79_380_2019-03-11 15:56:30.997177;2;2-39-79-380;CA-489;714
Mon, 11 Mar 2019 16:06:56 GMT;Tue, 12 Mar 2019 01:54:10 GMT;Mon, 11 Mar 2019 17:19:06 GMT;4,005;2_39_129_17_2019-03-11 16:06:55.569682;2;2-39-129-17;CA-307;567
Mon, 11 Mar 2019 16:07:20 GMT;Mon, 11 Mar 2019 19:47:05 GMT;Mon, 11 Mar 2019 17:31:08 GMT;4,356;2_39_139_28_2019-03-11 16:07:19.923097;2;2-39-139-28;CA-303;562
Mon, 11 Mar 2019 16:07:27 GMT;Tue, 12 Mar 2019 01:59:06 GMT;Mon, 11 Mar 2019 23:34:03 GMT;13,61;2_39_79_381_2019-03-11 16:07:26.767476;2;2-39-79-381;CA-490;632
Mon, 11 Mar 2019 16:13:57 GMT;Mon, 11 Mar 2019 17:30:02 GMT;Mon, 11 Mar 2019 17:29:58 GMT;4,256;2_39_95_27_2019-03-11 16:13:56.909578;2;2-39-95-27;CA-319;1108
Mon, 11 Mar 2019 16:16:02 GMT;Mon, 11 Mar 2019 22:53:34 GMT;Mon, 11 Mar 2019 21:28:58 GMT;25,071;2_39_79_377_2019-03-11 16:16:01.653325;2;2-39-79-377;CA-325;1470
Mon, 11 Mar 2019 16:33:08 GMT;Tue, 12 Mar 2019 01:40:26 GMT;Mon, 11 Mar 2019 18:13:21 GMT;5,037;2_39_89_25_2019-03-11 16:33:08.127363;2;2-39-89-25;CA-315;743
Mon, 11 Mar 2019 16:36:40 GMT;Mon, 11 Mar 2019 23:08:54 GMT;Mon, 11 Mar 2019 18:47:49 GMT;13,705;2_39_90_26_2019-03-11 16:36:40.118728;2;2-39-90-26;CA-316;1912
Mon, 11 Mar 2019 17:17:33 GMT;Tue, 12 Mar 2019 01:03:05 GMT;Mon, 11 Mar 2019 18:26:34 GMT;3,159;2_39_91_437_2019-03-11 17:17:33.019137;2;2-39-91-437;CA-317;891
Mon, 11 Mar 2019 17:21:31 GMT;Tue, 12 Mar 2019 01:08:34 GMT;Mon, 11 Mar 2019 20:06:51 GMT;12,505;2_39_78_367_2019-03-11 17:21:30.533859;2;2-39-78-367;CA-494;1095
Mon, 11 Mar 2019 17:21:54 GMT;Mon, 11 Mar 2019 18:34:37 GMT;Mon, 11 Mar 2019 18:34:32 GMT;8,049;2_39_95_444_2019-03-11 17:21:54.181305;2;2-39-95-444;CA-497;668
Mon, 11 Mar 2019 17:40:15 GMT;Tue, 12 Mar 2019 01:25:43 GMT;Tue, 12 Mar 2019 01:03:07 GMT;0,872;2_39_79_382_2019-03-11 17:40:15.294722;2;2-39-79-382;CA-491;
Mon, 11 Mar 2019 17:41:05 GMT;Tue, 12 Mar 2019 01:43:30 GMT;Mon, 11 Mar 2019 19:33:19 GMT;11,373;2_39_89_439_2019-03-11 17:41:05.058480;2;2-39-89-439;CA-501;69
Mon, 11 Mar 2019 18:10:41 GMT;Tue, 12 Mar 2019 01:18:16 GMT;Mon, 11 Mar 2019 22:38:15 GMT;15,49;2_39_127_19_2019-03-11 18:10:41.488475;2;2-39-127-19;CA-309;712
Mon, 11 Mar 2019 18:18:32 GMT;Mon, 11 Mar 2019 21:14:44 GMT;Mon, 11 Mar 2019 21:14:40 GMT;6,764;2_39_79_376_2019-03-11 18:18:31.705382;2;2-39-79-376;CA-324;1137
Mon, 11 Mar 2019 19:22:13 GMT;Mon, 11 Mar 2019 22:56:45 GMT;Mon, 11 Mar 2019 21:50:24 GMT;6,604;2_39_78_365_2019-03-11 19:22:12.617534;2;2-39-78-365;CA-321;1083
Mon, 11 Mar 2019 19:29:53 GMT;Mon, 11 Mar 2019 23:39:28 GMT;Mon, 11 Mar 2019 22:39:49 GMT;0,785;2_39_91_441_2019-03-11 19:29:53.370484;2;2-39-91-441;CA-499;
Mon, 11 Mar 2019 19:39:07 GMT;Tue, 12 Mar 2019 01:11:14 GMT;Mon, 11 Mar 2019 21:34:51 GMT;5,94;2_39_78_363_2019-03-11 19:39:07.147882;2;2-39-78-363;CA-320;1366
Mon, 11 Mar 2019 19:50:06 GMT;Mon, 11 Mar 2019 20:52:07 GMT;Mon, 11 Mar 2019 20:51:58 GMT;3,614;2_39_92_436_2019-03-11 19:50:06.219958;2;2-39-92-436;CA-318;1384
Mon, 11 Mar 2019 19:59:56 GMT;Tue, 12 Mar 2019 02:26:38 GMT;Mon, 11 Mar 2019 22:00:42 GMT;6,573;2_39_95_27_2019-03-11 19:59:55.544745;2;2-39-95-27;CA-319;1124
Mon, 11 Mar 2019 20:52:32 GMT;Tue, 12 Mar 2019 01:38:26 GMT;Mon, 11 Mar 2019 21:24:50 GMT;1,577;2_39_126_20_2019-03-11 20:52:31.791134;2;2-39-126-20;CA-310;562
Mon, 11 Mar 2019 21:43:42 GMT;Mon, 11 Mar 2019 23:03:50 GMT;Mon, 11 Mar 2019 23:03:45 GMT;4,102;2_39_128_18_2019-03-11 21:43:42.401079;2;2-39-128-18;CA-308;1236
Mon, 11 Mar 2019 22:01:15 GMT;Tue, 12 Mar 2019 01:11:35 GMT;Tue, 12 Mar 2019 00:13:07 GMT;7,907;2_39_79_376_2019-03-11 22:01:14.527108;2;2-39-79-376;CA-324;515
Mon, 11 Mar 2019 23:34:58 GMT;Tue, 12 Mar 2019 01:00:05 GMT;Tue, 12 Mar 2019 00:59:56 GMT;4,808;2_39_128_18_2019-03-11 23:34:57.668213;2;2-39-128-18;CA-308;774
Mon, 11 Mar 2019 23:57:29 GMT;Tue, 12 Mar 2019 03:35:40 GMT;Tue, 12 Mar 2019 03:35:20 GMT;12,157;2_39_123_23_2019-03-11 23:57:28.552776;2;2-39-123-23;CA-313;1135
Tue, 12 Mar 2019 01:14:07 GMT;Tue, 12 Mar 2019 02:30:10 GMT;Tue, 12 Mar 2019 02:30:05 GMT;4,19;2_39_131_30_2019-03-12 01:14:06.831904;2;2-39-131-30;CA-305;1164
Tue, 12 Mar 2019 01:14:52 GMT;Tue, 12 Mar 2019 02:41:49 GMT;Tue, 12 Mar 2019 02:32:17 GMT;7,887;2_39_124_22_2019-03-12 01:14:51.846588;2;2-39-124-22;CA-312;1133
Tue, 12 Mar 2019 01:35:39 GMT;Tue, 12 Mar 2019 14:54:21 GMT;Tue, 12 Mar 2019 06:08:20 GMT;15,753;2_39_139_28_2019-03-12 01:35:38.645672;2;2-39-139-28;CA-303;1152
Tue, 12 Mar 2019 01:46:23 GMT;Tue, 12 Mar 2019 03:32:47 GMT;Tue, 12 Mar 2019 03:22:55 GMT;9,871;2_39_128_18_2019-03-12 01:46:23.095089;2;2-39-128-18;CA-308;1274
Tue, 12 Mar 2019 02:04:57 GMT;Tue, 12 Mar 2019 05:27:38 GMT;Tue, 12 Mar 2019 04:03:45 GMT;12,659;2_39_91_437_2019-03-12 02:04:56.812568;2;2-39-91-437;CA-317;754
Tue, 12 Mar 2019 03:26:15 GMT;Tue, 12 Mar 2019 13:40:41 GMT;Tue, 12 Mar 2019 07:51:16 GMT;15,438;2_39_131_30_2019-03-12 03:26:15.445863;2;2-39-131-30;CA-305;838
Tue, 12 Mar 2019 05:07:44 GMT;Thu, 14 Mar 2019 05:33:47 GMT;Tue, 12 Mar 2019 08:50:19 GMT;11,71;2_39_127_19_2019-03-12 05:07:44.494336;2;2-39-127-19;CA-309;1202
Tue, 12 Mar 2019 13:27:17 GMT;Tue, 12 Mar 2019 14:28:12 GMT;Tue, 12 Mar 2019 14:28:04 GMT;3,483;2_39_89_25_2019-03-12 13:27:17.070765;2;2-39-89-25;CA-315;743
Tue, 12 Mar 2019 13:42:13 GMT;Wed, 13 Mar 2019 03:21:49 GMT;Tue, 12 Mar 2019 19:30:54 GMT;16,054;2_39_79_379_2019-03-12 13:42:13.351262;2;2-39-79-379;CA-327;676
Tue, 12 Mar 2019 14:21:13 GMT;Tue, 12 Mar 2019 23:11:09 GMT;Tue, 12 Mar 2019 22:43:22 GMT;9,166;2_39_78_366_2019-03-12 14:21:13.015501;2;2-39-78-366;CA-323;569
Tue, 12 Mar 2019 15:02:48 GMT;Tue, 12 Mar 2019 23:23:55 GMT;Tue, 12 Mar 2019 16:40:19 GMT;5,058;2_39_123_23_2019-03-12 15:02:47.542967;2;2-39-123-23;CA-313;858
Tue, 12 Mar 2019 15:22:54 GMT;Wed, 13 Mar 2019 00:16:35 GMT;Tue, 12 Mar 2019 23:40:40 GMT;47,426;2_39_92_442_2019-03-12 15:22:54.140318;2;2-39-92-442;CA-498;818
Tue, 12 Mar 2019 15:28:43 GMT;Wed, 13 Mar 2019 00:26:29 GMT;Tue, 12 Mar 2019 15:49:59 GMT;1,297;2_39_79_380_2019-03-12 15:28:43.408554;2;2-39-79-380;CA-489;1126
Tue, 12 Mar 2019 15:42:12 GMT;Wed, 13 Mar 2019 01:15:06 GMT;Tue, 12 Mar 2019 17:51:02 GMT;13,422;2_39_125_21_2019-03-12 15:42:11.516939;2;2-39-125-21;CA-311;945
Tue, 12 Mar 2019 15:42:25 GMT;Tue, 12 Mar 2019 20:09:32 GMT;Tue, 12 Mar 2019 20:09:27 GMT;28,543;2_39_79_382_2019-03-12 15:42:25.069255;2;2-39-79-382;CA-491;1208
Tue, 12 Mar 2019 15:52:37 GMT;Wed, 13 Mar 2019 00:46:46 GMT;Tue, 12 Mar 2019 21:45:22 GMT;20,875;2_39_79_377_2019-03-12 15:52:37.064834;2;2-39-79-377;CA-325;1104
Tue, 12 Mar 2019 15:54:35 GMT;Wed, 13 Mar 2019 00:22:45 GMT;Tue, 12 Mar 2019 16:39:04 GMT;4,826;2_39_78_360_2019-03-12 15:54:34.897645;2;2-39-78-360;CA-322;1154
Tue, 12 Mar 2019 16:00:18 GMT;Wed, 13 Mar 2019 02:16:57 GMT;Wed, 13 Mar 2019 00:20:29 GMT;6,556;2_39_139_28_2019-03-12 16:00:17.588460;2;2-39-139-28;CA-303;567
Tue, 12 Mar 2019 16:02:21 GMT;Wed, 13 Mar 2019 01:06:38 GMT;Tue, 12 Mar 2019 17:44:56 GMT;5,423;2_39_131_30_2019-03-12 16:02:20.944894;2;2-39-131-30;CA-305;562
Tue, 12 Mar 2019 16:03:31 GMT;Tue, 12 Mar 2019 23:17:07 GMT;Tue, 12 Mar 2019 18:16:58 GMT;7,711;2_39_129_17_2019-03-12 16:03:30.623426;2;2-39-129-17;CA-307;712
Tue, 12 Mar 2019 16:11:05 GMT;Tue, 12 Mar 2019 20:43:52 GMT;Tue, 12 Mar 2019 20:33:04 GMT;21,088;2_39_78_363_2019-03-12 16:11:04.691216;2;2-39-78-363;CA-320;579
Tue, 12 Mar 2019 16:11:45 GMT;Wed, 13 Mar 2019 03:02:11 GMT;Wed, 13 Mar 2019 03:03:10 GMT;2,699;2_39_78_362_2019-03-12 16:11:44.969709;2;2-39-78-362;CA-496;1366
Tue, 12 Mar 2019 16:13:17 GMT;Wed, 13 Mar 2019 00:15:38 GMT;Tue, 12 Mar 2019 17:56:36 GMT;5,291;2_39_89_25_2019-03-12 16:13:17.386691;2;2-39-89-25;CA-315;743
Tue, 12 Mar 2019 16:16:23 GMT;Tue, 12 Mar 2019 23:02:05 GMT;Tue, 12 Mar 2019 18:42:27 GMT;7,906;2_39_88_438_2019-03-12 16:16:23.455854;2;2-39-88-438;CA-502;1534
Tue, 12 Mar 2019 16:30:42 GMT;Wed, 13 Mar 2019 00:57:17 GMT;Tue, 12 Mar 2019 20:46:50 GMT;28,374;2_39_90_440_2019-03-12 16:30:42.209819;2;2-39-90-440;CA-500;1957
Tue, 12 Mar 2019 16:32:16 GMT;Tue, 12 Mar 2019 18:06:07 GMT;Tue, 12 Mar 2019 18:06:03 GMT;10,068;2_39_138_29_2019-03-12 16:32:15.680179;2;2-39-138-29;CA-304;1912
Tue, 12 Mar 2019 16:41:56 GMT;Wed, 13 Mar 2019 00:01:42 GMT;Tue, 12 Mar 2019 18:25:45 GMT;4,489;2_39_90_26_2019-03-12 16:41:55.866543;2;2-39-90-26;CA-316;620
Tue, 12 Mar 2019 16:44:55 GMT;Tue, 12 Mar 2019 22:01:33 GMT;Tue, 12 Mar 2019 18:11:36 GMT;3,589;2_39_79_376_2019-03-12 16:44:55.135082;2;2-39-79-376;CA-324;1083
Tue, 12 Mar 2019 16:47:31 GMT;Wed, 13 Mar 2019 01:20:20 GMT;Tue, 12 Mar 2019 18:35:17 GMT;10,615;2_39_138_566_2019-03-12 16:47:30.945414;2;2-39-138-566;CA-512;69
Tue, 12 Mar 2019 17:10:38 GMT;Wed, 13 Mar 2019 02:10:49 GMT;Tue, 12 Mar 2019 18:27:27 GMT;7,838;2_39_95_444_2019-03-12 17:10:37.707875;2;2-39-95-444;CA-497;558
Tue, 12 Mar 2019 17:12:11 GMT;Wed, 13 Mar 2019 01:20:26 GMT;Tue, 12 Mar 2019 21:28:03 GMT;6,867;2_39_79_381_2019-03-12 17:12:11.019410;2;2-39-79-381;CA-490;714
Tue, 12 Mar 2019 17:19:35 GMT;Wed, 13 Mar 2019 02:14:40 GMT;Tue, 12 Mar 2019 20:15:06 GMT;13,564;2_39_91_437_2019-03-12 17:19:35.190056;2;2-39-91-437;CA-317;958
Tue, 12 Mar 2019 17:46:50 GMT;Tue, 12 Mar 2019 23:24:48 GMT;Tue, 12 Mar 2019 23:16:56 GMT;8,011;2_39_78_365_2019-03-12 17:46:49.619374;2;2-39-78-365;CA-321;1137
Tue, 12 Mar 2019 18:09:35 GMT;Wed, 13 Mar 2019 01:20:06 GMT;Tue, 12 Mar 2019 22:39:47 GMT;13,337;2_39_79_383_2019-03-12 18:09:35.147161;2;2-39-79-383;CA-492;1095
Tue, 12 Mar 2019 18:42:06 GMT;Tue, 12 Mar 2019 23:23:16 GMT;Tue, 12 Mar 2019 23:17:17 GMT;0,715;2_39_124_22_2019-03-12 18:42:05.721489;2;2-39-124-22;CA-312;
Tue, 12 Mar 2019 18:52:53 GMT;Tue, 12 Mar 2019 21:57:39 GMT;Tue, 12 Mar 2019 21:57:34 GMT;20,592;2_39_89_439_2019-03-12 18:52:53.258592;2;2-39-89-439;CA-501;234
Tue, 12 Mar 2019 18:53:47 GMT;Wed, 13 Mar 2019 02:00:53 GMT;Tue, 12 Mar 2019 21:07:53 GMT;7,502;2_39_95_27_2019-03-12 18:53:46.894867;2;2-39-95-27;CA-319;515
Tue, 12 Mar 2019 18:58:17 GMT;Tue, 12 Mar 2019 19:20:41 GMT;Tue, 12 Mar 2019 19:21:40 GMT;2,438;2_39_88_24_2019-03-12 18:58:17.297884;2;2-39-88-24;CA-314;1912
Tue, 12 Mar 2019 19:21:17 GMT;Tue, 12 Mar 2019 23:30:56 GMT;Tue, 12 Mar 2019 19:46:17 GMT;2,138;2_39_88_24_2019-03-12 19:21:17.023628;2;2-39-88-24;CA-314;1912
Tue, 12 Mar 2019 19:32:27 GMT;Tue, 12 Mar 2019 20:57:43 GMT;Tue, 12 Mar 2019 20:20:15 GMT;2,073;2_39_78_364_2019-03-12 19:32:26.743153;2;2-39-78-364;CA-495;891
Tue, 12 Mar 2019 19:46:35 GMT;Wed, 13 Mar 2019 04:40:37 GMT;Tue, 12 Mar 2019 20:43:39 GMT;1,856;2_39_123_557_2019-03-12 19:46:35.060944;2;2-39-123-557;CA-503;1082
Tue, 12 Mar 2019 19:48:43 GMT;Tue, 12 Mar 2019 23:05:31 GMT;Tue, 12 Mar 2019 21:58:29 GMT;6,714;2_39_78_361_2019-03-12 19:48:43.081284;2;2-39-78-361;CA-493;1124
Tue, 12 Mar 2019 20:51:54 GMT;Wed, 13 Mar 2019 02:27:40 GMT;Wed, 13 Mar 2019 00:48:10 GMT;0,987;2_39_78_363_2019-03-12 20:51:54.080657;2;2-39-78-363;CA-320;
Tue, 12 Mar 2019 20:59:11 GMT;Tue, 12 Mar 2019 23:41:36 GMT;Tue, 12 Mar 2019 22:37:02 GMT;9,848;2_39_79_382_2019-03-12 20:59:10.753870;2;2-39-79-382;CA-491;1470
Tue, 12 Mar 2019 21:53:51 GMT;Tue, 12 Mar 2019 23:17:11 GMT;Tue, 12 Mar 2019 23:17:01 GMT;4;2_39_78_364_2019-03-12 21:53:50.961976;2;2-39-78-364;CA-495;1236,
Tue, 12 Mar 2019 23:05:20 GMT;Wed, 13 Mar 2019 00:29:20 GMT;Wed, 13 Mar 2019 00:29:15 GMT;4,572;2_39_79_376_2019-03-12 23:05:19.562371;2;2-39-79-376;CA-324;1108
Tue, 12 Mar 2019 23:17:27 GMT;Wed, 13 Mar 2019 01:09:13 GMT;Wed, 13 Mar 2019 01:09:10 GMT;5,847;2_39_78_361_2019-03-12 23:17:27.344263;2;2-39-78-361;CA-493;1161
Tue, 12 Mar 2019 23:48:00 GMT;Wed, 13 Mar 2019 13:24:46 GMT;Wed, 13 Mar 2019 04:13:08 GMT;15,11;2_39_129_17_2019-03-12 23:47:59.523047;2;2-39-129-17;CA-307;838
Wed, 13 Mar 2019 00:04:42 GMT;Wed, 13 Mar 2019 01:54:27 GMT;Wed, 13 Mar 2019 01:48:48 GMT;5,445;2_39_123_23_2019-03-13 00:04:42.138653;2;2-39-123-23;CA-313;1746
Wed, 13 Mar 2019 02:10:18 GMT;Wed, 13 Mar 2019 04:10:02 GMT;Wed, 13 Mar 2019 04:00:26 GMT;11,842;2_39_89_25_2019-03-13 02:10:18.291269;2;2-39-89-25;CA-315;754
Wed, 13 Mar 2019 05:12:55 GMT;Wed, 13 Mar 2019 14:07:12 GMT;Wed, 13 Mar 2019 08:31:39 GMT;21,361;2_39_79_378_2019-03-13 05:12:54.675744;2;2-39-79-378;CA-326;300
Wed, 13 Mar 2019 14:11:23 GMT;Thu, 14 Mar 2019 00:02:37 GMT;Wed, 13 Mar 2019 20:09:20 GMT;7,787;2_39_78_366_2019-03-13 14:11:23.488751;2;2-39-78-366;CA-323;569
Wed, 13 Mar 2019 14:55:34 GMT;Wed, 13 Mar 2019 17:25:15 GMT;Wed, 13 Mar 2019 17:21:41 GMT;5,88;2_39_79_379_2019-03-13 14:55:33.983560;2;2-39-79-379;CA-327;1083
Wed, 13 Mar 2019 15:30:24 GMT;Wed, 13 Mar 2019 22:33:06 GMT;Wed, 13 Mar 2019 18:47:45 GMT;13,895;2_39_139_28_2019-03-13 15:30:24.079606;2;2-39-139-28;CA-303;559
Wed, 13 Mar 2019 15:33:23 GMT;Thu, 14 Mar 2019 00:07:47 GMT;Thu, 14 Mar 2019 00:03:02 GMT;0,915;2_39_131_30_2019-03-13 15:33:23.106073;2;2-39-131-30;CA-305;
Wed, 13 Mar 2019 15:38:47 GMT;Thu, 14 Mar 2019 01:35:36 GMT;Wed, 13 Mar 2019 17:45:12 GMT;13,41;2_39_125_21_2019-03-13 15:38:46.621716;2;2-39-125-21;CA-311;945
Wed, 13 Mar 2019 15:40:28 GMT;Wed, 13 Mar 2019 23:51:05 GMT;Wed, 13 Mar 2019 18:41:04 GMT;10,865;2_39_79_378_2019-03-13 15:40:28.048485;2;2-39-79-378;CA-326;1470
Wed, 13 Mar 2019 15:43:05 GMT;Thu, 14 Mar 2019 00:37:46 GMT;Wed, 13 Mar 2019 22:09:51 GMT;39,877;2_39_88_438_2019-03-13 15:43:04.996934;2;2-39-88-438;CA-502;1122
Wed, 13 Mar 2019 15:47:02 GMT;Wed, 13 Mar 2019 19:30:25 GMT;Wed, 13 Mar 2019 18:51:58 GMT;8,896;2_39_129_17_2019-03-13 15:47:01.540567;2;2-39-129-17;CA-307;562
Wed, 13 Mar 2019 15:50:52 GMT;Thu, 14 Mar 2019 00:55:52 GMT;Wed, 13 Mar 2019 19:32:24 GMT;23,864;2_39_123_23_2019-03-13 15:50:51.955589;2;2-39-123-23;CA-313;710
Wed, 13 Mar 2019 16:00:59 GMT;Wed, 13 Mar 2019 18:13:55 GMT;Wed, 13 Mar 2019 18:13:43 GMT;11,874;2_39_78_361_2019-03-13 16:00:58.925411;2;2-39-78-361;CA-493;1001
Wed, 13 Mar 2019 16:01:12 GMT;Wed, 13 Mar 2019 23:50:52 GMT;Wed, 13 Mar 2019 20:23:42 GMT;14,239;2_39_130_31_2019-03-13 16:01:11.807890;2;2-39-130-31;CA-306;1364
Wed, 13 Mar 2019 16:02:34 GMT;Thu, 14 Mar 2019 00:36:30 GMT;Wed, 13 Mar 2019 17:26:02 GMT;4,11;2_39_89_25_2019-03-13 16:02:34.397850;2;2-39-89-25;CA-315;743
Wed, 13 Mar 2019 16:03:56 GMT;Wed, 13 Mar 2019 23:07:45 GMT;Wed, 13 Mar 2019 17:51:06 GMT;5,634;2_39_91_437_2019-03-13 16:03:55.571443;2;2-39-91-437;CA-317;858
Wed, 13 Mar 2019 16:06:53 GMT;Thu, 14 Mar 2019 02:52:41 GMT;Wed, 13 Mar 2019 21:05:03 GMT;8,689;2_39_79_381_2019-03-13 16:06:52.730902;2;2-39-79-381;CA-490;1154
Wed, 13 Mar 2019 16:09:48 GMT;Wed, 13 Mar 2019 23:06:12 GMT;Wed, 13 Mar 2019 18:03:49 GMT;11,872;2_39_128_18_2019-03-13 16:09:47.904534;2;2-39-128-18;CA-308;1912
Wed, 13 Mar 2019 16:11:09 GMT;Thu, 14 Mar 2019 03:15:49 GMT;Wed, 13 Mar 2019 18:05:50 GMT;11,536;2_39_91_441_2019-03-13 16:11:09.408372;2;2-39-91-441;CA-499;69
Wed, 13 Mar 2019 16:13:46 GMT;Wed, 13 Mar 2019 22:56:50 GMT;Wed, 13 Mar 2019 18:12:16 GMT;6,463;2_39_128_562_2019-03-13 16:13:45.670160;2;2-39-128-562;CA-508;1534
Wed, 13 Mar 2019 16:51:28 GMT;Thu, 14 Mar 2019 00:59:03 GMT;Wed, 13 Mar 2019 18:12:58 GMT;5,81;2_39_79_380_2019-03-13 16:51:27.762645;2;2-39-79-380;CA-489;714
Wed, 13 Mar 2019 16:51:56 GMT;Thu, 14 Mar 2019 01:03:08 GMT;Wed, 13 Mar 2019 19:36:39 GMT;11,978;2_39_79_376_2019-03-13 16:51:56.088533;2;2-39-79-376;CA-324;1095
Wed, 13 Mar 2019 16:58:04 GMT;Thu, 14 Mar 2019 00:28:45 GMT;Wed, 13 Mar 2019 18:44:39 GMT;5,096;2_39_124_22_2019-03-13 16:58:03.654963;2;2-39-124-22;CA-312;1481
Wed, 13 Mar 2019 17:12:16 GMT;Thu, 14 Mar 2019 02:14:42 GMT;Wed, 13 Mar 2019 18:58:32 GMT;11,064;2_39_90_26_2019-03-13 17:12:16.415030;2;2-39-90-26;CA-316;558
Wed, 13 Mar 2019 17:17:28 GMT;Thu, 14 Mar 2019 01:30:19 GMT;Wed, 13 Mar 2019 19:07:36 GMT;5,086;2_39_88_24_2019-03-13 17:17:28.374249;2;2-39-88-24;CA-314;1864
Wed, 13 Mar 2019 17:46:42 GMT;Thu, 14 Mar 2019 00:30:31 GMT;Wed, 13 Mar 2019 18:49:35 GMT;2,966;2_39_78_363_2019-03-13 17:46:42.343122;2;2-39-78-363;CA-320;891
Wed, 13 Mar 2019 18:30:36 GMT;Thu, 14 Mar 2019 08:30:42 GMT;Wed, 13 Mar 2019 19:34:34 GMT;2,114;2_39_95_27_2019-03-13 18:30:36.188275;2;2-39-95-27;CA-319;1082
Wed, 13 Mar 2019 18:31:28 GMT;Wed, 13 Mar 2019 23:35:40 GMT;Wed, 13 Mar 2019 23:15:58 GMT;0,874;2_39_78_361_2019-03-13 18:31:27.891263;2;2-39-78-361;CA-493;
Wed, 13 Mar 2019 19:34:06 GMT;Thu, 14 Mar 2019 01:07:37 GMT;Wed, 13 Mar 2019 20:02:33 GMT;1,251;2_39_79_379_2019-03-13 19:34:06.341133;2;2-39-79-379;CA-327;1083
Wed, 13 Mar 2019 19:48:29 GMT;Wed, 13 Mar 2019 23:13:00 GMT;Wed, 13 Mar 2019 21:03:32 GMT;3,015;2_39_126_20_2019-03-13 19:48:28.634942;2;2-39-126-20;CA-310;560
Wed, 13 Mar 2019 19:52:16 GMT;Wed, 13 Mar 2019 21:08:35 GMT;Wed, 13 Mar 2019 20:54:59 GMT;0,967;2_39_129_17_2019-03-13 19:52:16.252200;2;2-39-129-17;CA-307;
Wed, 13 Mar 2019 19:55:48 GMT;Thu, 14 Mar 2019 01:33:19 GMT;Wed, 13 Mar 2019 21:10:20 GMT;3,562;2_39_79_377_2019-03-13 19:55:47.579807;2;2-39-79-377;CA-325;1366
Wed, 13 Mar 2019 20:19:44 GMT;Wed, 13 Mar 2019 22:06:00 GMT;Wed, 13 Mar 2019 22:02:37 GMT;10,011;2_39_78_364_2019-03-13 20:19:44.220666;2;2-39-78-364;CA-495;668
Wed, 13 Mar 2019 20:20:07 GMT;Thu, 14 Mar 2019 02:46:57 GMT;Wed, 13 Mar 2019 21:19:44 GMT;3,083;2_39_92_436_2019-03-13 20:20:07.148203;2;2-39-92-436;CA-318;562
Wed, 13 Mar 2019 20:24:20 GMT;Wed, 13 Mar 2019 20:58:00 GMT;Wed, 13 Mar 2019 20:56:04 GMT;0,877;2_39_78_360_2019-03-13 20:24:20.033354;2;2-39-78-360;CA-322;
Wed, 13 Mar 2019 21:38:11 GMT;Thu, 14 Mar 2019 01:31:40 GMT;Thu, 14 Mar 2019 00:45:21 GMT;10,677;2_39_95_444_2019-03-13 21:38:10.880490;2;2-39-95-444;CA-497;1524
Wed, 13 Mar 2019 22:21:50 GMT;Thu, 14 Mar 2019 00:21:02 GMT;Thu, 14 Mar 2019 00:20:58 GMT;7,102;2_39_92_442_2019-03-13 22:21:49.654985;2;2-39-92-442;CA-498;1135
Wed, 13 Mar 2019 23:43:46 GMT;Thu, 14 Mar 2019 00:57:08 GMT;Thu, 14 Mar 2019 00:57:03 GMT;4,174;2_39_139_28_2019-03-13 23:43:46.258720;2;2-39-139-28;CA-303;774
Thu, 14 Mar 2019 00:58:54 GMT;Thu, 14 Mar 2019 13:43:12 GMT;Thu, 14 Mar 2019 05:19:30 GMT;14,848;2_39_139_28_2019-03-14 00:58:54.452849;2;2-39-139-28;CA-303;838
Thu, 14 Mar 2019 00:59:28 GMT;Thu, 14 Mar 2019 02:54:16 GMT;Thu, 14 Mar 2019 01:58:42 GMT;0,86;2_39_131_30_2019-03-14 00:59:28.085974;2;2-39-131-30;CA-305;
Thu, 14 Mar 2019 01:28:12 GMT;Thu, 14 Mar 2019 02:38:01 GMT;Thu, 14 Mar 2019 02:37:57 GMT;3,894;2_39_130_31_2019-03-14 01:28:12.331170;2;2-39-130-31;CA-306;1164
Thu, 14 Mar 2019 01:30:30 GMT;Thu, 14 Mar 2019 03:29:39 GMT;Thu, 14 Mar 2019 03:29:34 GMT;8,012;2_39_138_29_2019-03-14 01:30:30.304628;2;2-39-138-29;CA-304;1564
Thu, 14 Mar 2019 01:40:46 GMT;Thu, 14 Mar 2019 04:15:38 GMT;Thu, 14 Mar 2019 03:32:56 GMT;12,155;2_39_129_17_2019-03-14 01:40:45.739735;2;2-39-129-17;CA-307;754
Thu, 14 Mar 2019 03:35:23 GMT;Thu, 14 Mar 2019 05:29:40 GMT;Thu, 14 Mar 2019 05:30:03 GMT;0,87;2_39_131_30_2019-03-14 03:35:23.219700;2;2-39-131-30;CA-305;
Thu, 14 Mar 2019 04:27:59 GMT;Thu, 14 Mar 2019 05:14:18 GMT;Thu, 14 Mar 2019 05:14:09 GMT;2,704;2_39_129_17_2019-03-14 04:27:59.021360;2;2-39-129-17;CA-307;637
Thu, 14 Mar 2019 05:20:43 GMT;Thu, 14 Mar 2019 07:24:51 GMT;Thu, 14 Mar 2019 07:24:47 GMT;9,155;2_39_79_381_2019-03-14 05:20:43.349057;2;2-39-79-381;CA-490;565
Thu, 14 Mar 2019 13:39:35 GMT;Thu, 14 Mar 2019 14:39:37 GMT;Thu, 14 Mar 2019 14:39:32 GMT;3,419;2_39_89_25_2019-03-14 13:39:34.911664;2;2-39-89-25;CA-315;743
Thu, 14 Mar 2019 13:54:32 GMT;Fri, 15 Mar 2019 04:07:22 GMT;Thu, 14 Mar 2019 18:31:26 GMT;15,731;2_39_79_379_2019-03-14 13:54:32.399436;2;2-39-79-379;CA-327;676
Thu, 14 Mar 2019 14:09:28 GMT;Thu, 14 Mar 2019 18:34:14 GMT;Thu, 14 Mar 2019 18:17:03 GMT;5,844;2_39_78_366_2019-03-14 14:09:28.000005;2;2-39-78-366;CA-323;569
Thu, 14 Mar 2019 14:57:08 GMT;Fri, 15 Mar 2019 01:52:52 GMT;Thu, 14 Mar 2019 16:53:50 GMT;5,453;2_39_79_377_2019-03-14 14:57:07.984442;2;2-39-79-377;CA-325;1083
Thu, 14 Mar 2019 15:00:14 GMT;Fri, 15 Mar 2019 00:17:11 GMT;Thu, 14 Mar 2019 17:00:45 GMT;6,45;2_39_123_23_2019-03-14 15:00:13.980242;2;2-39-123-23;CA-313;858
Thu, 14 Mar 2019 15:04:03 GMT;Fri, 15 Mar 2019 01:50:58 GMT;Fri, 15 Mar 2019 01:51:58 GMT;11,217;2_39_78_362_2019-03-14 15:04:03.367269;2;2-39-78-362;CA-496;1524
Thu, 14 Mar 2019 15:22:59 GMT;Fri, 15 Mar 2019 01:45:37 GMT;Fri, 15 Mar 2019 00:27:50 GMT;0,936;2_39_79_380_2019-03-14 15:22:59.040050;2;2-39-79-380;CA-489;
Thu, 14 Mar 2019 15:27:30 GMT;Fri, 15 Mar 2019 00:31:27 GMT;Thu, 14 Mar 2019 18:23:30 GMT;10,717;2_39_139_28_2019-03-14 15:27:29.815497;2;2-39-139-28;CA-303;559
Thu, 14 Mar 2019 15:31:08 GMT;Thu, 14 Mar 2019 22:19:39 GMT;Thu, 14 Mar 2019 18:17:06 GMT;9,22;2_39_79_376_2019-03-14 15:31:08.390526;2;2-39-79-376;CA-324;1470
Thu, 14 Mar 2019 15:31:16 GMT;Thu, 14 Mar 2019 21:57:58 GMT;Thu, 14 Mar 2019 16:03:34 GMT;1,58;2_39_79_381_2019-03-14 15:31:15.533647;2;2-39-79-381;CA-490;1126
Thu, 14 Mar 2019 15:31:38 GMT;Thu, 14 Mar 2019 23:30:18 GMT;Thu, 14 Mar 2019 19:52:42 GMT;29,72;2_39_95_444_2019-03-14 15:31:37.947462;2;2-39-95-444;CA-497;234
Thu, 14 Mar 2019 15:38:15 GMT;Thu, 14 Mar 2019 23:42:54 GMT;Thu, 14 Mar 2019 17:45:35 GMT;13,378;2_39_125_21_2019-03-14 15:38:15.030533;2;2-39-125-21;CA-311;945
Thu, 14 Mar 2019 15:41:51 GMT;Fri, 15 Mar 2019 02:28:00 GMT;Thu, 14 Mar 2019 17:29:57 GMT;5,719;2_39_131_30_2019-03-14 15:41:51.437275;2;2-39-131-30;CA-305;562
Thu, 14 Mar 2019 15:52:33 GMT;Fri, 15 Mar 2019 00:17:13 GMT;Thu, 14 Mar 2019 19:58:03 GMT;14,336;2_39_129_17_2019-03-14 15:52:32.840435;2;2-39-129-17;CA-307;712
Thu, 14 Mar 2019 16:04:22 GMT;Thu, 14 Mar 2019 23:09:54 GMT;Thu, 14 Mar 2019 18:27:52 GMT;13,226;2_39_127_19_2019-03-14 16:04:21.796448;2;2-39-127-19;CA-309;1912
Thu, 14 Mar 2019 16:05:56 GMT;Fri, 15 Mar 2019 01:50:05 GMT;Thu, 14 Mar 2019 18:34:30 GMT;8,033;2_39_88_438_2019-03-14 16:05:56.395773;2;2-39-88-438;CA-502;1534
Thu, 14 Mar 2019 16:11:37 GMT;Fri, 15 Mar 2019 00:40:03 GMT;Fri, 15 Mar 2019 00:26:01 GMT;33,594;2_39_78_363_2019-03-14 16:11:36.901021;2;2-39-78-363;CA-320;579
Thu, 14 Mar 2019 16:26:33 GMT;Fri, 15 Mar 2019 02:10:06 GMT;Thu, 14 Mar 2019 18:24:30 GMT;10,983;2_39_92_436_2019-03-14 16:26:33.159947;2;2-39-92-436;CA-318;558
Thu, 14 Mar 2019 16:26:55 GMT;Fri, 15 Mar 2019 01:07:01 GMT;Thu, 14 Mar 2019 23:56:54 GMT;1,048;2_39_79_383_2019-03-14 16:26:55.053094;2;2-39-79-383;CA-492;
Thu, 14 Mar 2019 16:29:41 GMT;Fri, 15 Mar 2019 01:07:57 GMT;Thu, 14 Mar 2019 18:48:51 GMT;14,415;2_39_79_382_2019-03-14 16:29:40.810956;2;2-39-79-382;CA-491;714
Thu, 14 Mar 2019 16:30:26 GMT;Fri, 15 Mar 2019 00:20:22 GMT;Fri, 15 Mar 2019 00:20:17 GMT;52,287;2_39_128_18_2019-03-14 16:30:25.598546;2;2-39-128-18;CA-308;1316
Thu, 14 Mar 2019 16:33:00 GMT;Fri, 15 Mar 2019 00:31:58 GMT;Fri, 15 Mar 2019 00:14:01 GMT;19,021;2_39_78_361_2019-03-14 16:33:00.195761;2;2-39-78-361;CA-493;1001
Thu, 14 Mar 2019 16:40:04 GMT;Thu, 14 Mar 2019 23:19:00 GMT;Thu, 14 Mar 2019 18:25:36 GMT;5,168;2_39_89_25_2019-03-14 16:40:04.065703;2;2-39-89-25;CA-315;743
Thu, 14 Mar 2019 16:45:17 GMT;Fri, 15 Mar 2019 00:59:15 GMT;Thu, 14 Mar 2019 18:18:05 GMT;9,121;2_39_90_440_2019-03-14 16:45:17.111077;2;2-39-90-440;CA-500;1095
Thu, 14 Mar 2019 17:21:39 GMT;Thu, 14 Mar 2019 21:22:18 GMT;Thu, 14 Mar 2019 20:34:17 GMT;20,391;2_39_90_26_2019-03-14 17:21:39.451796;2;2-39-90-26;CA-316;1104
Thu, 14 Mar 2019 17:24:37 GMT;Thu, 14 Mar 2019 20:56:52 GMT;Thu, 14 Mar 2019 19:49:06 GMT;5,109;2_39_78_365_2019-03-14 17:24:36.895066;2;2-39-78-365;CA-321;1366
Thu, 14 Mar 2019 18:15:32 GMT;Fri, 15 Mar 2019 00:35:26 GMT;Thu, 14 Mar 2019 19:05:23 GMT;2,09;2_39_91_437_2019-03-14 18:15:32.302739;2;2-39-91-437;CA-317;891
Thu, 14 Mar 2019 18:20:25 GMT;Thu, 14 Mar 2019 20:00:57 GMT;Thu, 14 Mar 2019 19:55:58 GMT;0,933;2_39_78_367_2019-03-14 18:20:25.063981;2;2-39-78-367;CA-494;
Thu, 14 Mar 2019 18:44:11 GMT;Fri, 15 Mar 2019 06:30:30 GMT;Thu, 14 Mar 2019 19:51:30 GMT;2,232;2_39_89_439_2019-03-14 18:44:10.895926;2;2-39-89-439;CA-501;1082
Thu, 14 Mar 2019 19:34:50 GMT;Thu, 14 Mar 2019 21:59:27 GMT;Thu, 14 Mar 2019 21:59:23 GMT;8,385;2_39_91_441_2019-03-14 19:34:49.655930;2;2-39-91-441;CA-499;1135
Thu, 14 Mar 2019 19:37:03 GMT;Fri, 15 Mar 2019 00:39:12 GMT;Thu, 14 Mar 2019 23:03:45 GMT;2,13;2_39_78_366_2019-03-14 19:37:03.256513;2;2-39-78-366;CA-323;569
Thu, 14 Mar 2019 19:50:01 GMT;Fri, 15 Mar 2019 02:01:46 GMT;Thu, 14 Mar 2019 22:03:06 GMT;6,679;2_39_78_360_2019-03-14 19:50:01.286957;2;2-39-78-360;CA-322;1124
Thu, 14 Mar 2019 20:13:38 GMT;Thu, 14 Mar 2019 20:56:20 GMT;Thu, 14 Mar 2019 20:55:55 GMT;1,023;2_39_78_367_2019-03-14 20:13:38.258352;2;2-39-78-367;CA-494;
Thu, 14 Mar 2019 20:35:37 GMT;Fri, 15 Mar 2019 00:58:12 GMT;Thu, 14 Mar 2019 23:30:11 GMT;18,552;2_39_88_24_2019-03-14 20:35:36.930244;2;2-39-88-24;CA-314;248
Thu, 14 Mar 2019 20:48:20 GMT;Thu, 14 Mar 2019 21:01:12 GMT;Thu, 14 Mar 2019 21:00:52 GMT;0,849;2_39_124_22_2019-03-14 20:48:19.681914;2;2-39-124-22;CA-312;1604
Thu, 14 Mar 2019 21:13:49 GMT;Thu, 14 Mar 2019 21:49:40 GMT;Thu, 14 Mar 2019 21:49:36 GMT;0,902;2_39_78_367_2019-03-14 21:13:49.378213;2;2-39-78-367;CA-494;
Thu, 14 Mar 2019 22:07:11 GMT;Fri, 15 Mar 2019 00:34:03 GMT;Fri, 15 Mar 2019 00:27:44 GMT;0,913;2_39_78_367_2019-03-14 22:07:11.138442;2;2-39-78-367;CA-494;
Thu, 14 Mar 2019 23:02:25 GMT;Fri, 15 Mar 2019 00:10:36 GMT;Fri, 15 Mar 2019 00:10:31 GMT;3,878;2_39_79_376_2019-03-14 23:02:24.638283;2;2-39-79-376;CA-324;1108
Thu, 14 Mar 2019 23:32:18 GMT;Thu, 14 Mar 2019 23:53:38 GMT;Thu, 14 Mar 2019 23:53:34 GMT;2,387;2_39_127_19_2019-03-14 23:32:17.705931;2;2-39-127-19;CA-309;1336
Fri, 15 Mar 2019 00:00:47 GMT;Fri, 15 Mar 2019 13:40:28 GMT;Fri, 15 Mar 2019 04:34:36 GMT;15,575;2_39_130_31_2019-03-15 00:00:46.779692;2;2-39-130-31;CA-306;838
Fri, 15 Mar 2019 00:48:25 GMT;Fri, 15 Mar 2019 03:07:04 GMT;Fri, 15 Mar 2019 02:08:20 GMT;3,996;2_39_127_19_2019-03-15 00:48:24.846758;2;2-39-127-19;CA-309;1746
Fri, 15 Mar 2019 01:25:34 GMT;Fri, 15 Mar 2019 03:01:03 GMT;Fri, 15 Mar 2019 01:57:08 GMT;0,862;2_39_139_28_2019-03-15 01:25:33.556675;2;2-39-139-28;CA-303;
Fri, 15 Mar 2019 02:25:26 GMT;Fri, 15 Mar 2019 02:42:19 GMT;Fri, 15 Mar 2019 02:42:02 GMT;1,843;2_39_79_377_2019-03-15 02:25:25.813267;2;2-39-79-377;CA-325;292
Fri, 15 Mar 2019 02:34:15 GMT;Fri, 15 Mar 2019 13:58:25 GMT;Fri, 15 Mar 2019 04:31:01 GMT;12,518;2_39_125_21_2019-03-15 02:34:14.882134;2;2-39-125-21;CA-311;754
Fri, 15 Mar 2019 02:34:56 GMT;Fri, 15 Mar 2019 05:06:51 GMT;Fri, 15 Mar 2019 03:27:32 GMT;5,824;2_39_128_18_2019-03-15 02:34:56.208275;2;2-39-128-18;CA-308;637
Fri, 15 Mar 2019 03:25:21 GMT;Fri, 15 Mar 2019 04:40:14 GMT;Fri, 15 Mar 2019 04:40:05 GMT;8,499;2_39_139_28_2019-03-15 03:25:21.318298;2;2-39-139-28;CA-303;1263
Fri, 15 Mar 2019 14:35:14 GMT;Sat, 16 Mar 2019 00:29:02 GMT;Fri, 15 Mar 2019 20:47:51 GMT;6,449;2_39_78_366_2019-03-15 14:35:13.691961;2;2-39-78-366;CA-323;569
Fri, 15 Mar 2019 14:59:11 GMT;Fri, 15 Mar 2019 23:38:23 GMT;Fri, 15 Mar 2019 16:12:16 GMT;3,604;2_39_123_23_2019-03-15 14:59:11.041497;2;2-39-123-23;CA-313;858
Fri, 15 Mar 2019 15:08:14 GMT;Fri, 15 Mar 2019 18:29:09 GMT;Fri, 15 Mar 2019 16:24:57 GMT;3,715;2_39_139_28_2019-03-15 15:08:14.417871;2;2-39-139-28;CA-303;1564
Fri, 15 Mar 2019 15:23:31 GMT;Sat, 16 Mar 2019 00:15:10 GMT;Fri, 15 Mar 2019 18:24:38 GMT;19,012;2_39_92_442_2019-03-15 15:23:30.680825;2;2-39-92-442;CA-498;818
Fri, 15 Mar 2019 15:30:57 GMT;Fri, 15 Mar 2019 19:49:47 GMT;Fri, 15 Mar 2019 18:06:17 GMT;5,878;2_39_131_30_2019-03-15 15:30:57.228279;2;2-39-131-30;CA-305;562
Fri, 15 Mar 2019 15:38:57 GMT;Sat, 16 Mar 2019 00:30:25 GMT;Fri, 15 Mar 2019 17:45:57 GMT;6,683;2_39_138_29_2019-03-15 15:38:56.613184;2;2-39-138-29;CA-304;559
Fri, 15 Mar 2019 15:53:36 GMT;Sat, 16 Mar 2019 00:58:51 GMT;Fri, 15 Mar 2019 16:54:28 GMT;6,453;2_39_79_379_2019-03-15 15:53:35.788235;2;2-39-79-379;CA-327;714
Fri, 15 Mar 2019 16:10:35 GMT;Fri, 15 Mar 2019 23:02:16 GMT;Fri, 15 Mar 2019 19:24:08 GMT;20,878;2_39_90_26_2019-03-15 16:10:35.294463;2;2-39-90-26;CA-316;579
Fri, 15 Mar 2019 16:11:52 GMT;Fri, 15 Mar 2019 18:18:20 GMT;Fri, 15 Mar 2019 18:18:18 GMT;10,367;2_39_78_360_2019-03-15 16:11:51.863209;2;2-39-78-360;CA-322;1470
Fri, 15 Mar 2019 16:13:38 GMT;Sat, 16 Mar 2019 00:10:08 GMT;Fri, 15 Mar 2019 17:34:05 GMT;4,571;2_39_129_17_2019-03-15 16:13:37.867562;2;2-39-129-17;CA-307;712
Fri, 15 Mar 2019 16:26:24 GMT;Sat, 16 Mar 2019 01:05:51 GMT;Fri, 15 Mar 2019 19:06:59 GMT;16,25;2_39_95_27_2019-03-15 16:26:24.172385;2;2-39-95-27;CA-319;431
Fri, 15 Mar 2019 16:26:59 GMT;Sat, 16 Mar 2019 01:03:13 GMT;Fri, 15 Mar 2019 17:58:20 GMT;4,556;2_39_89_25_2019-03-15 16:26:59.182131;2;2-39-89-25;CA-315;743
Fri, 15 Mar 2019 16:30:12 GMT;Sat, 16 Mar 2019 00:36:09 GMT;Fri, 15 Mar 2019 19:17:44 GMT;9,213;2_39_79_383_2019-03-15 16:30:11.786713;2;2-39-79-383;CA-492;632
Fri, 15 Mar 2019 16:42:21 GMT;Sat, 16 Mar 2019 00:11:03 GMT;Fri, 15 Mar 2019 19:29:29 GMT;10,383;2_39_127_19_2019-03-15 16:42:20.551511;2;2-39-127-19;CA-309;620
Fri, 15 Mar 2019 17:02:57 GMT;Sat, 16 Mar 2019 00:48:49 GMT;Fri, 15 Mar 2019 18:36:48 GMT;8,88;2_39_90_440_2019-03-15 17:02:57.210374;2;2-39-90-440;CA-500;1095
Fri, 15 Mar 2019 17:20:36 GMT;Sat, 16 Mar 2019 02:15:33 GMT;Fri, 15 Mar 2019 19:31:53 GMT;11,235;2_39_79_380_2019-03-15 17:20:36.401306;2;2-39-79-380;CA-489;558
Fri, 15 Mar 2019 17:25:28 GMT;Fri, 15 Mar 2019 21:33:52 GMT;Fri, 15 Mar 2019 20:21:09 GMT;9,57;2_39_88_438_2019-03-15 17:25:27.846877;2;2-39-88-438;CA-502;1534
Fri, 15 Mar 2019 17:27:26 GMT;Sat, 16 Mar 2019 00:10:34 GMT;Fri, 15 Mar 2019 19:37:00 GMT;14,945;2_39_83_386_2019-03-15 17:27:26.021680;2;2-39-83-386;CA-212;1154
Fri, 15 Mar 2019 17:36:10 GMT;Sat, 16 Mar 2019 02:25:59 GMT;Sat, 16 Mar 2019 00:05:22 GMT;6,697;2_39_79_378_2019-03-15 17:36:09.692118;2;2-39-79-378;CA-326;1274
Fri, 15 Mar 2019 18:06:30 GMT;Fri, 15 Mar 2019 22:52:51 GMT;Fri, 15 Mar 2019 20:08:31 GMT;6,036;2_39_79_381_2019-03-15 18:06:30.066466;2;2-39-79-381;CA-490;1366
Fri, 15 Mar 2019 18:20:36 GMT;Sat, 16 Mar 2019 01:19:18 GMT;Fri, 15 Mar 2019 19:02:50 GMT;1,764;2_39_91_437_2019-03-15 18:20:35.663025;2;2-39-91-437;CA-317;891
Fri, 15 Mar 2019 18:30:37 GMT;Sat, 16 Mar 2019 01:29:00 GMT;Fri, 15 Mar 2019 18:51:38 GMT;1,262;2_39_79_376_2019-03-15 18:30:37.312203;2;2-39-79-376;CA-324;1126
Fri, 15 Mar 2019 19:04:37 GMT;Fri, 15 Mar 2019 23:42:13 GMT;Fri, 15 Mar 2019 23:42:11 GMT;26,872;2_39_78_361_2019-03-15 19:04:37.179387;2;2-39-78-361;CA-493;832
Fri, 15 Mar 2019 19:24:36 GMT;Sat, 16 Mar 2019 00:14:34 GMT;Sat, 16 Mar 2019 00:12:10 GMT;0,852528375;2_39_78_360_2019-03-15 19:24:35.992154;2;2-39-78-360;CA-322;
Fri, 15 Mar 2019 19:25:22 GMT;Sat, 16 Mar 2019 02:49:20 GMT;Fri, 15 Mar 2019 22:58:10 GMT;5,464;2_39_78_365_2019-03-15 19:25:21.752940;2;2-39-78-365;CA-321;1083
Fri, 15 Mar 2019 19:30:20 GMT;Sat, 16 Mar 2019 05:31:26 GMT;Fri, 15 Mar 2019 20:41:01 GMT;2,312;2_39_78_367_2019-03-15 19:30:19.847779;2;2-39-78-367;CA-494;1082
Fri, 15 Mar 2019 19:51:38 GMT;Fri, 15 Mar 2019 23:05:07 GMT;Fri, 15 Mar 2019 23:06:06 GMT;7,02;2_39_78_362_2019-03-15 19:51:38.047040;2;2-39-78-362;CA-496;1124
Fri, 15 Mar 2019 20:14:45 GMT;Fri, 15 Mar 2019 21:37:46 GMT;Fri, 15 Mar 2019 21:37:42 GMT;4,367;2_39_131_30_2019-03-15 20:14:44.826248;2;2-39-131-30;CA-305;1236
Fri, 15 Mar 2019 22:09:57 GMT;Fri, 15 Mar 2019 22:38:04 GMT;Fri, 15 Mar 2019 22:37:59 GMT;2,736;2_39_131_30_2019-03-15 22:09:56.886093;2;2-39-131-30;CA-305;1309
Fri, 15 Mar 2019 22:56:45 GMT;Sat, 16 Mar 2019 02:08:32 GMT;Sat, 16 Mar 2019 02:08:27 GMT;11,111;2_39_79_377_2019-03-15 22:56:45.031479;2;2-39-79-377;CA-325;1135
Sat, 16 Mar 2019 00:32:21 GMT;Sat, 16 Mar 2019 01:41:21 GMT;Sat, 16 Mar 2019 01:41:13 GMT;7,289;2_39_130_31_2019-03-16 00:32:21.209051;2;2-39-130-31;CA-306;1085
Sat, 16 Mar 2019 01:24:57 GMT;Mon, 18 Mar 2019 00:27:48 GMT;Sat, 16 Mar 2019 09:22:14 GMT;53,282;2_39_89_25_2019-03-16 01:24:57.301888;2;2-39-89-25;CA-315;292
Sat, 16 Mar 2019 02:02:15 GMT;Sat, 16 Mar 2019 04:33:50 GMT;Sat, 16 Mar 2019 04:33:46 GMT;8,843;2_39_131_30_2019-03-16 02:02:15.404359;2;2-39-131-30;CA-305;1272
Sat, 16 Mar 2019 02:18:21 GMT;Sat, 16 Mar 2019 16:45:14 GMT;Sat, 16 Mar 2019 06:58:24 GMT;15,908;2_39_139_28_2019-03-16 02:18:21.355376;2;2-39-139-28;CA-303;838
Sat, 16 Mar 2019 02:22:11 GMT;Sat, 16 Mar 2019 04:35:54 GMT;Sat, 16 Mar 2019 02:52:43 GMT;0,877;2_39_83_386_2019-03-16 02:22:10.744941;2;2-39-83-386;CA-212;
Sat, 16 Mar 2019 02:48:50 GMT;Sat, 16 Mar 2019 04:16:42 GMT;Sat, 16 Mar 2019 03:42:56 GMT;3,951;2_39_79_381_2019-03-16 02:48:49.691250;2;2-39-79-381;CA-490;818
Sat, 16 Mar 2019 03:27:00 GMT;Sat, 16 Mar 2019 03:57:44 GMT;Sat, 16 Mar 2019 03:57:39 GMT;1,715;2_39_95_27_2019-03-16 03:26:59.559285;2;2-39-95-27;CA-319;743
Sat, 16 Mar 2019 03:39:19 GMT;Sat, 16 Mar 2019 04:56:02 GMT;Sat, 16 Mar 2019 04:55:57 GMT;4,181;2_39_129_17_2019-03-16 03:39:18.918234;2;2-39-129-17;CA-307;1161
Sat, 16 Mar 2019 14:33:04 GMT;Sat, 16 Mar 2019 16:46:51 GMT;Sat, 16 Mar 2019 16:18:52 GMT;10,861;2_39_128_18_2019-03-16 14:33:04.014545;2;2-39-128-18;CA-308;850
Sat, 16 Mar 2019 14:39:41 GMT;Sat, 16 Mar 2019 18:39:04 GMT;Sat, 16 Mar 2019 18:25:28 GMT;24,804;2_39_124_22_2019-03-16 14:39:40.648349;2;2-39-124-22;CA-312;1039
Sat, 16 Mar 2019 14:49:18 GMT;Sat, 16 Mar 2019 16:46:55 GMT;Sat, 16 Mar 2019 16:05:36 GMT;7,87;2_39_138_29_2019-03-16 14:49:17.555703;2;2-39-138-29;CA-304;675
Sat, 16 Mar 2019 15:12:10 GMT;Sat, 16 Mar 2019 17:49:20 GMT;Sat, 16 Mar 2019 15:43:05 GMT;0,839;2_39_130_31_2019-03-16 15:12:09.802746;2;2-39-130-31;CA-306;
Sat, 16 Mar 2019 15:44:57 GMT;Sat, 16 Mar 2019 17:58:16 GMT;Sat, 16 Mar 2019 16:15:13 GMT;0,81;2_39_126_20_2019-03-16 15:44:56.527353;2;2-39-126-20;CA-310;
Sat, 16 Mar 2019 15:56:39 GMT;Sat, 16 Mar 2019 21:15:12 GMT;Sat, 16 Mar 2019 19:33:51 GMT;11,783;2_39_83_386_2019-03-16 15:56:39.370381;2;2-39-83-386;CA-212;777
Sat, 16 Mar 2019 16:30:16 GMT;Sat, 16 Mar 2019 19:35:29 GMT;Sat, 16 Mar 2019 19:35:51 GMT;0,853;2_39_131_30_2019-03-16 16:30:15.679043;2;2-39-131-30;CA-305;
Sat, 16 Mar 2019 16:42:05 GMT;Sat, 16 Mar 2019 23:05:34 GMT;Sat, 16 Mar 2019 18:07:35 GMT;4,465;2_39_91_437_2019-03-16 16:42:05.031582;2;2-39-91-437;CA-317;858
Sat, 16 Mar 2019 16:59:22 GMT;Sat, 16 Mar 2019 18:41:21 GMT;Sat, 16 Mar 2019 18:15:28 GMT;7,872;2_39_139_28_2019-03-16 16:59:21.582724;2;2-39-139-28;CA-303;1133
Sat, 16 Mar 2019 17:50:12 GMT;Sat, 16 Mar 2019 19:03:38 GMT;Sat, 16 Mar 2019 19:03:33 GMT;4,295;2_39_79_378_2019-03-16 17:50:12.016119;2;2-39-79-378;CA-326;1135
Sat, 16 Mar 2019 17:57:05 GMT;Sat, 16 Mar 2019 22:37:28 GMT;Sat, 16 Mar 2019 18:29:27 GMT;3,431;2_39_79_383_2019-03-16 17:57:05.055280;2;2-39-79-383;CA-492;1470
Sat, 16 Mar 2019 18:07:40 GMT;Sat, 16 Mar 2019 19:31:01 GMT;Sat, 16 Mar 2019 19:30:52 GMT;9,282;2_39_127_19_2019-03-16 18:07:40.236305;2;2-39-127-19;CA-309;637
Sat, 16 Mar 2019 18:29:53 GMT;Sat, 16 Mar 2019 20:30:55 GMT;Sat, 16 Mar 2019 20:30:11 GMT;6,179;2_39_95_27_2019-03-16 18:29:52.686654;2;2-39-95-27;CA-319;1222
Sat, 16 Mar 2019 18:44:39 GMT;Sat, 16 Mar 2019 20:16:48 GMT;Sat, 16 Mar 2019 19:24:54 GMT;1,701;2_39_124_22_2019-03-16 18:44:39.232892;2;2-39-124-22;CA-312;891
Sat, 16 Mar 2019 19:34:49 GMT;Sat, 16 Mar 2019 20:47:20 GMT;Sat, 16 Mar 2019 20:47:15 GMT;3,846;2_39_139_28_2019-03-16 19:34:49.166944;2;2-39-139-28;CA-303;1236
Sat, 16 Mar 2019 22:03:22 GMT;Sat, 16 Mar 2019 23:59:06 GMT;Sat, 16 Mar 2019 23:29:20 GMT;4,392;2_39_129_17_2019-03-16 22:03:22.054270;2;2-39-129-17;CA-307;1746
Sat, 16 Mar 2019 22:09:58 GMT;Sat, 16 Mar 2019 23:38:02 GMT;Sat, 16 Mar 2019 23:37:50 GMT;9,396;2_39_79_377_2019-03-16 22:09:57.579684;2;2-39-79-377;CA-325;1214
Sat, 16 Mar 2019 22:55:57 GMT;Sun, 17 Mar 2019 18:39:23 GMT;Sun, 17 Mar 2019 13:27:46 GMT;11,81;2_39_78_366_2019-03-16 22:55:56.802849;2;2-39-78-366;CA-323;754
Sun, 17 Mar 2019 00:58:52 GMT;Sun, 17 Mar 2019 02:22:49 GMT;Sun, 17 Mar 2019 02:22:44 GMT;4,689;2_39_139_28_2019-03-17 00:58:52.382627;2;2-39-139-28;CA-303;567
Sun, 17 Mar 2019 02:34:47 GMT;Sun, 17 Mar 2019 05:14:58 GMT;Sun, 17 Mar 2019 05:14:54 GMT;17,442;2_39_79_380_2019-03-17 02:34:46.682285;2;2-39-79-380;CA-489;1943
Sun, 17 Mar 2019 03:09:59 GMT;Sun, 17 Mar 2019 04:24:47 GMT;Sun, 17 Mar 2019 04:24:42 GMT;2,464;2_39_79_378_2019-03-17 03:09:58.535007;2;2-39-79-378;CA-326;1135
Sun, 17 Mar 2019 03:20:59 GMT;Sun, 17 Mar 2019 05:51:43 GMT;Sun, 17 Mar 2019 04:17:55 GMT;4,883;2_39_79_382_2019-03-17 03:20:58.884782;2;2-39-79-382;CA-491;565
Sun, 17 Mar 2019 07:01:33 GMT;Sun, 17 Mar 2019 17:50:19 GMT;Sun, 17 Mar 2019 15:10:15 GMT;24,731;2_39_79_378_2019-03-17 07:01:33.233265;2;2-39-79-378;CA-326;300
Sun, 17 Mar 2019 15:02:36 GMT;Sun, 17 Mar 2019 16:38:49 GMT;Sun, 17 Mar 2019 16:38:44 GMT;5,472;2_39_95_27_2019-03-17 15:02:35.908510;2;2-39-95-27;CA-319;743
Sun, 17 Mar 2019 16:14:14 GMT;Sun, 17 Mar 2019 18:07:24 GMT;Sun, 17 Mar 2019 17:56:33 GMT;10,769;2_39_131_30_2019-03-17 16:14:14.008255;2;2-39-131-30;CA-305;1346
Sun, 17 Mar 2019 16:37:21 GMT;Sun, 17 Mar 2019 22:21:49 GMT;Sun, 17 Mar 2019 21:52:04 GMT;34,991;2_39_139_28_2019-03-17 16:37:20.692879;2;2-39-139-28;CA-303;2038
Sun, 17 Mar 2019 17:35:16 GMT;Sun, 17 Mar 2019 17:59:38 GMT;Sun, 17 Mar 2019 17:59:30 GMT;2,766;2_39_129_17_2019-03-17 17:35:16.113133;2;2-39-129-17;CA-307;248
Sun, 17 Mar 2019 18:16:43 GMT;Sun, 17 Mar 2019 21:12:09 GMT;Sun, 17 Mar 2019 20:25:46 GMT;7,297;2_39_131_30_2019-03-17 18:16:43.430975;2;2-39-131-30;CA-305;838
Sun, 17 Mar 2019 18:48:45 GMT;Sun, 17 Mar 2019 19:11:39 GMT;Sun, 17 Mar 2019 19:11:34 GMT;0,68;2_39_78_365_2019-03-17 18:48:44.756092;2;2-39-78-365;CA-321;
Sun, 17 Mar 2019 19:43:18 GMT;Mon, 18 Mar 2019 01:36:16 GMT;Mon, 18 Mar 2019 00:49:41 GMT;6,287;2_39_79_379_2019-03-17 19:43:18.429591;2;2-39-79-379;CA-327;1083
Sun, 17 Mar 2019 20:21:35 GMT;Mon, 18 Mar 2019 01:57:59 GMT;Mon, 18 Mar 2019 00:31:16 GMT;14,053;2_39_79_378_2019-03-17 20:21:34.726664;2;2-39-79-378;CA-326;1135
Sun, 17 Mar 2019 20:35:55 GMT;Sun, 17 Mar 2019 23:47:10 GMT;Sun, 17 Mar 2019 23:09:51 GMT;0,825;2_39_127_19_2019-03-17 20:35:54.683746;2;2-39-127-19;CA-309;
Sun, 17 Mar 2019 22:30:38 GMT;Mon, 18 Mar 2019 03:56:47 GMT;Mon, 18 Mar 2019 00:26:01 GMT;6,234;2_39_139_28_2019-03-17 22:30:37.809421;2;2-39-139-28;CA-303;1726
Mon, 18 Mar 2019 01:41:38 GMT;Mon, 18 Mar 2019 02:47:47 GMT;Mon, 18 Mar 2019 02:47:42 GMT;7,32;2_39_130_31_2019-03-18 01:41:38.230682;2;2-39-130-31;CA-306;637
Mon, 18 Mar 2019 02:06:08 GMT;Mon, 18 Mar 2019 07:31:42 GMT;Mon, 18 Mar 2019 07:31:37 GMT;35,918;2_39_91_437_2019-03-18 02:06:07.590246;2;2-39-91-437;CA-317;342
Mon, 18 Mar 2019 02:52:55 GMT;Mon, 18 Mar 2019 05:18:28 GMT;Mon, 18 Mar 2019 04:55:16 GMT;13,22;2_39_123_23_2019-03-18 02:52:55.234729;2;2-39-123-23;CA-313;754
Mon, 18 Mar 2019 05:39:11 GMT;Mon, 18 Mar 2019 14:57:11 GMT;Mon, 18 Mar 2019 10:11:16 GMT;15,399;2_39_139_28_2019-03-18 05:39:10.764564;2;2-39-139-28;CA-303;1152
Mon, 18 Mar 2019 12:14:01 GMT;Mon, 18 Mar 2019 12:36:37 GMT;Mon, 18 Mar 2019 12:36:22 GMT;0,751;2_39_78_367_2019-03-18 12:14:01.192251;2;2-39-78-367;CA-494;
Mon, 18 Mar 2019 13:12:10 GMT;Mon, 18 Mar 2019 14:25:12 GMT;Mon, 18 Mar 2019 14:25:07 GMT;4,092;2_39_89_25_2019-03-18 13:12:09.628712;2;2-39-89-25;CA-315;743
Mon, 18 Mar 2019 14:08:00 GMT;Tue, 19 Mar 2019 04:56:10 GMT;Mon, 18 Mar 2019 19:45:58 GMT;16,079;2_39_79_379_2019-03-18 14:08:00.138383;2;2-39-79-379;CA-327;676
Mon, 18 Mar 2019 14:31:55 GMT;Tue, 19 Mar 2019 03:03:04 GMT;Mon, 18 Mar 2019 18:59:26 GMT;27,122;2_39_79_376_2019-03-18 14:31:54.739103;2;2-39-79-376;CA-324;569
Mon, 18 Mar 2019 14:50:02 GMT;Tue, 19 Mar 2019 01:30:20 GMT;Mon, 18 Mar 2019 19:34:37 GMT;29,844;2_39_131_30_2019-03-18 14:50:02.090826;2;2-39-131-30;CA-305;710
Mon, 18 Mar 2019 14:51:28 GMT;Mon, 18 Mar 2019 20:50:00 GMT;Mon, 18 Mar 2019 16:22:41 GMT;4,88;2_39_138_29_2019-03-18 14:51:28.223930;2;2-39-138-29;CA-304;734
Mon, 18 Mar 2019 15:05:54 GMT;Tue, 19 Mar 2019 02:00:26 GMT;Tue, 19 Mar 2019 01:52:21 GMT;3,047;2_39_79_377_2019-03-18 15:05:53.967113;2;2-39-79-377;CA-325;1083
Mon, 18 Mar 2019 15:19:49 GMT;Mon, 18 Mar 2019 22:05:35 GMT;Mon, 18 Mar 2019 21:58:27 GMT;16,482;2_39_78_364_2019-03-18 15:19:49.282793;2;2-39-78-364;CA-495;1524
Mon, 18 Mar 2019 15:38:57 GMT;Mon, 18 Mar 2019 22:38:26 GMT;Mon, 18 Mar 2019 16:55:23 GMT;3,558;2_39_139_28_2019-03-18 15:38:57.045284;2;2-39-139-28;CA-303;1481
Mon, 18 Mar 2019 15:38:58 GMT;Tue, 19 Mar 2019 00:23:20 GMT;Mon, 18 Mar 2019 19:25:52 GMT;13,086;2_39_129_17_2019-03-18 15:38:57.541764;2;2-39-129-17;CA-307;712
Mon, 18 Mar 2019 15:39:47 GMT;Tue, 19 Mar 2019 00:15:17 GMT;Mon, 18 Mar 2019 19:05:47 GMT;15,428;2_39_130_31_2019-03-18 15:39:47.408851;2;2-39-130-31;CA-306;559
Mon, 18 Mar 2019 15:43:23 GMT;Tue, 19 Mar 2019 00:32:14 GMT;Tue, 19 Mar 2019 00:05:09 GMT;34,907;2_39_92_442_2019-03-18 15:43:23.101673;2;2-39-92-442;CA-498;818
Mon, 18 Mar 2019 15:49:14 GMT;Mon, 18 Mar 2019 20:19:48 GMT;Mon, 18 Mar 2019 17:16:47 GMT;4,603;2_39_127_19_2019-03-18 15:49:14.211368;2;2-39-127-19;CA-309;562
Mon, 18 Mar 2019 16:07:44 GMT;Tue, 19 Mar 2019 01:11:34 GMT;Mon, 18 Mar 2019 18:15:22 GMT;11,123;2_39_78_366_2019-03-18 16:07:43.988147;2;2-39-78-366;CA-323;1120
Mon, 18 Mar 2019 16:08:05 GMT;Mon, 18 Mar 2019 23:52:58 GMT;Mon, 18 Mar 2019 17:45:25 GMT;5,119;2_39_123_23_2019-03-18 16:08:05.392375;2;2-39-123-23;CA-313;858
Mon, 18 Mar 2019 16:16:39 GMT;Tue, 19 Mar 2019 01:13:30 GMT;Mon, 18 Mar 2019 18:05:28 GMT;5,504;2_39_89_25_2019-03-18 16:16:38.799328;2;2-39-89-25;CA-315;743
Mon, 18 Mar 2019 16:27:17 GMT;Mon, 18 Mar 2019 23:07:29 GMT;Mon, 18 Mar 2019 18:46:30 GMT;14,548;2_39_126_20_2019-03-18 16:27:17.432979;2;2-39-126-20;CA-310;1912
Mon, 18 Mar 2019 16:59:50 GMT;Tue, 19 Mar 2019 02:13:46 GMT;Tue, 19 Mar 2019 01:54:27 GMT;11,896;2_39_90_26_2019-03-18 16:59:49.548924;2;2-39-90-26;CA-316;558
Mon, 18 Mar 2019 17:08:53 GMT;Tue, 19 Mar 2019 01:27:03 GMT;Tue, 19 Mar 2019 00:48:01 GMT;0,872;2_39_79_380_2019-03-18 17:08:52.662451;2;2-39-79-380;CA-489;
Mon, 18 Mar 2019 17:20:04 GMT;Mon, 18 Mar 2019 22:48:00 GMT;Mon, 18 Mar 2019 21:20:03 GMT;9,615;2_39_88_438_2019-03-18 17:20:04.117221;2;2-39-88-438;CA-502;1534
Mon, 18 Mar 2019 17:29:40 GMT;Tue, 19 Mar 2019 22:59:29 GMT;Mon, 18 Mar 2019 21:04:09 GMT;21,218;2_39_92_436_2019-03-18 17:29:39.674873;2;2-39-92-436;CA-318;850
Mon, 18 Mar 2019 17:44:56 GMT;Tue, 19 Mar 2019 01:05:53 GMT;Mon, 18 Mar 2019 19:50:22 GMT;9,272;2_39_79_383_2019-03-18 17:44:55.868046;2;2-39-79-383;CA-492;1095
Mon, 18 Mar 2019 17:53:34 GMT;Mon, 18 Mar 2019 18:51:45 GMT;Mon, 18 Mar 2019 18:51:41 GMT;3,323;2_39_95_27_2019-03-18 17:53:33.892417;2;2-39-95-27;CA-319;515
Mon, 18 Mar 2019 18:29:02 GMT;Tue, 19 Mar 2019 01:09:54 GMT;Mon, 18 Mar 2019 19:49:08 GMT;3,591;2_39_78_365_2019-03-18 18:29:01.974148;2;2-39-78-365;CA-321;891
Mon, 18 Mar 2019 18:38:12 GMT;Tue, 19 Mar 2019 04:28:11 GMT;Tue, 19 Mar 2019 04:04:44 GMT;16,639;2_39_91_437_2019-03-18 18:38:12.020641;2;2-39-91-437;CA-317;1274
Mon, 18 Mar 2019 19:17:02 GMT;Tue, 19 Mar 2019 00:17:24 GMT;Tue, 19 Mar 2019 00:17:16 GMT;1,119;2_39_78_361_2019-03-18 19:17:02.071670;2;2-39-78-361;CA-493;634
Mon, 18 Mar 2019 19:23:53 GMT;Tue, 19 Mar 2019 01:56:10 GMT;Mon, 18 Mar 2019 21:26:29 GMT;6,698;2_39_95_27_2019-03-18 19:23:52.646109;2;2-39-95-27;CA-319;1124
Mon, 18 Mar 2019 19:44:57 GMT;Tue, 19 Mar 2019 01:08:36 GMT;Tue, 19 Mar 2019 01:08:24 GMT;9,588;2_39_79_381_2019-03-18 19:44:56.700956;2;2-39-79-381;CA-490;1957
Mon, 18 Mar 2019 19:52:07 GMT;Tue, 19 Mar 2019 00:09:26 GMT;Tue, 19 Mar 2019 00:02:57 GMT;2,201;2_39_79_382_2019-03-18 19:52:07.327653;2;2-39-79-382;CA-491;777
Mon, 18 Mar 2019 20:01:33 GMT;Tue, 19 Mar 2019 03:56:14 GMT;Tue, 19 Mar 2019 03:57:14 GMT;2,377;2_39_78_362_2019-03-18 20:01:33.408761;2;2-39-78-362;CA-496;1082
Mon, 18 Mar 2019 21:07:13 GMT;Tue, 19 Mar 2019 00:44:06 GMT;Mon, 18 Mar 2019 22:30:48 GMT;3,943;2_39_78_367_2019-03-18 21:07:12.531876;2;2-39-78-367;CA-494;1366
Mon, 18 Mar 2019 21:15:40 GMT;Tue, 19 Mar 2019 02:09:58 GMT;Mon, 18 Mar 2019 23:14:09 GMT;6,367;2_39_95_444_2019-03-18 21:15:40.018415;2;2-39-95-444;CA-497;515
Mon, 18 Mar 2019 21:18:33 GMT;Tue, 19 Mar 2019 02:13:01 GMT;Mon, 18 Mar 2019 21:50:33 GMT;1,514;2_39_138_29_2019-03-18 21:18:32.566279;2;2-39-138-29;CA-304;562
Mon, 18 Mar 2019 22:05:38 GMT;Mon, 18 Mar 2019 23:09:12 GMT;Mon, 18 Mar 2019 23:09:08 GMT;3,355;2_39_125_21_2019-03-18 22:05:37.664688;2;2-39-125-21;CA-311;1236
Mon, 18 Mar 2019 23:33:19 GMT;Tue, 19 Mar 2019 00:42:20 GMT;Tue, 19 Mar 2019 00:42:16 GMT;3,894;2_39_125_21_2019-03-18 23:33:18.536160;2;2-39-125-21;CA-311;1108
Mon, 18 Mar 2019 23:33:26 GMT;Tue, 19 Mar 2019 00:58:16 GMT;Tue, 19 Mar 2019 00:58:11 GMT;4,72;2_39_139_28_2019-03-18 23:33:25.880124;2;2-39-139-28;CA-303;774
Tue, 19 Mar 2019 01:06:56 GMT;Tue, 19 Mar 2019 02:34:13 GMT;Tue, 19 Mar 2019 02:24:14 GMT;7,869;2_39_139_28_2019-03-19 01:06:56.054303;2;2-39-139-28;CA-303;1133
Tue, 19 Mar 2019 02:01:40 GMT;Tue, 19 Mar 2019 03:09:50 GMT;Tue, 19 Mar 2019 02:32:28 GMT;0,859;2_39_131_30_2019-03-19 02:01:40.168149;2;2-39-131-30;CA-305;
Tue, 19 Mar 2019 02:20:44 GMT;Tue, 19 Mar 2019 05:02:10 GMT;Tue, 19 Mar 2019 05:00:51 GMT;8,76;2_39_83_386_2019-03-19 02:20:43.987528;2;2-39-83-386;CA-212;777
Tue, 19 Mar 2019 02:27:35 GMT;Tue, 19 Mar 2019 04:56:39 GMT;Tue, 19 Mar 2019 04:10:05 GMT;10,765;2_39_123_23_2019-03-19 02:27:35.504913;2;2-39-123-23;CA-313;754
Tue, 19 Mar 2019 03:50:32 GMT;Tue, 19 Mar 2019 13:41:03 GMT;Tue, 19 Mar 2019 08:24:09 GMT;15,651;2_39_139_28_2019-03-19 03:50:32.325090;2;2-39-139-28;CA-303;838
Tue, 19 Mar 2019 04:57:46 GMT;Tue, 19 Mar 2019 13:31:02 GMT;Tue, 19 Mar 2019 09:56:16 GMT;31,643;2_39_79_377_2019-03-19 04:57:46.128468;2;2-39-79-377;CA-325;300
Tue, 19 Mar 2019 05:19:26 GMT;Wed, 20 Mar 2019 21:13:26 GMT;Wed, 20 Mar 2019 01:50:17 GMT;42,379;2_39_79_381_2019-03-19 05:19:25.541370;2;2-39-79-381;CA-490;1286
Tue, 19 Mar 2019 07:12:42 GMT;Tue, 19 Mar 2019 14:51:32 GMT;Tue, 19 Mar 2019 09:13:25 GMT;6,339;2_39_79_383_2019-03-19 07:12:41.984974;2;2-39-79-383;CA-492;1164
Tue, 19 Mar 2019 13:37:11 GMT;Tue, 19 Mar 2019 20:56:38 GMT;Tue, 19 Mar 2019 19:16:56 GMT;15,738;2_39_79_379_2019-03-19 13:37:11.310133;2;2-39-79-379;CA-327;676
Tue, 19 Mar 2019 14:47:33 GMT;Tue, 19 Mar 2019 23:12:28 GMT;Tue, 19 Mar 2019 17:53:04 GMT;5,573;2_39_78_366_2019-03-19 14:47:32.937984;2;2-39-78-366;CA-323;569
Tue, 19 Mar 2019 14:51:48 GMT;Tue, 19 Mar 2019 23:26:27 GMT;Tue, 19 Mar 2019 17:17:52 GMT;3,24;2_39_79_376_2019-03-19 14:51:48.190076;2;2-39-79-376;CA-324;1083
Tue, 19 Mar 2019 15:00:14 GMT;Tue, 19 Mar 2019 23:28:44 GMT;Tue, 19 Mar 2019 16:38:10 GMT;5,093;2_39_123_23_2019-03-19 15:00:14.446500;2;2-39-123-23;CA-313;858
Tue, 19 Mar 2019 15:23:07 GMT;Wed, 20 Mar 2019 00:24:54 GMT;Tue, 19 Mar 2019 22:44:09 GMT;0,934;2_39_79_380_2019-03-19 15:23:07.381571;2;2-39-79-380;CA-489;
Tue, 19 Mar 2019 15:34:00 GMT;Tue, 19 Mar 2019 21:57:13 GMT;Tue, 19 Mar 2019 20:04:32 GMT;30,017;2_39_95_444_2019-03-19 15:34:00.398165;2;2-39-95-444;CA-497;234
Tue, 19 Mar 2019 15:39:44 GMT;Tue, 19 Mar 2019 17:47:13 GMT;Tue, 19 Mar 2019 17:18:50 GMT;2,735;2_39_79_378_2019-03-19 15:39:43.735099;2;2-39-79-378;CA-326;1366
Tue, 19 Mar 2019 15:46:58 GMT;Tue, 19 Mar 2019 19:36:26 GMT;Tue, 19 Mar 2019 17:10:29 GMT;4,367;2_39_139_28_2019-03-19 15:46:57.511771;2;2-39-139-28;CA-303;562
Tue, 19 Mar 2019 15:48:42 GMT;Wed, 20 Mar 2019 00:37:32 GMT;Tue, 19 Mar 2019 17:12:14 GMT;4,637;2_39_131_30_2019-03-19 15:48:41.833498;2;2-39-131-30;CA-305;712
Tue, 19 Mar 2019 15:50:10 GMT;Tue, 19 Mar 2019 19:45:07 GMT;Tue, 19 Mar 2019 19:44:54 GMT;21,044;2_39_78_364_2019-03-19 15:50:10.382332;2;2-39-78-364;CA-495;1208
Tue, 19 Mar 2019 15:58:08 GMT;Wed, 20 Mar 2019 00:38:58 GMT;Tue, 19 Mar 2019 17:44:59 GMT;10,988;2_39_129_17_2019-03-19 15:58:08.065462;2;2-39-129-17;CA-307;1105
Tue, 19 Mar 2019 15:58:22 GMT;Wed, 20 Mar 2019 01:24:18 GMT;Tue, 19 Mar 2019 20:35:17 GMT;9,268;2_39_78_367_2019-03-19 15:58:22.222931;2;2-39-78-367;CA-494;632
Tue, 19 Mar 2019 15:58:49 GMT;Wed, 20 Mar 2019 00:45:54 GMT;Tue, 19 Mar 2019 16:42:14 GMT;1,855;2_39_90_26_2019-03-19 15:58:49.362353;2;2-39-90-26;CA-316;891
Tue, 19 Mar 2019 15:58:50 GMT;Tue, 19 Mar 2019 23:36:41 GMT;Tue, 19 Mar 2019 18:19:39 GMT;7,373;2_39_127_19_2019-03-19 15:58:50.118573;2;2-39-127-19;CA-309;620
Tue, 19 Mar 2019 16:06:00 GMT;Tue, 19 Mar 2019 22:31:36 GMT;Tue, 19 Mar 2019 17:48:54 GMT;5,181;2_39_89_25_2019-03-19 16:06:00.148465;2;2-39-89-25;CA-315;743
Tue, 19 Mar 2019 16:12:29 GMT;Tue, 19 Mar 2019 23:09:20 GMT;Tue, 19 Mar 2019 23:08:52 GMT;32,631;2_39_88_438_2019-03-19 16:12:29.090616;2;2-39-88-438;CA-502;1122
Tue, 19 Mar 2019 16:30:01 GMT;Tue, 19 Mar 2019 23:32:00 GMT;Tue, 19 Mar 2019 18:30:04 GMT;12,15;2_39_125_21_2019-03-19 16:30:01.472260;2;2-39-125-21;CA-311;1912
Tue, 19 Mar 2019 16:46:01 GMT;Wed, 20 Mar 2019 04:15:39 GMT;Tue, 19 Mar 2019 17:35:52 GMT;1,57;2_39_91_437_2019-03-19 16:46:01.226334;2;2-39-91-437;CA-317;324
Tue, 19 Mar 2019 16:58:34 GMT;Wed, 20 Mar 2019 00:15:20 GMT;Tue, 19 Mar 2019 19:23:50 GMT;15,507;2_39_90_440_2019-03-19 16:58:33.774367;2;2-39-90-440;CA-500;1957
Tue, 19 Mar 2019 17:04:26 GMT;Wed, 20 Mar 2019 01:12:06 GMT;Tue, 19 Mar 2019 19:23:59 GMT;7,497;2_39_95_27_2019-03-19 17:04:26.053410;2;2-39-95-27;CA-319;515
Tue, 19 Mar 2019 17:06:21 GMT;Wed, 20 Mar 2019 02:08:43 GMT;Tue, 19 Mar 2019 23:13:17 GMT;12,22;2_39_123_557_2019-03-19 17:06:21.190353;2;2-39-123-557;CA-503;558
Tue, 19 Mar 2019 17:21:30 GMT;Wed, 20 Mar 2019 01:04:32 GMT;Tue, 19 Mar 2019 20:45:34 GMT;9,748;2_39_79_382_2019-03-19 17:21:30.147257;2;2-39-79-382;CA-491;1095
Tue, 19 Mar 2019 17:25:36 GMT;Wed, 20 Mar 2019 01:08:25 GMT;Tue, 19 Mar 2019 20:51:19 GMT;10,46;2_39_78_361_2019-03-19 17:25:36.176041;2;2-39-78-361;CA-493;714
Tue, 19 Mar 2019 17:31:52 GMT;Wed, 20 Mar 2019 09:04:55 GMT;Tue, 19 Mar 2019 18:41:36 GMT;2,379;2_39_78_363_2019-03-19 17:31:52.062761;2;2-39-78-363;CA-320;1082
Tue, 19 Mar 2019 18:01:21 GMT;Tue, 19 Mar 2019 23:53:30 GMT;Tue, 19 Mar 2019 18:40:59 GMT;0,934;2_39_79_378_2019-03-19 18:01:20.807319;2;2-39-79-378;CA-326;
Tue, 19 Mar 2019 18:15:45 GMT;Tue, 19 Mar 2019 23:06:41 GMT;Tue, 19 Mar 2019 22:44:06 GMT;8,717;2_39_78_365_2019-03-19 18:15:44.647956;2;2-39-78-365;CA-321;1001
Tue, 19 Mar 2019 18:27:29 GMT;Tue, 19 Mar 2019 23:04:19 GMT;Tue, 19 Mar 2019 21:36:27 GMT;8,749;2_39_79_383_2019-03-19 18:27:28.680241;2;2-39-79-383;CA-492;777
Tue, 19 Mar 2019 18:57:32 GMT;Wed, 20 Mar 2019 00:04:59 GMT;Tue, 19 Mar 2019 23:01:59 GMT;0,783;2_39_88_24_2019-03-19 18:57:32.143535;2;2-39-88-24;CA-314;
Tue, 19 Mar 2019 19:25:22 GMT;Tue, 19 Mar 2019 21:45:39 GMT;Tue, 19 Mar 2019 21:45:34 GMT;7,817;2_39_79_377_2019-03-19 19:25:21.811026;2;2-39-79-377;CA-325;1135
Tue, 19 Mar 2019 19:38:23 GMT;Tue, 19 Mar 2019 23:27:20 GMT;Tue, 19 Mar 2019 23:27:08 GMT;25,464;2_39_89_439_2019-03-19 19:38:22.926639;2;2-39-89-439;CA-501;1214
Tue, 19 Mar 2019 20:14:59 GMT;Wed, 20 Mar 2019 01:59:52 GMT;Tue, 19 Mar 2019 20:35:20 GMT;0,926;2_39_139_28_2019-03-19 20:14:59.215826;2;2-39-139-28;CA-303;562
Tue, 19 Mar 2019 20:32:43 GMT;Wed, 20 Mar 2019 01:28:21 GMT;Tue, 19 Mar 2019 22:37:56 GMT;6,789;2_39_78_364_2019-03-19 20:32:42.818170;2;2-39-78-364;CA-495;1124
Tue, 19 Mar 2019 23:49:02 GMT;Wed, 20 Mar 2019 02:23:27 GMT;Wed, 20 Mar 2019 00:28:58 GMT;2,134;2_39_127_19_2019-03-19 23:49:02.056044;2;2-39-127-19;CA-309;838
Wed, 20 Mar 2019 00:26:08 GMT;Wed, 20 Mar 2019 02:08:04 GMT;Wed, 20 Mar 2019 02:07:59 GMT;5,657;2_39_123_23_2019-03-20 00:26:07.811194;2;2-39-123-23;CA-313;1746
Wed, 20 Mar 2019 01:52:24 GMT;Wed, 20 Mar 2019 02:58:48 GMT;Wed, 20 Mar 2019 02:58:40 GMT;1,499;2_39_79_377_2019-03-20 01:52:23.996296;2;2-39-79-377;CA-325;
Wed, 20 Mar 2019 02:07:11 GMT;Wed, 20 Mar 2019 03:35:59 GMT;Wed, 20 Mar 2019 03:35:54 GMT;9,835;2_39_131_30_2019-03-20 02:07:11.073420;2;2-39-131-30;CA-305;754
Wed, 20 Mar 2019 03:26:54 GMT;Wed, 20 Mar 2019 05:40:06 GMT;Wed, 20 Mar 2019 05:39:42 GMT;12,47;2_39_129_17_2019-03-20 03:26:54.358109;2;2-39-129-17;CA-307;1099
Wed, 20 Mar 2019 03:57:37 GMT;Wed, 20 Mar 2019 06:11:56 GMT;Wed, 20 Mar 2019 06:11:47 GMT;6,81;2_39_79_378_2019-03-20 03:57:37.074762;2;2-39-79-378;CA-326;1135
Wed, 20 Mar 2019 05:04:26 GMT;Wed, 20 Mar 2019 14:07:31 GMT;Wed, 20 Mar 2019 07:06:51 GMT;6,447;2_39_79_383_2019-03-20 05:04:25.915018;2;2-39-79-383;CA-492;1164
Wed, 20 Mar 2019 13:07:56 GMT;Wed, 20 Mar 2019 14:26:22 GMT;Wed, 20 Mar 2019 14:26:17 GMT;3,816;2_39_89_25_2019-03-20 13:07:56.308397;2;2-39-89-25;CA-315;743
Wed, 20 Mar 2019 13:51:33 GMT;Thu, 21 Mar 2019 04:09:54 GMT;Wed, 20 Mar 2019 19:21:43 GMT;15,374;2_39_79_379_2019-03-20 13:51:33.411371;2;2-39-79-379;CA-327;676
Wed, 20 Mar 2019 13:55:49 GMT;Wed, 20 Mar 2019 15:08:47 GMT;Wed, 20 Mar 2019 15:08:39 GMT;3,945;2_39_139_28_2019-03-20 13:55:48.801223;2;2-39-139-28;CA-303;1161
Wed, 20 Mar 2019 15:01:48 GMT;Wed, 20 Mar 2019 23:56:41 GMT;Wed, 20 Mar 2019 19:32:27 GMT;14,744;2_39_124_558_2019-03-20 15:01:48.135082;2;2-39-124-558;CA-504;1534
Wed, 20 Mar 2019 15:03:17 GMT;Thu, 21 Mar 2019 01:06:24 GMT;Wed, 20 Mar 2019 23:14:25 GMT;0,878;2_39_79_380_2019-03-20 15:03:16.863859;2;2-39-79-380;CA-489;
Wed, 20 Mar 2019 15:05:11 GMT;Wed, 20 Mar 2019 17:29:09 GMT;Wed, 20 Mar 2019 17:04:19 GMT;6,266;2_39_79_377_2019-03-20 15:05:11.415285;2;2-39-79-377;CA-325;1083
Wed, 20 Mar 2019 15:21:22 GMT;Thu, 21 Mar 2019 00:16:55 GMT;Wed, 20 Mar 2019 21:54:22 GMT;6,675;2_39_78_365_2019-03-20 15:21:22.369109;2;2-39-78-365;CA-321;569
Wed, 20 Mar 2019 15:41:07 GMT;Thu, 21 Mar 2019 01:12:35 GMT;Wed, 20 Mar 2019 20:04:56 GMT;19,661;2_39_79_383_2019-03-20 15:41:06.662155;2;2-39-79-383;CA-492;1104
Wed, 20 Mar 2019 15:41:40 GMT;Thu, 21 Mar 2019 00:34:31 GMT;Wed, 20 Mar 2019 17:18:59 GMT;5,408;2_39_131_30_2019-03-20 15:41:39.740445;2;2-39-131-30;CA-305;712
Wed, 20 Mar 2019 15:46:15 GMT;Wed, 20 Mar 2019 19:15:03 GMT;Wed, 20 Mar 2019 16:48:11 GMT;6,51;2_39_129_17_2019-03-20 15:46:14.922345;2;2-39-129-17;CA-307;1105
Wed, 20 Mar 2019 15:47:40 GMT;Wed, 20 Mar 2019 15:55:48 GMT;Wed, 20 Mar 2019 15:55:44 GMT;0,75;2_39_95_27_2019-03-20 15:47:39.867638;2;2-39-95-27;CA-319;431
Wed, 20 Mar 2019 15:49:06 GMT;Thu, 21 Mar 2019 00:19:02 GMT;Wed, 20 Mar 2019 23:05:09 GMT;14,036;2_39_79_378_2019-03-20 15:49:06.342852;2;2-39-79-378;CA-326;559
Wed, 20 Mar 2019 15:49:31 GMT;Wed, 20 Mar 2019 19:16:33 GMT;Wed, 20 Mar 2019 17:20:17 GMT;4,738;2_39_127_19_2019-03-20 15:49:31.405741;2;2-39-127-19;CA-309;562
Wed, 20 Mar 2019 15:50:43 GMT;Thu, 21 Mar 2019 00:23:37 GMT;Wed, 20 Mar 2019 18:08:18 GMT;7,538;2_39_138_29_2019-03-20 15:50:43.037886;2;2-39-138-29;CA-304;1481
Wed, 20 Mar 2019 15:52:13 GMT;Wed, 20 Mar 2019 22:39:53 GMT;Wed, 20 Mar 2019 22:02:50 GMT;12,801;2_39_79_376_2019-03-20 15:52:13.047151;2;2-39-79-376;CA-324;714
Wed, 20 Mar 2019 16:00:33 GMT;Wed, 20 Mar 2019 22:39:21 GMT;Wed, 20 Mar 2019 17:17:34 GMT;3,973;2_39_123_23_2019-03-20 16:00:32.604370;2;2-39-123-23;CA-313;858
Wed, 20 Mar 2019 16:01:43 GMT;Thu, 21 Mar 2019 01:08:14 GMT;Wed, 20 Mar 2019 17:26:30 GMT;4,153;2_39_89_25_2019-03-20 16:01:43.379791;2;2-39-89-25;CA-315;743
Wed, 20 Mar 2019 16:10:47 GMT;Wed, 20 Mar 2019 19:23:37 GMT;Wed, 20 Mar 2019 18:07:25 GMT;11,138;2_39_95_27_2019-03-20 16:10:46.546153;2;2-39-95-27;CA-319;431
Wed, 20 Mar 2019 16:26:15 GMT;Thu, 21 Mar 2019 00:51:04 GMT;Wed, 20 Mar 2019 17:51:42 GMT;8,278;2_39_92_442_2019-03-20 16:26:15.355728;2;2-39-92-442;CA-498;1095
Wed, 20 Mar 2019 16:31:14 GMT;Wed, 20 Mar 2019 23:57:24 GMT;Wed, 20 Mar 2019 18:40:18 GMT;6,951;2_39_91_437_2019-03-20 16:31:14.366506;2;2-39-91-437;CA-317;1364
Wed, 20 Mar 2019 16:42:29 GMT;Thu, 21 Mar 2019 04:45:32 GMT;Wed, 20 Mar 2019 17:46:10 GMT;2,024;2_39_92_436_2019-03-20 16:42:29.096217;2;2-39-92-436;CA-318;324
Wed, 20 Mar 2019 16:58:24 GMT;Thu, 21 Mar 2019 02:15:00 GMT;Thu, 21 Mar 2019 00:38:52 GMT;11,913;2_39_78_363_2019-03-20 16:58:24.502598;2;2-39-78-363;CA-320;558
Wed, 20 Mar 2019 17:47:38 GMT;Wed, 20 Mar 2019 20:38:05 GMT;Wed, 20 Mar 2019 20:25:11 GMT;7,879;2_39_78_366_2019-03-20 17:47:38.426352;2;2-39-78-366;CA-323;1137
Wed, 20 Mar 2019 18:02:59 GMT;Thu, 21 Mar 2019 04:21:44 GMT;Wed, 20 Mar 2019 20:57:05 GMT;17,213;2_39_79_377_2019-03-20 18:02:58.585152;2;2-39-79-377;CA-325;850
Wed, 20 Mar 2019 18:42:49 GMT;Thu, 21 Mar 2019 01:42:22 GMT;Wed, 20 Mar 2019 19:45:43 GMT;2,749;2_39_124_22_2019-03-20 18:42:48.835417;2;2-39-124-22;CA-312;1864
Wed, 20 Mar 2019 18:48:37 GMT;Thu, 21 Mar 2019 00:25:00 GMT;Thu, 21 Mar 2019 00:21:53 GMT;0,938;2_39_78_364_2019-03-20 18:48:37.226651;2;2-39-78-364;CA-495;
Wed, 20 Mar 2019 19:20:40 GMT;Thu, 21 Mar 2019 05:48:18 GMT;Wed, 20 Mar 2019 20:33:26 GMT;2,431;2_39_95_444_2019-03-20 19:20:40.079098;2;2-39-95-444;CA-497;1082
Wed, 20 Mar 2019 19:29:04 GMT;Wed, 20 Mar 2019 23:01:12 GMT;Wed, 20 Mar 2019 20:33:24 GMT;1,954;2_39_88_24_2019-03-20 19:29:03.643675;2;2-39-88-24;CA-314;560
Wed, 20 Mar 2019 19:29:30 GMT;Thu, 21 Mar 2019 00:54:52 GMT;Wed, 20 Mar 2019 20:28:06 GMT;1,393;2_39_78_360_2019-03-20 19:29:30.355648;2;2-39-78-360;CA-322;1083
Wed, 20 Mar 2019 19:33:10 GMT;Thu, 21 Mar 2019 00:02:10 GMT;Wed, 20 Mar 2019 23:56:39 GMT;8,788;2_39_78_361_2019-03-20 19:33:09.521559;2;2-39-78-361;CA-493;777
Wed, 20 Mar 2019 19:43:42 GMT;Thu, 21 Mar 2019 01:12:22 GMT;Wed, 20 Mar 2019 21:44:09 GMT;6,546;2_39_95_27_2019-03-20 19:43:42.487528;2;2-39-95-27;CA-319;1124
Wed, 20 Mar 2019 20:13:14 GMT;Wed, 20 Mar 2019 21:13:11 GMT;Wed, 20 Mar 2019 20:56:02 GMT;0,945;2_39_127_19_2019-03-20 20:13:14.151598;2;2-39-127-19;CA-309;
Wed, 20 Mar 2019 20:16:47 GMT;Thu, 21 Mar 2019 00:41:56 GMT;Wed, 20 Mar 2019 21:03:48 GMT;1,983;2_39_90_440_2019-03-20 20:16:46.751982;2;2-39-90-440;CA-500;891
Wed, 20 Mar 2019 20:26:40 GMT;Thu, 21 Mar 2019 02:13:03 GMT;Wed, 20 Mar 2019 20:57:11 GMT;1,479;2_39_125_21_2019-03-20 20:26:40.320839;2;2-39-125-21;CA-311;562
Wed, 20 Mar 2019 20:31:16 GMT;Wed, 20 Mar 2019 22:57:51 GMT;Wed, 20 Mar 2019 22:54:59 GMT;1,589;2_39_78_367_2019-03-20 20:31:15.914436;2;2-39-78-367;CA-494;
Wed, 20 Mar 2019 20:31:32 GMT;Wed, 20 Mar 2019 20:56:57 GMT;Wed, 20 Mar 2019 20:56:52 GMT;2,333;2_39_123_557_2019-03-20 20:31:32.128737;2;2-39-123-557;CA-503;1309
Wed, 20 Mar 2019 20:48:40 GMT;Wed, 20 Mar 2019 23:14:28 GMT;Wed, 20 Mar 2019 23:09:21 GMT;0,922;2_39_78_366_2019-03-20 20:48:39.737398;2;2-39-78-366;CA-323;
Wed, 20 Mar 2019 22:49:12 GMT;Thu, 21 Mar 2019 00:26:41 GMT;Thu, 21 Mar 2019 00:26:36 GMT;5,26;2_39_127_19_2019-03-20 22:49:12.066033;2;2-39-127-19;CA-309;1746
Wed, 20 Mar 2019 22:51:48 GMT;Thu, 21 Mar 2019 02:08:24 GMT;Thu, 21 Mar 2019 01:56:42 GMT;7,569;2_39_79_376_2019-03-20 22:51:47.841308;2;2-39-79-376;CA-324;1135
Wed, 20 Mar 2019 23:33:51 GMT;Thu, 21 Mar 2019 00:59:34 GMT;Thu, 21 Mar 2019 00:59:30 GMT;4,819;2_39_123_23_2019-03-20 23:33:51.309015;2;2-39-123-23;CA-313;774
Thu, 21 Mar 2019 00:06:32 GMT;Thu, 21 Mar 2019 01:10:45 GMT;Thu, 21 Mar 2019 01:10:41 GMT;3,665;2_39_91_437_2019-03-21 00:06:31.667165;2;2-39-91-437;CA-317;1089
Thu, 21 Mar 2019 00:15:46 GMT;Thu, 21 Mar 2019 02:00:02 GMT;Thu, 21 Mar 2019 01:45:20 GMT;1,046;2_39_78_361_2019-03-21 00:15:46.202622;2;2-39-78-361;CA-493;
Thu, 21 Mar 2019 01:07:33 GMT;Thu, 21 Mar 2019 03:07:45 GMT;Thu, 21 Mar 2019 02:25:06 GMT;7,883;2_39_131_30_2019-03-21 01:07:33.103411;2;2-39-131-30;CA-305;1133
Thu, 21 Mar 2019 01:21:34 GMT;Thu, 21 Mar 2019 03:17:29 GMT;Thu, 21 Mar 2019 02:20:32 GMT;1,836;2_39_139_28_2019-03-21 01:21:33.913043;2;2-39-139-28;CA-303;1564
Thu, 21 Mar 2019 02:00:13 GMT;Thu, 21 Mar 2019 13:38:15 GMT;Thu, 21 Mar 2019 04:51:42 GMT;9,577;2_39_129_17_2019-03-21 02:00:12.680649;2;2-39-129-17;CA-307;838
Thu, 21 Mar 2019 02:17:21 GMT;Thu, 21 Mar 2019 03:22:46 GMT;Thu, 21 Mar 2019 03:22:41 GMT;6,338;2_39_127_19_2019-03-21 02:17:21.020495;2;2-39-127-19;CA-309;2069
Thu, 21 Mar 2019 02:20:21 GMT;Thu, 21 Mar 2019 02:34:17 GMT;Thu, 21 Mar 2019 02:34:12 GMT;1,296;2_39_79_383_2019-03-21 02:20:21.441197;2;2-39-79-383;CA-492;1509
Thu, 21 Mar 2019 02:28:40 GMT;Fri, 22 Mar 2019 05:35:32 GMT;Thu, 21 Mar 2019 22:27:10 GMT;11,84;2_39_125_21_2019-03-21 02:28:40.507342;2;2-39-125-21;CA-311;1202
Thu, 21 Mar 2019 02:32:22 GMT;Thu, 21 Mar 2019 05:19:03 GMT;Thu, 21 Mar 2019 04:21:46 GMT;11,502;2_39_89_25_2019-03-21 02:32:21.677044;2;2-39-89-25;CA-315;754
Thu, 21 Mar 2019 03:02:45 GMT;Thu, 21 Mar 2019 04:14:32 GMT;Thu, 21 Mar 2019 04:14:27 GMT;7,506;2_39_138_29_2019-03-21 03:02:44.658341;2;2-39-138-29;CA-304;1309
Thu, 21 Mar 2019 03:36:25 GMT;Thu, 21 Mar 2019 14:15:25 GMT;Thu, 21 Mar 2019 13:49:13 GMT;17,438;2_39_78_366_2019-03-21 03:36:25.456897;2;2-39-78-366;CA-323;300
Thu, 21 Mar 2019 04:14:48 GMT;Thu, 21 Mar 2019 05:10:53 GMT;Thu, 21 Mar 2019 05:10:49 GMT;6,112;2_39_131_30_2019-03-21 04:14:48.383940;2;2-39-131-30;CA-305;637
Thu, 21 Mar 2019 04:50:43 GMT;Thu, 21 Mar 2019 15:23:16 GMT;Thu, 21 Mar 2019 13:07:34 GMT;54,578;2_39_127_19_2019-03-21 04:50:42.708039;2;2-39-127-19;CA-309;489
Thu, 21 Mar 2019 13:21:35 GMT;Thu, 21 Mar 2019 14:51:42 GMT;Thu, 21 Mar 2019 14:51:29 GMT;4,376;2_39_89_25_2019-03-21 13:21:35.468351;2;2-39-89-25;CA-315;743
Thu, 21 Mar 2019 14:59:31 GMT;Thu, 21 Mar 2019 22:35:48 GMT;Thu, 21 Mar 2019 16:49:59 GMT;5,902;2_39_123_23_2019-03-21 14:59:31.403109;2;2-39-123-23;CA-313;858
Thu, 21 Mar 2019 15:21:38 GMT;Fri, 22 Mar 2019 01:14:47 GMT;Thu, 21 Mar 2019 18:09:42 GMT;4,498;2_39_78_364_2019-03-21 15:21:37.850798;2;2-39-78-364;CA-495;1524
Thu, 21 Mar 2019 15:24:15 GMT;Thu, 21 Mar 2019 21:59:53 GMT;Thu, 21 Mar 2019 18:17:18 GMT;9,484;2_39_126_560_2019-03-21 15:24:14.885379;2;2-39-126-560;CA-506;1534
Thu, 21 Mar 2019 15:24:20 GMT;Thu, 21 Mar 2019 22:24:25 GMT;Thu, 21 Mar 2019 16:49:11 GMT;4,301;2_39_139_28_2019-03-21 15:24:20.013613;2;2-39-139-28;CA-303;1481
Thu, 21 Mar 2019 15:33:50 GMT;Thu, 21 Mar 2019 19:10:55 GMT;Thu, 21 Mar 2019 17:03:49 GMT;4,723;2_39_127_19_2019-03-21 15:33:50.422811;2;2-39-127-19;CA-309;562
Thu, 21 Mar 2019 15:36:22 GMT;Fri, 22 Mar 2019 02:16:47 GMT;Thu, 21 Mar 2019 23:32:54 GMT;1,092;2_39_79_379_2019-03-21 15:36:21.678951;2;2-39-79-379;CA-327;
Thu, 21 Mar 2019 15:41:02 GMT;Fri, 22 Mar 2019 00:40:35 GMT;Thu, 21 Mar 2019 17:04:03 GMT;5,61;2_39_79_376_2019-03-21 15:41:02.146802;2;2-39-79-376;CA-324;569
Thu, 21 Mar 2019 15:42:35 GMT;Thu, 21 Mar 2019 23:58:02 GMT;Thu, 21 Mar 2019 20:54:21 GMT;33,637;2_39_92_442_2019-03-21 15:42:34.532396;2;2-39-92-442;CA-498;818
Thu, 21 Mar 2019 15:46:12 GMT;Fri, 22 Mar 2019 00:52:27 GMT;Fri, 22 Mar 2019 00:52:22 GMT;16,048;2_39_79_381_2019-03-21 15:46:12.489297;2;2-39-79-381;CA-490;1104
Thu, 21 Mar 2019 15:52:58 GMT;Fri, 22 Mar 2019 03:27:27 GMT;Thu, 21 Mar 2019 17:46:03 GMT;11,769;2_39_131_30_2019-03-21 15:52:57.605201;2;2-39-131-30;CA-305;1105
Thu, 21 Mar 2019 15:56:53 GMT;Fri, 22 Mar 2019 00:27:05 GMT;Thu, 21 Mar 2019 17:25:25 GMT;4,968;2_39_129_17_2019-03-21 15:56:53.291813;2;2-39-129-17;CA-307;712
Thu, 21 Mar 2019 16:24:27 GMT;Fri, 22 Mar 2019 00:51:10 GMT;Thu, 21 Mar 2019 18:56:37 GMT;7,755;2_39_79_383_2019-03-21 16:24:27.313121;2;2-39-79-383;CA-492;632
Thu, 21 Mar 2019 16:26:47 GMT;Thu, 21 Mar 2019 21:25:26 GMT;Thu, 21 Mar 2019 21:24:19 GMT;9,228;2_39_78_366_2019-03-21 16:26:47.456093;2;2-39-78-366;CA-323;1470
Thu, 21 Mar 2019 16:31:52 GMT;Fri, 22 Mar 2019 01:25:07 GMT;Thu, 21 Mar 2019 18:01:31 GMT;4,329;2_39_79_380_2019-03-21 16:31:51.973055;2;2-39-79-380;CA-489;1864
Thu, 21 Mar 2019 16:35:13 GMT;Thu, 21 Mar 2019 23:56:42 GMT;Thu, 21 Mar 2019 18:03:25 GMT;4,437;2_39_89_25_2019-03-21 16:35:12.646338;2;2-39-89-25;CA-315;743
Thu, 21 Mar 2019 17:03:24 GMT;Thu, 21 Mar 2019 23:36:13 GMT;Thu, 21 Mar 2019 20:48:04 GMT;10,268;2_39_90_26_2019-03-21 17:03:23.554269;2;2-39-90-26;CA-316;620
Thu, 21 Mar 2019 17:05:56 GMT;Fri, 22 Mar 2019 00:56:38 GMT;Thu, 21 Mar 2019 19:43:16 GMT;11,575;2_39_78_365_2019-03-21 17:05:56.407753;2;2-39-78-365;CA-321;1095
Thu, 21 Mar 2019 17:12:42 GMT;Thu, 21 Mar 2019 21:30:13 GMT;Thu, 21 Mar 2019 21:30:09 GMT;7,126;2_39_78_360_2019-03-21 17:12:42.087343;2;2-39-78-360;CA-322;668
Thu, 21 Mar 2019 17:47:37 GMT;Thu, 21 Mar 2019 23:30:23 GMT;Thu, 21 Mar 2019 19:45:57 GMT;13,378;2_39_95_444_2019-03-21 17:47:36.859374;2;2-39-95-444;CA-497;234
Thu, 21 Mar 2019 18:10:25 GMT;Fri, 22 Mar 2019 00:32:21 GMT;Thu, 21 Mar 2019 18:57:07 GMT;1,946;2_39_92_436_2019-03-21 18:10:25.435774;2;2-39-92-436;CA-318;891
Thu, 21 Mar 2019 18:33:00 GMT;Fri, 22 Mar 2019 02:21:24 GMT;Fri, 22 Mar 2019 02:01:25 GMT;39,892;2_39_78_361_2019-03-21 18:32:59.535324;2;2-39-78-361;CA-493;1208
Thu, 21 Mar 2019 18:58:49 GMT;Fri, 22 Mar 2019 06:22:05 GMT;Thu, 21 Mar 2019 20:11:07 GMT;2,275;2_39_90_440_2019-03-21 18:58:49.265586;2;2-39-90-440;CA-500;1082
Thu, 21 Mar 2019 19:37:19 GMT;Thu, 21 Mar 2019 23:11:29 GMT;Thu, 21 Mar 2019 22:17:00 GMT;14,445;2_39_138_29_2019-03-21 19:37:19.018859;2;2-39-138-29;CA-304;1912
Thu, 21 Mar 2019 20:19:30 GMT;Fri, 22 Mar 2019 01:04:52 GMT;Thu, 21 Mar 2019 22:22:15 GMT;6,616;2_39_95_27_2019-03-21 20:19:30.154562;2;2-39-95-27;CA-319;1124
Thu, 21 Mar 2019 20:43:29 GMT;Fri, 22 Mar 2019 01:11:51 GMT;Fri, 22 Mar 2019 00:01:47 GMT;18,577;2_39_125_559_2019-03-21 20:43:28.931385;2;2-39-125-559;CA-505;1915
Thu, 21 Mar 2019 20:51:06 GMT;Fri, 22 Mar 2019 01:45:55 GMT;Thu, 21 Mar 2019 21:14:55 GMT;1,11;2_39_88_24_2019-03-21 20:51:05.547017;2;2-39-88-24;CA-314;562
Thu, 21 Mar 2019 21:42:33 GMT;Fri, 22 Mar 2019 00:16:57 GMT;Fri, 22 Mar 2019 00:15:43 GMT;0,512537336;2_39_78_366_2019-03-21 21:42:33.333273;2;2-39-78-366;CA-323;
Thu, 21 Mar 2019 22:21:18 GMT;Fri, 22 Mar 2019 03:10:29 GMT;Fri, 22 Mar 2019 02:53:44 GMT;15,639;2_39_91_437_2019-03-21 22:21:18.241454;2;2-39-91-437;CA-317;676
Fri, 22 Mar 2019 00:25:30 GMT;Fri, 22 Mar 2019 04:04:57 GMT;Fri, 22 Mar 2019 02:29:12 GMT;6,363;2_39_78_366_2019-03-22 00:25:29.702157;2;2-39-78-366;CA-323;1083
Fri, 22 Mar 2019 00:48:44 GMT;Fri, 22 Mar 2019 03:15:51 GMT;Fri, 22 Mar 2019 02:34:28 GMT;5,485;2_39_123_23_2019-03-22 00:48:43.951273;2;2-39-123-23;CA-313;1746
Fri, 22 Mar 2019 02:16:04 GMT;Fri, 22 Mar 2019 04:15:40 GMT;Fri, 22 Mar 2019 03:59:14 GMT;11,13;2_39_89_25_2019-03-22 02:16:03.886520;2;2-39-89-25;CA-315;754
Fri, 22 Mar 2019 03:00:02 GMT;Fri, 22 Mar 2019 14:13:37 GMT;Fri, 22 Mar 2019 07:32:15 GMT;27,061;2_39_78_365_2019-03-22 03:00:01.698221;2;2-39-78-365;CA-321;300
Fri, 22 Mar 2019 03:12:35 GMT;Fri, 22 Mar 2019 05:18:54 GMT;Fri, 22 Mar 2019 05:13:50 GMT;12,359;2_39_129_17_2019-03-22 03:12:35.484976;2;2-39-129-17;CA-307;1099
Fri, 22 Mar 2019 13:47:15 GMT;Fri, 22 Mar 2019 23:23:19 GMT;Fri, 22 Mar 2019 17:30:58 GMT;22,773;2_39_79_379_2019-03-22 13:47:15.365716;2;2-39-79-379;CA-327;850
Fri, 22 Mar 2019 15:20:39 GMT;Sat, 23 Mar 2019 00:29:59 GMT;Fri, 22 Mar 2019 18:38:36 GMT;13,322;2_39_139_28_2019-03-22 15:20:39.005511;2;2-39-139-28;CA-303;559
Fri, 22 Mar 2019 15:23:32 GMT;Sat, 23 Mar 2019 00:03:15 GMT;Fri, 22 Mar 2019 21:45:27 GMT;6,859;2_39_78_366_2019-03-22 15:23:31.539994;2;2-39-78-366;CA-323;569
Fri, 22 Mar 2019 15:23:58 GMT;Sat, 23 Mar 2019 00:14:51 GMT;Fri, 22 Mar 2019 22:39:23 GMT;14,048;2_39_78_367_2019-03-22 15:23:58.280012;2;2-39-78-367;CA-494;1524
Fri, 22 Mar 2019 15:28:44 GMT;Fri, 22 Mar 2019 19:26:10 GMT;Fri, 22 Mar 2019 16:57:52 GMT;4,701;2_39_127_19_2019-03-22 15:28:43.718403;2;2-39-127-19;CA-309;562
Fri, 22 Mar 2019 15:29:05 GMT;Fri, 22 Mar 2019 20:44:09 GMT;Fri, 22 Mar 2019 17:20:56 GMT;5,814;2_39_130_31_2019-03-22 15:29:05.482096;2;2-39-130-31;CA-306;376
Fri, 22 Mar 2019 15:43:43 GMT;Sat, 23 Mar 2019 00:22:18 GMT;Fri, 22 Mar 2019 17:13:33 GMT;4,367;2_39_89_25_2019-03-22 15:43:42.672551;2;2-39-89-25;CA-315;743
Fri, 22 Mar 2019 15:56:26 GMT;Fri, 22 Mar 2019 17:15:07 GMT;Fri, 22 Mar 2019 17:15:03 GMT;4,489;2_39_92_436_2019-03-22 15:56:26.137084;2;2-39-92-436;CA-318;1108
Fri, 22 Mar 2019 15:57:13 GMT;Fri, 22 Mar 2019 23:55:21 GMT;Fri, 22 Mar 2019 17:23:03 GMT;6,359;2_39_79_377_2019-03-22 15:57:13.196006;2;2-39-79-377;CA-325;1470
Fri, 22 Mar 2019 15:59:11 GMT;Fri, 22 Mar 2019 20:28:28 GMT;Fri, 22 Mar 2019 20:13:24 GMT;22,603;2_39_78_360_2019-03-22 15:59:10.794019;2;2-39-78-360;CA-322;579
Fri, 22 Mar 2019 16:13:55 GMT;Sat, 23 Mar 2019 00:47:22 GMT;Fri, 22 Mar 2019 19:13:47 GMT;19,765;2_39_92_442_2019-03-22 16:13:55.353390;2;2-39-92-442;CA-498;1957
Fri, 22 Mar 2019 16:19:19 GMT;Fri, 22 Mar 2019 23:05:01 GMT;Fri, 22 Mar 2019 21:54:08 GMT;16,201;2_39_79_376_2019-03-22 16:19:18.780674;2;2-39-79-376;CA-324;1135
Fri, 22 Mar 2019 16:27:12 GMT;Sat, 23 Mar 2019 00:12:58 GMT;Fri, 22 Mar 2019 17:49:36 GMT;4,199;2_39_131_30_2019-03-22 16:27:11.891068;2;2-39-131-30;CA-305;1481
Fri, 22 Mar 2019 16:31:29 GMT;Sat, 23 Mar 2019 01:02:47 GMT;Fri, 22 Mar 2019 17:02:34 GMT;0,905;2_39_78_365_2019-03-22 16:31:29.205427;2;2-39-78-365;CA-321;
Fri, 22 Mar 2019 16:53:42 GMT;Fri, 22 Mar 2019 18:33:28 GMT;Fri, 22 Mar 2019 18:33:24 GMT;11,11;2_39_129_17_2019-03-22 16:53:42.254206;2;2-39-129-17;CA-307;1912
Fri, 22 Mar 2019 16:57:28 GMT;Sat, 23 Mar 2019 00:00:11 GMT;Fri, 22 Mar 2019 18:50:22 GMT;4,968;2_39_125_21_2019-03-22 16:57:28.113743;2;2-39-125-21;CA-311;620
Fri, 22 Mar 2019 17:11:42 GMT;Sat, 23 Mar 2019 00:27:04 GMT;Sat, 23 Mar 2019 00:01:03 GMT;11,69;2_39_79_381_2019-03-22 17:11:42.191758;2;2-39-79-381;CA-490;1095
Fri, 22 Mar 2019 17:23:35 GMT;Fri, 22 Mar 2019 20:54:31 GMT;Fri, 22 Mar 2019 19:24:31 GMT;11,959;2_39_95_27_2019-03-22 17:23:34.964402;2;2-39-95-27;CA-319;431
Fri, 22 Mar 2019 17:32:14 GMT;Sat, 23 Mar 2019 00:22:43 GMT;Fri, 22 Mar 2019 19:39:03 GMT;13,35;2_39_79_383_2019-03-22 17:32:13.684845;2;2-39-79-383;CA-492;1154
Fri, 22 Mar 2019 18:01:56 GMT;Sat, 23 Mar 2019 04:59:47 GMT;Fri, 22 Mar 2019 20:14:17 GMT;7,313;2_39_91_437_2019-03-22 18:01:56.390451;2;2-39-91-437;CA-317;515
Fri, 22 Mar 2019 18:53:26 GMT;Fri, 22 Mar 2019 23:39:10 GMT;Fri, 22 Mar 2019 23:38:59 GMT;26,873;2_39_78_361_2019-03-22 18:53:25.795520;2;2-39-78-361;CA-493;832
Fri, 22 Mar 2019 18:57:17 GMT;Sat, 23 Mar 2019 07:27:16 GMT;Fri, 22 Mar 2019 20:02:06 GMT;2,188;2_39_123_23_2019-03-22 18:57:16.986484;2;2-39-123-23;CA-313;1082
Fri, 22 Mar 2019 19:27:08 GMT;Sat, 23 Mar 2019 00:59:00 GMT;Fri, 22 Mar 2019 21:34:02 GMT;6,704;2_39_78_363_2019-03-22 19:27:08.066899;2;2-39-78-363;CA-320;1124
Fri, 22 Mar 2019 19:50:47 GMT;Fri, 22 Mar 2019 23:23:07 GMT;Fri, 22 Mar 2019 20:28:44 GMT;3,719;2_39_129_17_2019-03-22 19:50:46.640872;2;2-39-129-17;CA-307;1912
Fri, 22 Mar 2019 20:25:00 GMT;Sat, 23 Mar 2019 01:07:22 GMT;Fri, 22 Mar 2019 20:48:00 GMT;1,064;2_39_127_19_2019-03-22 20:25:00.493905;2;2-39-127-19;CA-309;562
Fri, 22 Mar 2019 20:37:19 GMT;Sat, 23 Mar 2019 01:01:19 GMT;Fri, 22 Mar 2019 21:20:22 GMT;1,818;2_39_88_24_2019-03-22 20:37:18.990997;2;2-39-88-24;CA-314;891
Fri, 22 Mar 2019 21:28:02 GMT;Sat, 23 Mar 2019 04:25:25 GMT;Sat, 23 Mar 2019 04:25:21 GMT;47,023;2_39_130_31_2019-03-22 21:28:02.120940;2;2-39-130-31;CA-306;1991
Fri, 22 Mar 2019 21:34:06 GMT;Sat, 23 Mar 2019 01:40:39 GMT;Sat, 23 Mar 2019 01:40:34 GMT;14,257;2_39_92_436_2019-03-22 21:34:05.616632;2;2-39-92-436;CA-318;676
Fri, 22 Mar 2019 21:41:24 GMT;Fri, 22 Mar 2019 22:14:49 GMT;Fri, 22 Mar 2019 22:14:10 GMT;2,805;2_39_90_26_2019-03-22 21:41:24.372362;2;2-39-90-26;CA-316;1356
Sat, 23 Mar 2019 02:36:05 GMT;Sun, 24 Mar 2019 01:45:50 GMT;Sat, 23 Mar 2019 09:09:09 GMT;43,507;2_39_139_28_2019-03-23 02:36:04.782642;2;2-39-139-28;CA-303;489
Sat, 23 Mar 2019 14:48:44 GMT;Sat, 23 Mar 2019 16:35:47 GMT;Sat, 23 Mar 2019 16:35:43 GMT;10,409;2_39_138_29_2019-03-23 14:48:43.710663;2;2-39-138-29;CA-304;675
Sat, 23 Mar 2019 15:10:32 GMT;Sat, 23 Mar 2019 18:41:33 GMT;Sat, 23 Mar 2019 18:42:32 GMT;0,866;2_39_131_30_2019-03-23 15:10:32.033948;2;2-39-131-30;CA-305;
Sat, 23 Mar 2019 15:33:21 GMT;Sat, 23 Mar 2019 18:58:53 GMT;Sat, 23 Mar 2019 18:58:16 GMT;0,925;2_39_79_377_2019-03-23 15:33:21.197570;2;2-39-79-377;CA-325;
Sat, 23 Mar 2019 15:59:00 GMT;Sat, 23 Mar 2019 18:25:16 GMT;Sat, 23 Mar 2019 18:25:07 GMT;8,204;2_39_129_17_2019-03-23 15:58:59.652894;2;2-39-129-17;CA-307;2087
Sat, 23 Mar 2019 17:00:15 GMT;Sat, 23 Mar 2019 19:48:58 GMT;Sat, 23 Mar 2019 18:58:15 GMT;7,877;2_39_127_19_2019-03-23 17:00:14.653881;2;2-39-127-19;CA-309;1133
Sat, 23 Mar 2019 17:08:03 GMT;Sun, 24 Mar 2019 02:37:22 GMT;Sat, 23 Mar 2019 18:27:07 GMT;8,075;2_39_125_21_2019-03-23 17:08:02.652222;2;2-39-125-21;CA-311;1225
Sat, 23 Mar 2019 18:22:14 GMT;Sat, 23 Mar 2019 19:05:46 GMT;Sat, 23 Mar 2019 19:05:42 GMT;1,37;2_39_79_378_2019-03-23 18:22:13.579132;2;2-39-79-378;CA-326;1135
Sat, 23 Mar 2019 19:19:03 GMT;Sat, 23 Mar 2019 21:06:58 GMT;Sat, 23 Mar 2019 21:06:54 GMT;5,806;2_39_131_30_2019-03-23 19:19:03.365679;2;2-39-131-30;CA-305;1236
Sat, 23 Mar 2019 19:42:55 GMT;Sun, 24 Mar 2019 00:36:50 GMT;Sat, 23 Mar 2019 21:44:49 GMT;6,347;2_39_79_383_2019-03-23 19:42:55.352430;2;2-39-79-383;CA-492;1164
Sat, 23 Mar 2019 20:08:47 GMT;Sun, 24 Mar 2019 00:45:29 GMT;Sat, 23 Mar 2019 22:12:38 GMT;13,214;2_39_89_25_2019-03-23 20:08:46.590710;2;2-39-89-25;CA-315;754
Sat, 23 Mar 2019 20:20:32 GMT;Sun, 24 Mar 2019 02:35:09 GMT;Sun, 24 Mar 2019 00:50:00 GMT;15,761;2_39_129_17_2019-03-23 20:20:31.755771;2;2-39-129-17;CA-307;838
Sat, 23 Mar 2019 22:34:52 GMT;Sun, 24 Mar 2019 00:22:47 GMT;Sat, 23 Mar 2019 23:45:24 GMT;3,53;2_39_127_19_2019-03-23 22:34:51.994207;2;2-39-127-19;CA-309;1746
Sat, 23 Mar 2019 23:03:25 GMT;Sun, 24 Mar 2019 02:35:10 GMT;Sun, 24 Mar 2019 02:08:18 GMT;10,668;2_39_131_30_2019-03-23 23:03:24.940105;2;2-39-131-30;CA-305;1726
Sat, 23 Mar 2019 23:22:35 GMT;Sun, 24 Mar 2019 00:13:21 GMT;Sun, 24 Mar 2019 00:13:17 GMT;2,876;2_39_130_31_2019-03-23 23:22:35.010196;2;2-39-130-31;CA-306;365
Sun, 24 Mar 2019 01:16:21 GMT;Sun, 24 Mar 2019 04:27:05 GMT;Sun, 24 Mar 2019 04:27:00 GMT;10,855;2_39_79_376_2019-03-24 01:16:21.451985;2;2-39-79-376;CA-324;1135
Sun, 24 Mar 2019 04:31:46 GMT;Sun, 24 Mar 2019 14:35:26 GMT;Sun, 24 Mar 2019 05:25:53 GMT;5,527;2_39_123_23_2019-03-24 04:31:46.405983;2;2-39-123-23;CA-313;754
Sun, 24 Mar 2019 05:19:11 GMT;Sun, 24 Mar 2019 15:32:25 GMT;Sun, 24 Mar 2019 12:42:33 GMT;15,683;2_39_79_377_2019-03-24 05:19:10.886133;2;2-39-79-377;CA-325;300
Sun, 24 Mar 2019 15:48:48 GMT;Sun, 24 Mar 2019 17:43:36 GMT;Sun, 24 Mar 2019 17:43:32 GMT;12,35;2_39_139_28_2019-03-24 15:48:47.989481;2;2-39-139-28;CA-303;248
Sun, 24 Mar 2019 18:17:30 GMT;Mon, 25 Mar 2019 00:05:52 GMT;Sun, 24 Mar 2019 22:27:56 GMT;12,373;2_39_79_380_2019-03-24 18:17:30.509627;2;2-39-79-380;CA-489;1534
Sun, 24 Mar 2019 18:36:50 GMT;Sun, 24 Mar 2019 20:30:35 GMT;Sun, 24 Mar 2019 19:07:18 GMT;0,861;2_39_131_30_2019-03-24 18:36:49.845851;2;2-39-131-30;CA-305;
Sun, 24 Mar 2019 19:24:30 GMT;Sun, 24 Mar 2019 23:14:46 GMT;Sun, 24 Mar 2019 22:00:29 GMT;14,197;2_39_129_17_2019-03-24 19:24:30.173061;2;2-39-129-17;CA-307;1408
Sun, 24 Mar 2019 19:46:13 GMT;Sun, 24 Mar 2019 22:29:57 GMT;Sun, 24 Mar 2019 22:29:53 GMT;18,313;2_39_79_379_2019-03-24 19:46:13.043226;2;2-39-79-379;CA-327;248
Sun, 24 Mar 2019 19:56:41 GMT;Sun, 24 Mar 2019 21:04:00 GMT;Sun, 24 Mar 2019 21:03:53 GMT;7,488;2_39_92_436_2019-03-24 19:56:40.808370;2;2-39-92-436;CA-318;1039
Sun, 24 Mar 2019 20:14:53 GMT;Mon, 25 Mar 2019 02:08:46 GMT;Mon, 25 Mar 2019 01:47:09 GMT;7,278;2_39_79_381_2019-03-24 20:14:53.487244;2;2-39-79-381;CA-490;1142
Sun, 24 Mar 2019 22:30:47 GMT;Mon, 25 Mar 2019 02:29:13 GMT;Mon, 25 Mar 2019 00:35:11 GMT;13,364;2_39_125_21_2019-03-24 22:30:47.390490;2;2-39-125-21;CA-311;754
Sun, 24 Mar 2019 23:01:25 GMT;Mon, 25 Mar 2019 07:03:50 GMT;Mon, 25 Mar 2019 04:13:23 GMT;33,928;2_39_139_28_2019-03-24 23:01:25.413361;2;2-39-139-28;CA-303;67
Mon, 25 Mar 2019 02:48:06 GMT;Mon, 25 Mar 2019 05:26:11 GMT;Mon, 25 Mar 2019 05:16:43 GMT;14,797;2_39_130_31_2019-03-25 02:48:06.028434;2;2-39-130-31;CA-306;1099
Mon, 25 Mar 2019 13:36:40 GMT;Mon, 25 Mar 2019 18:49:54 GMT;Mon, 25 Mar 2019 17:24:22 GMT;18,172;2_39_88_24_2019-03-25 13:36:40.336254;2;2-39-88-24;CA-314;560
Mon, 25 Mar 2019 13:41:42 GMT;Tue, 26 Mar 2019 04:22:11 GMT;Mon, 25 Mar 2019 18:35:51 GMT;15,688;2_39_79_379_2019-03-25 13:41:41.514395;2;2-39-79-379;CA-327;676
Mon, 25 Mar 2019 14:44:12 GMT;Tue, 26 Mar 2019 02:18:45 GMT;Mon, 25 Mar 2019 19:25:18 GMT;15,555;2_39_91_441_2019-03-25 14:44:11.912031;2;2-39-91-441;CA-499;1524
Mon, 25 Mar 2019 14:54:04 GMT;Mon, 25 Mar 2019 23:06:51 GMT;Mon, 25 Mar 2019 16:51:45 GMT;6,122;2_39_125_21_2019-03-25 14:54:03.738388;2;2-39-125-21;CA-311;858
Mon, 25 Mar 2019 15:25:18 GMT;Mon, 25 Mar 2019 23:39:47 GMT;Mon, 25 Mar 2019 21:12:12 GMT;9,883;2_39_79_381_2019-03-25 15:25:17.778618;2;2-39-79-381;CA-490;1154
Mon, 25 Mar 2019 15:25:36 GMT;Tue, 26 Mar 2019 00:34:52 GMT;Mon, 25 Mar 2019 18:44:53 GMT;13,804;2_39_139_28_2019-03-25 15:25:36.325260;2;2-39-139-28;CA-303;559
Mon, 25 Mar 2019 15:35:52 GMT;Tue, 26 Mar 2019 01:30:07 GMT;Mon, 25 Mar 2019 17:39:59 GMT;13,314;2_39_127_19_2019-03-25 15:35:51.602907;2;2-39-127-19;CA-309;945
Mon, 25 Mar 2019 15:40:41 GMT;Tue, 26 Mar 2019 01:22:04 GMT;Mon, 25 Mar 2019 17:10:59 GMT;4,795;2_39_131_30_2019-03-25 15:40:40.682726;2;2-39-131-30;CA-305;562
Mon, 25 Mar 2019 15:42:20 GMT;Mon, 25 Mar 2019 23:38:19 GMT;Mon, 25 Mar 2019 22:52:08 GMT;22,477;2_39_79_383_2019-03-25 15:42:20.096968;2;2-39-79-383;CA-492;1104
Mon, 25 Mar 2019 15:55:01 GMT;Mon, 25 Mar 2019 20:22:42 GMT;Mon, 25 Mar 2019 20:22:36 GMT;29,91;2_39_78_363_2019-03-25 15:55:01.235341;2;2-39-78-363;CA-320;579
Mon, 25 Mar 2019 15:55:39 GMT;Tue, 26 Mar 2019 00:33:17 GMT;Tue, 26 Mar 2019 00:05:51 GMT;27,035;2_39_78_366_2019-03-25 15:55:39.368753;2;2-39-78-366;CA-323;569
Mon, 25 Mar 2019 16:04:31 GMT;Tue, 26 Mar 2019 00:57:27 GMT;Mon, 25 Mar 2019 18:03:23 GMT;5,94;2_39_130_31_2019-03-25 16:04:31.425780;2;2-39-130-31;CA-306;620
Mon, 25 Mar 2019 16:13:58 GMT;Tue, 26 Mar 2019 01:02:44 GMT;Mon, 25 Mar 2019 18:51:43 GMT;7,597;2_39_79_380_2019-03-25 16:13:57.531660;2;2-39-79-380;CA-489;714
Mon, 25 Mar 2019 16:34:42 GMT;Mon, 25 Mar 2019 23:05:41 GMT;Mon, 25 Mar 2019 18:51:50 GMT;14,365;2_39_123_23_2019-03-25 16:34:42.215325;2;2-39-123-23;CA-313;1912
Mon, 25 Mar 2019 16:41:48 GMT;Mon, 25 Mar 2019 23:30:27 GMT;Mon, 25 Mar 2019 18:42:19 GMT;6,416;2_39_79_377_2019-03-25 16:41:48.247681;2;2-39-79-377;CA-325;1083
Mon, 25 Mar 2019 16:55:10 GMT;Mon, 25 Mar 2019 18:20:21 GMT;Mon, 25 Mar 2019 17:25:30 GMT;0,858;2_39_128_18_2019-03-25 16:55:09.897259;2;2-39-128-18;CA-308;
Mon, 25 Mar 2019 17:02:53 GMT;Tue, 26 Mar 2019 00:06:41 GMT;Mon, 25 Mar 2019 22:53:25 GMT;10,073;2_39_78_365_2019-03-25 17:02:52.763424;2;2-39-78-365;CA-321;1470
Mon, 25 Mar 2019 17:14:56 GMT;Tue, 26 Mar 2019 01:11:57 GMT;Mon, 25 Mar 2019 18:42:16 GMT;8,652;2_39_90_440_2019-03-25 17:14:55.794016;2;2-39-90-440;CA-500;1095
Mon, 25 Mar 2019 17:44:36 GMT;Mon, 25 Mar 2019 23:48:27 GMT;Mon, 25 Mar 2019 23:27:15 GMT;15,598;2_39_79_376_2019-03-25 17:44:35.983902;2;2-39-79-376;CA-324;1272
Mon, 25 Mar 2019 18:55:21 GMT;Tue, 26 Mar 2019 01:57:08 GMT;Tue, 26 Mar 2019 01:56:59 GMT;4,678;2_39_79_382_2019-03-25 18:55:20.937171;2;2-39-79-382;CA-491;632
Mon, 25 Mar 2019 20:43:30 GMT;Tue, 26 Mar 2019 03:11:31 GMT;Mon, 25 Mar 2019 21:19:52 GMT;1,118;2_39_89_25_2019-03-25 20:43:29.809030;2;2-39-89-25;CA-315;324
Mon, 25 Mar 2019 23:05:17 GMT;Tue, 26 Mar 2019 00:45:34 GMT;Tue, 26 Mar 2019 00:45:30 GMT;5,489;2_39_95_27_2019-03-25 23:05:16.906056;2;2-39-95-27;CA-319;1161
Mon, 25 Mar 2019 23:34:54 GMT;Tue, 26 Mar 2019 00:59:53 GMT;Tue, 26 Mar 2019 00:05:02 GMT;0,834;2_39_125_21_2019-03-25 23:34:54.066577;2;2-39-125-21;CA-311;
Tue, 26 Mar 2019 00:24:01 GMT;Tue, 26 Mar 2019 01:10:43 GMT;Tue, 26 Mar 2019 00:54:17 GMT;0,888;2_39_124_22_2019-03-26 00:24:00.610965;2;2-39-124-22;CA-312;
Tue, 26 Mar 2019 01:08:30 GMT;Tue, 26 Mar 2019 02:14:30 GMT;Tue, 26 Mar 2019 02:14:26 GMT;7,321;2_39_139_28_2019-03-26 01:08:29.843823;2;2-39-139-28;CA-303;1133
Tue, 26 Mar 2019 01:13:44 GMT;Tue, 26 Mar 2019 02:31:57 GMT;Tue, 26 Mar 2019 02:31:49 GMT;4,287;2_39_130_31_2019-03-26 01:13:43.769911;2;2-39-130-31;CA-306;1164
Tue, 26 Mar 2019 01:24:02 GMT;Tue, 26 Mar 2019 03:11:05 GMT;Tue, 26 Mar 2019 03:10:57 GMT;6,289;2_39_129_17_2019-03-26 01:24:01.712535;2;2-39-129-17;CA-307;781
Tue, 26 Mar 2019 01:49:36 GMT;Tue, 26 Mar 2019 04:30:26 GMT;Tue, 26 Mar 2019 03:49:15 GMT;12,676;2_39_78_366_2019-03-26 01:49:36.283589;2;2-39-78-366;CA-323;754
Tue, 26 Mar 2019 04:23:49 GMT;Tue, 26 Mar 2019 13:41:22 GMT;Tue, 26 Mar 2019 08:55:20 GMT;15,641;2_39_139_28_2019-03-26 04:23:49.458088;2;2-39-139-28;CA-303;838
Tue, 26 Mar 2019 04:24:15 GMT;Tue, 26 Mar 2019 15:24:35 GMT;Tue, 26 Mar 2019 08:21:40 GMT;25,765;2_39_131_30_2019-03-26 04:24:15.421862;2;2-39-131-30;CA-305;489
Tue, 26 Mar 2019 13:45:57 GMT;Wed, 27 Mar 2019 04:16:26 GMT;Tue, 26 Mar 2019 18:12:23 GMT;14,162;2_39_79_379_2019-03-26 13:45:56.588934;2;2-39-79-379;CA-327;676
Tue, 26 Mar 2019 14:19:25 GMT;Wed, 27 Mar 2019 00:30:02 GMT;Tue, 26 Mar 2019 23:22:58 GMT;7,389;2_39_78_366_2019-03-26 14:19:25.443330;2;2-39-78-366;CA-323;569
Tue, 26 Mar 2019 14:48:28 GMT;Tue, 26 Mar 2019 16:53:47 GMT;Tue, 26 Mar 2019 16:53:35 GMT;8,426;2_39_79_378_2019-03-26 14:48:28.136390;2;2-39-79-378;CA-326;1626
Tue, 26 Mar 2019 15:02:29 GMT;Wed, 27 Mar 2019 02:28:17 GMT;Tue, 26 Mar 2019 18:35:04 GMT;3,617;2_39_79_377_2019-03-26 15:02:28.740811;2;2-39-79-377;CA-325;1083
Tue, 26 Mar 2019 15:05:23 GMT;Tue, 26 Mar 2019 23:24:52 GMT;Tue, 26 Mar 2019 16:41:47 GMT;5,009;2_39_123_23_2019-03-26 15:05:23.182949;2;2-39-123-23;CA-313;858
Tue, 26 Mar 2019 15:14:31 GMT;Wed, 27 Mar 2019 00:35:36 GMT;Tue, 26 Mar 2019 17:24:05 GMT;3,333;2_39_79_380_2019-03-26 15:14:30.892381;2;2-39-79-380;CA-489;1366
Tue, 26 Mar 2019 15:17:48 GMT;Wed, 27 Mar 2019 02:46:07 GMT;Wed, 27 Mar 2019 00:27:04 GMT;2,073;2_39_79_382_2019-03-26 15:17:48.448118;2;2-39-79-382;CA-491;
Tue, 26 Mar 2019 15:38:58 GMT;Wed, 27 Mar 2019 00:03:47 GMT;Wed, 27 Mar 2019 00:03:07 GMT;8,961;2_39_78_365_2019-03-26 15:38:57.891369;2;2-39-78-365;CA-321;1470
Tue, 26 Mar 2019 15:43:50 GMT;Tue, 26 Mar 2019 23:10:25 GMT;Tue, 26 Mar 2019 22:53:48 GMT;6,233;2_39_78_367_2019-03-26 15:43:50.295480;2;2-39-78-367;CA-494;1001
Tue, 26 Mar 2019 15:44:19 GMT;Wed, 27 Mar 2019 00:13:08 GMT;Tue, 26 Mar 2019 17:08:54 GMT;5,24;2_39_95_27_2019-03-26 15:44:19.259061;2;2-39-95-27;CA-319;1126
Tue, 26 Mar 2019 15:50:56 GMT;Wed, 27 Mar 2019 02:45:22 GMT;Tue, 26 Mar 2019 17:23:56 GMT;5,09;2_39_124_558_2019-03-26 15:50:56.235090;2;2-39-124-558;CA-504;1534
Tue, 26 Mar 2019 15:51:49 GMT;Tue, 26 Mar 2019 18:38:10 GMT;Tue, 26 Mar 2019 17:33:28 GMT;10,499;2_39_139_28_2019-03-26 15:51:48.542593;2;2-39-139-28;CA-303;1912
Tue, 26 Mar 2019 15:53:21 GMT;Tue, 26 Mar 2019 19:09:17 GMT;Tue, 26 Mar 2019 17:19:09 GMT;4,555;2_39_131_30_2019-03-26 15:53:21.199517;2;2-39-131-30;CA-305;562
Tue, 26 Mar 2019 15:56:56 GMT;Tue, 26 Mar 2019 23:47:16 GMT;Tue, 26 Mar 2019 19:15:01 GMT;19,751;2_39_79_376_2019-03-26 15:56:56.242458;2;2-39-79-376;CA-324;1104
Tue, 26 Mar 2019 16:04:03 GMT;Wed, 27 Mar 2019 01:22:08 GMT;Tue, 26 Mar 2019 19:10:58 GMT;20,662;2_39_89_439_2019-03-26 16:04:03.008220;2;2-39-89-439;CA-501;1957
Tue, 26 Mar 2019 16:04:31 GMT;Wed, 27 Mar 2019 00:56:19 GMT;Tue, 26 Mar 2019 20:28:44 GMT;15,463;2_39_129_17_2019-03-26 16:04:30.975643;2;2-39-129-17;CA-307;712
Tue, 26 Mar 2019 16:13:22 GMT;Tue, 26 Mar 2019 19:36:58 GMT;Tue, 26 Mar 2019 19:36:54 GMT;20,687;2_39_78_360_2019-03-26 16:13:21.843466;2;2-39-78-360;CA-322;579
Tue, 26 Mar 2019 16:14:17 GMT;Tue, 26 Mar 2019 23:15:25 GMT;Tue, 26 Mar 2019 19:03:17 GMT;6,038;2_39_78_361_2019-03-26 16:14:17.497417;2;2-39-78-361;CA-493;1154
Tue, 26 Mar 2019 16:29:55 GMT;Wed, 27 Mar 2019 00:46:39 GMT;Tue, 26 Mar 2019 18:13:33 GMT;5,689;2_39_91_437_2019-03-26 16:29:55.195487;2;2-39-91-437;CA-317;1272
Tue, 26 Mar 2019 16:51:17 GMT;Wed, 27 Mar 2019 00:19:37 GMT;Tue, 26 Mar 2019 18:43:32 GMT;11,218;2_39_126_560_2019-03-26 16:51:17.494188;2;2-39-126-560;CA-506;69
Tue, 26 Mar 2019 17:02:11 GMT;Wed, 27 Mar 2019 00:52:15 GMT;Tue, 26 Mar 2019 18:21:10 GMT;7,978;2_39_78_364_2019-03-26 17:02:11.187655;2;2-39-78-364;CA-495;714
Tue, 26 Mar 2019 17:09:45 GMT;Wed, 27 Mar 2019 02:16:27 GMT;Tue, 26 Mar 2019 20:03:19 GMT;15,063;2_39_79_378_2019-03-26 17:09:44.736334;2;2-39-79-378;CA-326;558
Tue, 26 Mar 2019 17:37:45 GMT;Wed, 27 Mar 2019 02:08:00 GMT;Tue, 26 Mar 2019 20:27:27 GMT;11,94;2_39_89_25_2019-03-26 17:37:44.911334;2;2-39-89-25;CA-315;958
Tue, 26 Mar 2019 17:44:38 GMT;Wed, 27 Mar 2019 01:30:57 GMT;Tue, 26 Mar 2019 19:44:57 GMT;6,561;2_39_92_442_2019-03-26 17:44:38.179143;2;2-39-92-442;CA-498;1124
Tue, 26 Mar 2019 18:13:04 GMT;Wed, 27 Mar 2019 03:08:32 GMT;Tue, 26 Mar 2019 18:58:34 GMT;1,41;2_39_90_26_2019-03-26 18:13:03.539771;2;2-39-90-26;CA-316;324
Tue, 26 Mar 2019 18:39:10 GMT;Tue, 26 Mar 2019 22:02:43 GMT;Tue, 26 Mar 2019 21:39:14 GMT;0,841;2_39_78_363_2019-03-26 18:39:10.084897;2;2-39-78-363;CA-320;
Tue, 26 Mar 2019 18:40:39 GMT;Wed, 27 Mar 2019 01:24:47 GMT;Tue, 26 Mar 2019 19:24:31 GMT;1,834;2_39_125_21_2019-03-26 18:40:39.418160;2;2-39-125-21;CA-311;891
Tue, 26 Mar 2019 18:49:46 GMT;Tue, 26 Mar 2019 21:20:26 GMT;Tue, 26 Mar 2019 21:10:58 GMT;8,127;2_39_90_440_2019-03-26 18:49:45.855218;2;2-39-90-440;CA-500;1135
Tue, 26 Mar 2019 19:10:19 GMT;Wed, 27 Mar 2019 05:56:07 GMT;Tue, 26 Mar 2019 20:14:25 GMT;2,148;2_39_92_436_2019-03-26 19:10:19.150667;2;2-39-92-436;CA-318;1082
Tue, 26 Mar 2019 19:36:52 GMT;Tue, 26 Mar 2019 23:24:23 GMT;Tue, 26 Mar 2019 21:17:37 GMT;5,173;2_39_83_386_2019-03-26 19:36:52.208693;2;2-39-83-386;CA-212;752
Tue, 26 Mar 2019 20:21:37 GMT;Wed, 27 Mar 2019 02:21:39 GMT;Tue, 26 Mar 2019 20:51:01 GMT;1,419;2_39_139_28_2019-03-26 20:21:37.490629;2;2-39-139-28;CA-303;562
Tue, 26 Mar 2019 20:55:17 GMT;Tue, 26 Mar 2019 22:48:55 GMT;Tue, 26 Mar 2019 22:48:50 GMT;9,247;2_39_124_22_2019-03-26 20:55:16.837410;2;2-39-124-22;CA-312;560
Tue, 26 Mar 2019 22:44:27 GMT;Tue, 26 Mar 2019 23:09:16 GMT;Tue, 26 Mar 2019 23:09:12 GMT;0,744;2_39_79_383_2019-03-26 22:44:26.624602;2;2-39-79-383;CA-492;
Tue, 26 Mar 2019 23:23:08 GMT;Wed, 27 Mar 2019 00:13:42 GMT;Tue, 26 Mar 2019 23:54:15 GMT;0,896;2_39_124_22_2019-03-26 23:23:07.518690;2;2-39-124-22;CA-312;
Wed, 27 Mar 2019 00:23:07 GMT;Wed, 27 Mar 2019 01:54:41 GMT;Wed, 27 Mar 2019 01:45:36 GMT;4,178;2_39_123_23_2019-03-27 00:23:07.097088;2;2-39-123-23;CA-313;1746
Wed, 27 Mar 2019 01:52:40 GMT;Wed, 27 Mar 2019 03:44:20 GMT;Wed, 27 Mar 2019 02:32:00 GMT;3,222;2_39_131_30_2019-03-27 01:52:40.249312;2;2-39-131-30;CA-305;675
Wed, 27 Mar 2019 02:48:07 GMT;Wed, 27 Mar 2019 04:03:35 GMT;Wed, 27 Mar 2019 04:03:31 GMT;8,431;2_39_125_21_2019-03-27 02:48:07.505714;2;2-39-125-21;CA-311;754
Wed, 27 Mar 2019 03:21:33 GMT;Wed, 27 Mar 2019 04:47:51 GMT;Wed, 27 Mar 2019 04:47:48 GMT;9,731;2_39_139_28_2019-03-27 03:21:33.288978;2;2-39-139-28;CA-303;1263
Wed, 27 Mar 2019 03:33:57 GMT;Wed, 27 Mar 2019 06:14:59 GMT;Wed, 27 Mar 2019 06:14:55 GMT;9,078;2_39_129_17_2019-03-27 03:33:56.516136;2;2-39-129-17;CA-307;1135
Wed, 27 Mar 2019 04:13:43 GMT;Wed, 27 Mar 2019 10:24:59 GMT;Wed, 27 Mar 2019 06:09:14 GMT;11,662;2_39_89_25_2019-03-27 04:13:42.585275;2;2-39-89-25;CA-315;850
Wed, 27 Mar 2019 04:32:09 GMT;Wed, 27 Mar 2019 14:18:35 GMT;Wed, 27 Mar 2019 10:05:59 GMT;36,479;2_39_131_30_2019-03-27 04:32:08.516904;2;2-39-131-30;CA-305;489
Wed, 27 Mar 2019 04:41:51 GMT;Thu, 28 Mar 2019 05:38:13 GMT;Thu, 28 Mar 2019 01:07:57 GMT;10,942;2_39_127_19_2019-03-27 04:41:51.111565;2;2-39-127-19;CA-309;1202
Wed, 27 Mar 2019 13:49:31 GMT;Wed, 27 Mar 2019 19:23:25 GMT;Wed, 27 Mar 2019 17:13:42 GMT;17,082;2_39_89_25_2019-03-27 13:49:31.104484;2;2-39-89-25;CA-315;560
Wed, 27 Mar 2019 14:12:47 GMT;Wed, 27 Mar 2019 18:32:43 GMT;Wed, 27 Mar 2019 18:27:01 GMT;7,591;2_39_78_366_2019-03-27 14:12:46.716694;2;2-39-78-366;CA-323;569
Wed, 27 Mar 2019 14:57:35 GMT;Thu, 28 Mar 2019 03:12:55 GMT;Thu, 28 Mar 2019 01:17:46 GMT;2,05;2_39_79_379_2019-03-27 14:57:34.822199;2;2-39-79-379;CA-327;
Wed, 27 Mar 2019 15:11:04 GMT;Thu, 28 Mar 2019 01:36:55 GMT;Wed, 27 Mar 2019 16:34:12 GMT;4,596;2_39_131_30_2019-03-27 15:11:03.662694;2;2-39-131-30;CA-305;712
Wed, 27 Mar 2019 15:24:48 GMT;Thu, 28 Mar 2019 00:22:14 GMT;Wed, 27 Mar 2019 18:44:59 GMT;14,277;2_39_139_28_2019-03-27 15:24:48.052153;2;2-39-139-28;CA-303;559
Wed, 27 Mar 2019 15:28:42 GMT;Wed, 27 Mar 2019 23:03:06 GMT;Wed, 27 Mar 2019 23:02:59 GMT;10,317;2_39_78_365_2019-03-27 15:28:41.604183;2;2-39-78-365;CA-321;1470
Wed, 27 Mar 2019 15:28:42 GMT;Wed, 27 Mar 2019 19:16:21 GMT;Wed, 27 Mar 2019 16:58:24 GMT;4,708;2_39_123_23_2019-03-27 15:28:41.862495;2;2-39-123-23;CA-313;562
Wed, 27 Mar 2019 15:43:40 GMT;Thu, 28 Mar 2019 01:18:56 GMT;Wed, 27 Mar 2019 17:01:05 GMT;7,16;2_39_95_27_2019-03-27 15:43:39.651827;2;2-39-95-27;CA-319;431
Wed, 27 Mar 2019 15:49:17 GMT;Thu, 28 Mar 2019 00:57:41 GMT;Wed, 27 Mar 2019 20:22:41 GMT;21,054;2_39_79_377_2019-03-27 15:49:16.548002;2;2-39-79-377;CA-325;1104
Wed, 27 Mar 2019 15:59:07 GMT;Wed, 27 Mar 2019 23:23:30 GMT;Wed, 27 Mar 2019 16:55:43 GMT;2,794;2_39_91_437_2019-03-27 15:59:06.813684;2;2-39-91-437;CA-317;858
Wed, 27 Mar 2019 16:01:32 GMT;Thu, 28 Mar 2019 01:27:16 GMT;Wed, 27 Mar 2019 18:20:18 GMT;10,362;2_39_79_380_2019-03-27 16:01:31.522597;2;2-39-79-380;CA-489;69
Wed, 27 Mar 2019 16:03:33 GMT;Thu, 28 Mar 2019 01:46:11 GMT;Thu, 28 Mar 2019 01:07:37 GMT;57,887;2_39_92_442_2019-03-27 16:03:32.861137;2;2-39-92-442;CA-498;1243
Wed, 27 Mar 2019 16:08:42 GMT;Wed, 27 Mar 2019 23:44:22 GMT;Wed, 27 Mar 2019 19:23:29 GMT;6,046;2_39_79_382_2019-03-27 16:08:42.027877;2;2-39-79-382;CA-491;1154
Wed, 27 Mar 2019 16:10:42 GMT;Thu, 28 Mar 2019 00:18:22 GMT;Wed, 27 Mar 2019 17:37:23 GMT;4,21;2_39_89_439_2019-03-27 16:10:42.113099;2;2-39-89-439;CA-501;743
Wed, 27 Mar 2019 16:42:41 GMT;Thu, 28 Mar 2019 01:14:30 GMT;Wed, 27 Mar 2019 21:56:21 GMT;8,42;2_39_79_381_2019-03-27 16:42:41.090144;2;2-39-79-381;CA-490;714
Wed, 27 Mar 2019 17:01:29 GMT;Thu, 28 Mar 2019 01:32:48 GMT;Thu, 28 Mar 2019 00:29:52 GMT;3,433;2_39_130_31_2019-03-27 17:01:29.226654;2;2-39-130-31;CA-306;1864
Wed, 27 Mar 2019 17:13:41 GMT;Thu, 28 Mar 2019 00:12:47 GMT;Wed, 27 Mar 2019 17:58:40 GMT;1,947;2_39_124_22_2019-03-27 17:13:40.972079;2;2-39-124-22;CA-312;891
Wed, 27 Mar 2019 17:16:34 GMT;Thu, 28 Mar 2019 01:08:48 GMT;Wed, 27 Mar 2019 21:20:34 GMT;11,622;2_39_79_383_2019-03-27 17:16:34.439419;2;2-39-79-383;CA-492;1095
Wed, 27 Mar 2019 17:41:33 GMT;Wed, 27 Mar 2019 23:37:22 GMT;Wed, 27 Mar 2019 19:46:52 GMT;5,643;2_39_78_363_2019-03-27 17:41:33.278495;2;2-39-78-363;CA-320;620
Wed, 27 Mar 2019 17:49:39 GMT;Thu, 28 Mar 2019 09:24:46 GMT;Wed, 27 Mar 2019 21:49:45 GMT;20,938;2_39_78_361_2019-03-27 17:49:38.872220;2;2-39-78-361;CA-493;850
Wed, 27 Mar 2019 18:05:21 GMT;Wed, 27 Mar 2019 21:13:23 GMT;Wed, 27 Mar 2019 21:03:50 GMT;10,231;2_39_78_367_2019-03-27 18:05:20.653676;2;2-39-78-367;CA-494;832
Wed, 27 Mar 2019 18:08:15 GMT;Thu, 28 Mar 2019 02:50:23 GMT;Wed, 27 Mar 2019 20:25:47 GMT;9,071;2_39_79_378_2019-03-27 18:08:14.929312;2;2-39-79-378;CA-326;697
Wed, 27 Mar 2019 18:22:30 GMT;Wed, 27 Mar 2019 19:40:08 GMT;Wed, 27 Mar 2019 19:40:03 GMT;4,213;2_39_88_24_2019-03-27 18:22:29.815601;2;2-39-88-24;CA-314;1161
Wed, 27 Mar 2019 19:24:46 GMT;Thu, 28 Mar 2019 08:48:29 GMT;Wed, 27 Mar 2019 20:34:19 GMT;2,342;2_39_129_17_2019-03-27 19:24:45.519026;2;2-39-129-17;CA-307;1082
Wed, 27 Mar 2019 19:29:16 GMT;Thu, 28 Mar 2019 01:14:01 GMT;Wed, 27 Mar 2019 23:04:51 GMT;5,052;2_39_78_360_2019-03-27 19:29:16.067960;2;2-39-78-360;CA-322;1083
Wed, 27 Mar 2019 19:48:11 GMT;Wed, 27 Mar 2019 22:55:54 GMT;Wed, 27 Mar 2019 20:46:18 GMT;1,838;2_39_89_25_2019-03-27 19:48:11.053963;2;2-39-89-25;CA-315;560
Wed, 27 Mar 2019 20:09:49 GMT;Thu, 28 Mar 2019 02:30:02 GMT;Wed, 27 Mar 2019 23:53:52 GMT;10,592;2_39_78_364_2019-03-27 20:09:49.371724;2;2-39-78-364;CA-495;777
Wed, 27 Mar 2019 20:16:17 GMT;Thu, 28 Mar 2019 01:21:45 GMT;Thu, 28 Mar 2019 01:08:01 GMT;3,884;2_39_90_26_2019-03-27 20:16:16.552400;2;2-39-90-26;CA-316;1272
Wed, 27 Mar 2019 20:17:21 GMT;Thu, 28 Mar 2019 02:12:13 GMT;Wed, 27 Mar 2019 20:41:59 GMT;1,155;2_39_123_23_2019-03-27 20:17:21.177134;2;2-39-123-23;CA-313;562
Wed, 27 Mar 2019 20:22:12 GMT;Wed, 27 Mar 2019 23:19:47 GMT;Wed, 27 Mar 2019 22:34:04 GMT;13,648;2_39_126_20_2019-03-27 20:22:12.292548;2;2-39-126-20;CA-310;1912
Wed, 27 Mar 2019 20:27:36 GMT;Thu, 28 Mar 2019 02:28:15 GMT;Wed, 27 Mar 2019 22:30:37 GMT;6,671;2_39_95_444_2019-03-27 20:27:36.156972;2;2-39-95-444;CA-497;1124
Wed, 27 Mar 2019 22:00:37 GMT;Thu, 28 Mar 2019 00:45:28 GMT;Wed, 27 Mar 2019 23:37:29 GMT;10,186;2_39_88_24_2019-03-27 22:00:36.862803;2;2-39-88-24;CA-314;710
Wed, 27 Mar 2019 23:35:13 GMT;Thu, 28 Mar 2019 00:44:27 GMT;Thu, 28 Mar 2019 00:20:08 GMT;2,085;2_39_125_21_2019-03-27 23:35:13.466643;2;2-39-125-21;CA-311;1746
Wed, 27 Mar 2019 23:40:44 GMT;Thu, 28 Mar 2019 13:21:48 GMT;Thu, 28 Mar 2019 04:21:43 GMT;15,986;2_39_126_20_2019-03-27 23:40:44.250780;2;2-39-126-20;CA-310;838
Thu, 28 Mar 2019 00:03:14 GMT;Thu, 28 Mar 2019 02:34:45 GMT;Thu, 28 Mar 2019 02:06:26 GMT;6,283;2_39_91_437_2019-03-28 00:03:13.834791;2;2-39-91-437;CA-317;1222
Thu, 28 Mar 2019 00:53:19 GMT;Thu, 28 Mar 2019 02:32:57 GMT;Thu, 28 Mar 2019 02:32:48 GMT;10,74;2_39_139_28_2019-03-28 00:53:18.664017;2;2-39-139-28;CA-303;362
Thu, 28 Mar 2019 00:55:33 GMT;Thu, 28 Mar 2019 02:27:22 GMT;Thu, 28 Mar 2019 02:13:34 GMT;7,868;2_39_138_29_2019-03-28 00:55:32.658845;2;2-39-138-29;CA-304;1133
Thu, 28 Mar 2019 01:31:49 GMT;Thu, 28 Mar 2019 02:36:54 GMT;Thu, 28 Mar 2019 02:36:49 GMT;3,631;2_39_125_21_2019-03-28 01:31:48.533142;2;2-39-125-21;CA-311;1164
Thu, 28 Mar 2019 01:57:48 GMT;Thu, 28 Mar 2019 03:26:08 GMT;Thu, 28 Mar 2019 03:25:52 GMT;4,176;2_39_131_30_2019-03-28 01:57:48.044767;2;2-39-131-30;CA-305;2069
Thu, 28 Mar 2019 02:55:11 GMT;Thu, 28 Mar 2019 13:56:08 GMT;Thu, 28 Mar 2019 05:01:44 GMT;13,322;2_39_79_377_2019-03-28 02:55:10.744634;2;2-39-79-377;CA-325;754
Thu, 28 Mar 2019 03:34:01 GMT;Thu, 28 Mar 2019 04:32:48 GMT;Thu, 28 Mar 2019 04:32:44 GMT;3,378;2_39_139_28_2019-03-28 03:34:01.331077;2;2-39-139-28;CA-303;433
Thu, 28 Mar 2019 05:47:09 GMT;Thu, 28 Mar 2019 15:29:23 GMT;Thu, 28 Mar 2019 12:27:35 GMT;43,705;2_39_139_28_2019-03-28 05:47:09.192906;2;2-39-139-28;CA-303;489
Thu, 28 Mar 2019 13:27:52 GMT;Thu, 28 Mar 2019 14:45:43 GMT;Thu, 28 Mar 2019 14:45:39 GMT;3,818;2_39_89_25_2019-03-28 13:27:51.595130;2;2-39-89-25;CA-315;743
Thu, 28 Mar 2019 13:39:53 GMT;Thu, 28 Mar 2019 22:39:02 GMT;Thu, 28 Mar 2019 17:12:09 GMT;18,153;2_39_88_24_2019-03-28 13:39:52.911892;2;2-39-88-24;CA-314;560
Thu, 28 Mar 2019 14:13:52 GMT;Thu, 28 Mar 2019 23:35:24 GMT;Thu, 28 Mar 2019 21:37:26 GMT;5,96;2_39_78_366_2019-03-28 14:13:51.828402;2;2-39-78-366;CA-323;569
Thu, 28 Mar 2019 14:47:36 GMT;Thu, 28 Mar 2019 20:06:59 GMT;Thu, 28 Mar 2019 20:03:49 GMT;5,177;2_39_78_361_2019-03-28 14:47:35.850883;2;2-39-78-361;CA-493;1524
Thu, 28 Mar 2019 14:54:17 GMT;Fri, 29 Mar 2019 01:27:29 GMT;Fri, 29 Mar 2019 00:37:42 GMT;4,998;2_39_79_379_2019-03-28 14:54:17.167186;2;2-39-79-379;CA-327;1083
Thu, 28 Mar 2019 14:56:27 GMT;Thu, 28 Mar 2019 23:56:22 GMT;Thu, 28 Mar 2019 15:41:05 GMT;1,949;2_39_78_365_2019-03-28 14:56:26.770405;2;2-39-78-365;CA-321;891
Thu, 28 Mar 2019 15:01:44 GMT;Thu, 28 Mar 2019 23:42:19 GMT;Thu, 28 Mar 2019 18:42:44 GMT;3,877;2_39_90_26_2019-03-28 15:01:44.259049;2;2-39-90-26;CA-316;858
Thu, 28 Mar 2019 15:33:16 GMT;Fri, 29 Mar 2019 01:41:51 GMT;Thu, 28 Mar 2019 18:47:25 GMT;10,853;2_39_79_380_2019-03-28 15:33:16.407867;2;2-39-79-380;CA-489;69
Thu, 28 Mar 2019 15:41:15 GMT;Fri, 29 Mar 2019 00:49:24 GMT;Thu, 28 Mar 2019 20:11:13 GMT;15,333;2_39_91_437_2019-03-28 15:41:15.064461;2;2-39-91-437;CA-317;1272
Thu, 28 Mar 2019 15:45:05 GMT;Fri, 29 Mar 2019 00:14:06 GMT;Thu, 28 Mar 2019 23:39:46 GMT;44,9;2_39_92_442_2019-03-28 15:45:04.980477;2;2-39-92-442;CA-498;818
Thu, 28 Mar 2019 15:48:10 GMT;Fri, 29 Mar 2019 01:26:20 GMT;Thu, 28 Mar 2019 17:12:57 GMT;4,647;2_39_131_30_2019-03-28 15:48:10.111496;2;2-39-131-30;CA-305;712
Thu, 28 Mar 2019 15:49:00 GMT;Thu, 28 Mar 2019 23:46:41 GMT;Thu, 28 Mar 2019 23:46:36 GMT;13,313;2_39_79_381_2019-03-28 15:49:00.437700;2;2-39-79-381;CA-490;1001
Thu, 28 Mar 2019 16:01:05 GMT;Thu, 28 Mar 2019 18:47:38 GMT;Thu, 28 Mar 2019 18:47:24 GMT;13,683;2_39_78_360_2019-03-28 16:01:04.773168;2;2-39-78-360;CA-322;558
Thu, 28 Mar 2019 16:01:32 GMT;Fri, 29 Mar 2019 00:46:41 GMT;Thu, 28 Mar 2019 20:45:56 GMT;12,293;2_39_79_382_2019-03-28 16:01:31.903518;2;2-39-79-382;CA-491;714
Thu, 28 Mar 2019 16:02:01 GMT;Fri, 29 Mar 2019 02:23:28 GMT;Fri, 29 Mar 2019 01:31:31 GMT;14,913;2_39_78_367_2019-03-28 16:02:00.538978;2;2-39-78-367;CA-494;632
Thu, 28 Mar 2019 16:03:14 GMT;Fri, 29 Mar 2019 00:29:01 GMT;Thu, 28 Mar 2019 17:26:34 GMT;4,056;2_39_89_25_2019-03-28 16:03:13.962419;2;2-39-89-25;CA-315;743
Thu, 28 Mar 2019 16:09:57 GMT;Fri, 29 Mar 2019 00:23:00 GMT;Thu, 28 Mar 2019 16:37:51 GMT;0,719;2_39_123_557_2019-03-28 16:09:57.003048;2;2-39-123-557;CA-503;
Thu, 28 Mar 2019 16:20:33 GMT;Thu, 28 Mar 2019 19:05:04 GMT;Thu, 28 Mar 2019 18:16:39 GMT;11,82;2_39_129_17_2019-03-28 16:20:32.874574;2;2-39-129-17;CA-307;1912
Thu, 28 Mar 2019 16:32:22 GMT;Thu, 28 Mar 2019 23:39:57 GMT;Thu, 28 Mar 2019 18:22:54 GMT;11,904;2_39_83_386_2019-03-28 16:32:22.502452;2;2-39-83-386;CA-212;1154
Thu, 28 Mar 2019 16:44:12 GMT;Fri, 29 Mar 2019 00:23:11 GMT;Thu, 28 Mar 2019 18:26:55 GMT;5,277;2_39_127_19_2019-03-28 16:44:12.065295;2;2-39-127-19;CA-309;1481
Thu, 28 Mar 2019 17:00:39 GMT;Fri, 29 Mar 2019 01:08:38 GMT;;9,311;2_39_95_27_2019-03-28 17:00:38.539436;2;2-39-95-27;CA-319;1095,
Thu, 28 Mar 2019 17:17:40 GMT;Thu, 28 Mar 2019 21:36:46 GMT;Thu, 28 Mar 2019 21:27:10 GMT;20,659;2_39_123_23_2019-03-28 17:17:39.765788;2;2-39-123-23;CA-313;1123
Thu, 28 Mar 2019 17:45:54 GMT;Thu, 28 Mar 2019 21:41:25 GMT;Thu, 28 Mar 2019 20:29:45 GMT;6,241;2_39_79_377_2019-03-28 17:45:53.777875;2;2-39-79-377;CA-325;1222
Thu, 28 Mar 2019 17:52:48 GMT;Thu, 28 Mar 2019 21:22:15 GMT;Thu, 28 Mar 2019 21:22:11 GMT;7,694;2_39_79_378_2019-03-28 17:52:48.080244;2;2-39-79-378;CA-326;1274
Thu, 28 Mar 2019 17:58:25 GMT;Thu, 28 Mar 2019 21:06:08 GMT;Thu, 28 Mar 2019 21:06:03 GMT;6,654;2_39_79_376_2019-03-28 17:58:25.125372;2;2-39-79-376;CA-324;850
Thu, 28 Mar 2019 18:05:30 GMT;Thu, 28 Mar 2019 23:12:56 GMT;Thu, 28 Mar 2019 18:43:55 GMT;0,877;2_39_79_383_2019-03-28 18:05:29.949489;2;2-39-79-383;CA-492;
Thu, 28 Mar 2019 19:20:02 GMT;Fri, 29 Mar 2019 10:34:33 GMT;Thu, 28 Mar 2019 20:16:55 GMT;1,889;2_39_129_17_2019-03-28 19:20:02.488536;2;2-39-129-17;CA-307;1082
Thu, 28 Mar 2019 19:32:28 GMT;Thu, 28 Mar 2019 21:11:30 GMT;Thu, 28 Mar 2019 21:07:12 GMT;0,905;2_39_78_364_2019-03-28 19:32:27.826864;2;2-39-78-364;CA-495;
Thu, 28 Mar 2019 19:36:40 GMT;Thu, 28 Mar 2019 22:51:32 GMT;;0,975;2_39_124_22_2019-03-28 19:36:40.433929;2;2-39-124-22;CA-312;,
Thu, 28 Mar 2019 19:43:04 GMT;Fri, 29 Mar 2019 02:30:44 GMT;Thu, 28 Mar 2019 21:48:10 GMT;6,586;2_39_92_436_2019-03-28 19:43:03.848809;2;2-39-92-436;CA-318;1124
Thu, 28 Mar 2019 20:40:39 GMT;Thu, 28 Mar 2019 22:43:37 GMT;;0,907;2_39_78_363_2019-03-28 20:40:39.439405;2;2-39-78-363;CA-320;,
Thu, 28 Mar 2019 20:45:43 GMT;Thu, 28 Mar 2019 22:04:45 GMT;Thu, 28 Mar 2019 22:04:39 GMT;4,305;2_39_91_441_2019-03-28 20:45:42.930497;2;2-39-91-441;CA-499;1135
Thu, 28 Mar 2019 20:58:24 GMT;Thu, 28 Mar 2019 23:32:56 GMT;Thu, 28 Mar 2019 23:22:10 GMT;0,873;2_39_88_438_2019-03-28 20:58:23.864088;2;2-39-88-438;CA-502;
Thu, 28 Mar 2019 20:59:28 GMT;Thu, 28 Mar 2019 21:07:07 GMT;Thu, 28 Mar 2019 21:06:58 GMT;0,51;2_39_78_361_2019-03-28 20:59:27.614248;2;2-39-78-361;CA-493;1470
Thu, 28 Mar 2019 21:15:06 GMT;Fri, 29 Mar 2019 00:59:55 GMT;Thu, 28 Mar 2019 21:54:29 GMT;2,061;2_39_95_444_2019-03-28 21:15:05.659316;2;2-39-95-444;CA-497;1524
Thu, 28 Mar 2019 21:24:30 GMT;Thu, 28 Mar 2019 23:31:35 GMT;Thu, 28 Mar 2019 23:30:16 GMT;0,905;2_39_78_361_2019-03-28 21:24:30.152095;2;2-39-78-361;CA-493;
Thu, 28 Mar 2019 23:36:33 GMT;Fri, 29 Mar 2019 04:07:37 GMT;;15,155;2_39_130_31_2019-03-28 23:36:33.259325;2;2-39-130-31;CA-306;838,
Thu, 28 Mar 2019 23:44:57 GMT;Fri, 29 Mar 2019 00:53:31 GMT;Fri, 29 Mar 2019 00:53:27 GMT;3,977;2_39_79_377_2019-03-28 23:44:57.290195;2;2-39-79-377;CA-325;515
Fri, 29 Mar 2019 00:17:34 GMT;Fri, 29 Mar 2019 01:14:11 GMT;Fri, 29 Mar 2019 00:48:10 GMT;0,844;2_39_124_22_2019-03-29 00:17:34.437344;2;2-39-124-22;CA-312;
Fri, 29 Mar 2019 01:28:42 GMT;Fri, 29 Mar 2019 02:36:13 GMT;Fri, 29 Mar 2019 02:36:04 GMT;3,723;2_39_139_28_2019-03-29 01:28:41.779204;2;2-39-139-28;CA-303;1164
Fri, 29 Mar 2019 02:39:36 GMT;Fri, 29 Mar 2019 13:49:08 GMT;Fri, 29 Mar 2019 04:26:08 GMT;11,454;2_39_123_23_2019-03-29 02:39:36.360277;2;2-39-123-23;CA-313;754
Fri, 29 Mar 2019 13:34:00 GMT;Fri, 29 Mar 2019 15:06:24 GMT;Fri, 29 Mar 2019 14:51:33 GMT;3,784;2_39_89_25_2019-03-29 13:34:00.027531;2;2-39-89-25;CA-315;743
Fri, 29 Mar 2019 13:41:31 GMT;Fri, 29 Mar 2019 19:08:36 GMT;Fri, 29 Mar 2019 17:15:41 GMT;17,826;2_39_88_24_2019-03-29 13:41:31.037770;2;2-39-88-24;CA-314;560
Fri, 29 Mar 2019 14:58:03 GMT;Fri, 29 Mar 2019 15:33:12 GMT;Fri, 29 Mar 2019 15:33:07 GMT;3,955;2_39_90_26_2019-03-29 14:58:03.335682;2;2-39-90-26;CA-316;1039
Fri, 29 Mar 2019 15:26:25 GMT;Sat, 30 Mar 2019 00:37:00 GMT;Fri, 29 Mar 2019 19:01:30 GMT;12,088;2_39_139_28_2019-03-29 15:26:25.309466;2;2-39-139-28;CA-303;559
Fri, 29 Mar 2019 15:26:30 GMT;Sat, 30 Mar 2019 02:20:27 GMT;Fri, 29 Mar 2019 17:15:08 GMT;10,495;2_39_79_380_2019-03-29 15:26:29.796244;2;2-39-79-380;CA-489;69
Fri, 29 Mar 2019 15:31:51 GMT;Fri, 29 Mar 2019 16:15:31 GMT;Fri, 29 Mar 2019 16:16:22 GMT;4,745;2_39_95_27_2019-03-29 15:31:50.751725;2;2-39-95-27;CA-319;1470
Fri, 29 Mar 2019 15:43:23 GMT;Sat, 30 Mar 2019 00:09:14 GMT;Fri, 29 Mar 2019 18:24:05 GMT;9,401;2_39_131_30_2019-03-29 15:43:22.522886;2;2-39-131-30;CA-305;620
Fri, 29 Mar 2019 15:46:01 GMT;Fri, 29 Mar 2019 19:29:24 GMT;Fri, 29 Mar 2019 17:11:39 GMT;4,472;2_39_125_21_2019-03-29 15:46:01.047987;2;2-39-125-21;CA-311;562
Fri, 29 Mar 2019 15:50:27 GMT;Sat, 30 Mar 2019 00:59:06 GMT;Fri, 29 Mar 2019 17:03:16 GMT;7,349;2_39_79_378_2019-03-29 15:50:26.559643;2;2-39-79-378;CA-326;714
Fri, 29 Mar 2019 16:00:02 GMT;Sun, 07 Apr 2019 14:19:21 GMT;Sun, 07 Apr 2019 00:00:59 GMT;13,198;2_39_91_437_2019-03-29 16:00:02.031826;2;2-39-91-437;CA-317;431
Fri, 29 Mar 2019 16:17:21 GMT;Sat, 30 Mar 2019 02:28:02 GMT;Fri, 29 Mar 2019 19:27:17 GMT;21,398;2_39_95_27_2019-03-29 16:17:21.278960;2;2-39-95-27;CA-319;1470
Fri, 29 Mar 2019 16:22:12 GMT;Fri, 29 Mar 2019 23:57:52 GMT;Fri, 29 Mar 2019 17:52:42 GMT;4,533;2_39_89_25_2019-03-29 16:22:11.590535;2;2-39-89-25;CA-315;743
Fri, 29 Mar 2019 16:29:42 GMT;Sat, 30 Mar 2019 00:58:19 GMT;Fri, 29 Mar 2019 18:41:35 GMT;14,316;2_39_91_441_2019-03-29 16:29:41.687433;2;2-39-91-441;CA-499;1957
Fri, 29 Mar 2019 16:34:49 GMT;Sat, 30 Mar 2019 02:13:49 GMT;Fri, 29 Mar 2019 21:08:33 GMT;15,468;2_39_79_377_2019-03-29 16:34:48.580420;2;2-39-79-377;CA-325;1272
Fri, 29 Mar 2019 16:48:44 GMT;Fri, 29 Mar 2019 19:44:13 GMT;Fri, 29 Mar 2019 19:00:13 GMT;0,848;2_39_139_567_2019-03-29 16:48:43.958086;2;2-39-139-567;CA-513;
Fri, 29 Mar 2019 16:53:05 GMT;Sat, 30 Mar 2019 00:08:31 GMT;Fri, 29 Mar 2019 20:12:54 GMT;6,324;2_39_78_366_2019-03-29 16:53:04.695616;2;2-39-78-366;CA-323;569
Fri, 29 Mar 2019 17:04:22 GMT;Sat, 30 Mar 2019 02:00:18 GMT;Fri, 29 Mar 2019 18:45:53 GMT;10,54;2_39_90_26_2019-03-29 17:04:21.873946;2;2-39-90-26;CA-316;558
Fri, 29 Mar 2019 17:16:09 GMT;Sat, 30 Mar 2019 01:07:07 GMT;Fri, 29 Mar 2019 18:59:38 GMT;10,225;2_39_79_379_2019-03-29 17:16:09.490684;2;2-39-79-379;CA-327;1095
Fri, 29 Mar 2019 17:33:12 GMT;Sat, 30 Mar 2019 00:39:23 GMT;Fri, 29 Mar 2019 18:16:59 GMT;1,857;2_39_124_22_2019-03-29 17:33:11.539499;2;2-39-124-22;CA-312;891
Fri, 29 Mar 2019 18:02:11 GMT;Sat, 30 Mar 2019 00:54:38 GMT;Sat, 30 Mar 2019 00:54:33 GMT;10,007;2_39_79_381_2019-03-29 18:02:10.966435;2;2-39-79-381;CA-490;
Fri, 29 Mar 2019 18:12:19 GMT;Fri, 29 Mar 2019 22:46:20 GMT;Fri, 29 Mar 2019 22:17:04 GMT;3,786;2_39_78_365_2019-03-29 18:12:19.029652;2;2-39-78-365;CA-321;1953
Fri, 29 Mar 2019 19:26:09 GMT;Sat, 30 Mar 2019 00:59:04 GMT;Fri, 29 Mar 2019 21:27:19 GMT;5,056;2_39_79_376_2019-03-29 19:26:09.029606;2;2-39-79-376;CA-324;1083
Fri, 29 Mar 2019 19:31:00 GMT;Fri, 29 Mar 2019 22:42:11 GMT;Fri, 29 Mar 2019 20:27:04 GMT;1,607;2_39_88_24_2019-03-29 19:30:59.668510;2;2-39-88-24;CA-314;560
Fri, 29 Mar 2019 20:30:27 GMT;Sat, 30 Mar 2019 01:35:44 GMT;Fri, 29 Mar 2019 22:41:56 GMT;0,987;2_39_129_17_2019-03-29 20:30:27.462699;2;2-39-129-17;CA-307;
Fri, 29 Mar 2019 20:34:45 GMT;Fri, 29 Mar 2019 21:56:07 GMT;Fri, 29 Mar 2019 21:56:03 GMT;4,267;2_39_125_21_2019-03-29 20:34:44.612436;2;2-39-125-21;CA-311;1236
Fri, 29 Mar 2019 20:39:29 GMT;Fri, 29 Mar 2019 23:58:25 GMT;Fri, 29 Mar 2019 23:45:05 GMT;0,901;2_39_78_361_2019-03-29 20:39:28.908647;2;2-39-78-361;CA-493;
Fri, 29 Mar 2019 20:42:43 GMT;Sat, 30 Mar 2019 01:34:19 GMT;Fri, 29 Mar 2019 21:16:04 GMT;1,654;2_39_123_23_2019-03-29 20:42:42.535267;2;2-39-123-23;CA-313;562
Fri, 29 Mar 2019 20:53:58 GMT;Fri, 29 Mar 2019 23:45:43 GMT;Fri, 29 Mar 2019 23:45:38 GMT;19,24;2_39_92_442_2019-03-29 20:53:57.717762;2;2-39-92-442;CA-498;818
Fri, 29 Mar 2019 22:01:48 GMT;Sat, 30 Mar 2019 02:50:47 GMT;Sat, 30 Mar 2019 01:19:29 GMT;11,042;2_39_79_383_2019-03-29 22:01:48.035346;2;2-39-79-383;CA-492;1135
Fri, 29 Mar 2019 22:37:22 GMT;Sat, 30 Mar 2019 07:30:21 GMT;Fri, 29 Mar 2019 23:42:24 GMT;2,177;2_39_92_436_2019-03-29 22:37:22.214247;2;2-39-92-436;CA-318;1082
Sat, 30 Mar 2019 00:12:54 GMT;Sat, 30 Mar 2019 01:20:05 GMT;Sat, 30 Mar 2019 00:44:05 GMT;0,901;2_39_78_361_2019-03-30 00:12:53.539748;2;2-39-78-361;CA-493;
Sat, 30 Mar 2019 00:14:53 GMT;Sat, 30 Mar 2019 15:04:34 GMT;Sat, 30 Mar 2019 04:51:50 GMT;15,534;2_39_131_30_2019-03-30 00:14:53.111617;2;2-39-131-30;CA-305;838
Sat, 30 Mar 2019 00:23:40 GMT;Sat, 30 Mar 2019 01:55:00 GMT;Sat, 30 Mar 2019 01:51:42 GMT;4,468;2_39_127_19_2019-03-30 00:23:39.965740;2;2-39-127-19;CA-309;1746
Sat, 30 Mar 2019 00:51:08 GMT;Sat, 30 Mar 2019 02:37:46 GMT;Sat, 30 Mar 2019 02:07:54 GMT;4,424;2_39_78_365_2019-03-30 00:51:08.016175;2;2-39-78-365;CA-321;1089
Sat, 30 Mar 2019 04:05:59 GMT;Sat, 30 Mar 2019 05:43:04 GMT;Sat, 30 Mar 2019 05:42:59 GMT;5,298;2_39_139_28_2019-03-30 04:05:59.166110;2;2-39-139-28;CA-303;1161
Sat, 30 Mar 2019 04:46:00 GMT;Sat, 30 Mar 2019 18:46:29 GMT;Sat, 30 Mar 2019 12:03:24 GMT;48,082;2_39_129_17_2019-03-30 04:46:00.032233;2;2-39-129-17;CA-307;489
Sat, 30 Mar 2019 15:04:48 GMT;Sat, 30 Mar 2019 17:46:46 GMT;Sat, 30 Mar 2019 17:17:16 GMT;7,515;2_39_139_28_2019-03-30 15:04:48.327204;2;2-39-139-28;CA-303;838
Sat, 30 Mar 2019 15:52:03 GMT;Sat, 30 Mar 2019 22:14:29 GMT;Sat, 30 Mar 2019 16:58:58 GMT;3,466;2_39_79_379_2019-03-30 15:52:03.067628;2;2-39-79-379;CA-327;1083
Sat, 30 Mar 2019 16:30:26 GMT;Sat, 30 Mar 2019 19:00:35 GMT;Sat, 30 Mar 2019 19:00:30 GMT;16,322;2_39_127_19_2019-03-30 16:30:26.032390;2;2-39-127-19;CA-309;1105
Sat, 30 Mar 2019 17:20:55 GMT;Sat, 30 Mar 2019 18:48:28 GMT;Sat, 30 Mar 2019 18:37:52 GMT;7,873;2_39_124_22_2019-03-30 17:20:54.512632;2;2-39-124-22;CA-312;1133
Sat, 30 Mar 2019 17:34:22 GMT;Sun, 31 Mar 2019 23:53:43 GMT;Sat, 30 Mar 2019 19:39:13 GMT;13,277;2_39_89_25_2019-03-30 17:34:21.919166;2;2-39-89-25;CA-315;754
Sat, 30 Mar 2019 17:51:20 GMT;Sat, 30 Mar 2019 21:04:46 GMT;Sat, 30 Mar 2019 20:28:30 GMT;16,675;2_39_125_21_2019-03-30 17:51:20.201213;2;2-39-125-21;CA-311;291
Sat, 30 Mar 2019 19:57:39 GMT;Mon, 01 Apr 2019 02:39:44 GMT;Sun, 31 Mar 2019 01:54:56 GMT;38,284;2_39_95_27_2019-03-30 19:57:38.670354;2;2-39-95-27;CA-319;292
Sat, 30 Mar 2019 20:16:33 GMT;Sat, 30 Mar 2019 22:02:36 GMT;;5,346;2_39_131_30_2019-03-30 20:16:33.162954;2;2-39-131-30;CA-305;1236,
Sat, 30 Mar 2019 22:54:58 GMT;Sun, 31 Mar 2019 00:58:03 GMT;Sun, 31 Mar 2019 00:07:36 GMT;3,684;2_39_125_21_2019-03-30 22:54:58.118978;2;2-39-125-21;CA-311;1746
